Episode,Agent 3
1.0,10.4
2.0,8.2
3.0,8.6
4.0,6.2
5.0,14.4
6.0,6.6
7.0,12.6
8.0,9.4
9.0,11.8
10.0,11.2
11.0,6.6
12.0,6.2
13.0,9.2
14.0,5.6
15.0,9.2
16.0,6.8
17.0,5.6
18.0,7.0
19.0,5.2
20.0,6.8
21.0,5.6
22.0,5.4
23.0,6.4
24.0,8.4
25.0,8.2
26.0,7.0
27.0,8.8
28.0,6.8
29.0,13.2
30.0,8.4
31.0,9.0
32.0,8.6
33.0,12.0
34.0,6.6
35.0,13.8
36.0,7.8
37.0,8.0
38.0,6.8
39.0,7.2
40.0,16.6
41.0,9.2
42.0,5.0
43.0,12.0
44.0,8.8
45.0,7.2
46.0,9.2
47.0,9.0
48.0,8.6
49.0,8.4
50.0,7.6
51.0,8.8
52.0,7.4
53.0,10.4
54.0,7.8
55.0,5.8
56.0,9.8
57.0,11.0
58.0,15.4
59.0,10.4
60.0,8.8
61.0,7.0
62.0,8.6
63.0,8.6
64.0,11.4
65.0,11.6
66.0,7.6
67.0,11.8
68.0,6.2
69.0,13.2
70.0,8.2
71.0,8.2
72.0,7.2
73.0,9.4
74.0,6.0
75.0,10.6
76.0,12.0
77.0,10.6
78.0,6.8
79.0,6.4
80.0,9.6
81.0,14.4
82.0,9.8
83.0,8.6
84.0,10.0
85.0,9.4
86.0,9.6
87.0,9.2
88.0,12.2
89.0,13.0
90.0,11.6
91.0,9.2
92.0,14.8
93.0,10.8
94.0,8.2
95.0,11.0
96.0,4.6
97.0,7.2
98.0,10.0
99.0,12.0
100.0,10.6
101.0,13.6
102.0,9.8
103.0,7.4
104.0,9.2
105.0,7.4
106.0,7.8
107.0,8.0
108.0,7.2
109.0,8.2
110.0,10.2
111.0,13.6
112.0,6.6
113.0,7.4
114.0,14.0
115.0,6.6
116.0,10.0
117.0,8.6
118.0,7.4
119.0,17.6
120.0,10.8
121.0,6.8
122.0,5.8
123.0,9.4
124.0,6.6
125.0,8.8
126.0,11.8
127.0,12.0
128.0,16.0
129.0,10.8
130.0,8.6
131.0,10.2
132.0,6.2
133.0,10.8
134.0,12.0
135.0,8.2
136.0,9.2
137.0,10.4
138.0,10.6
139.0,8.8
140.0,10.2
141.0,10.2
142.0,11.8
143.0,8.2
144.0,7.6
145.0,11.8
146.0,12.8
147.0,11.4
148.0,15.8
149.0,7.0
150.0,13.0
151.0,10.4
152.0,9.0
153.0,8.4
154.0,13.8
155.0,19.0
156.0,9.6
157.0,8.2
158.0,10.6
159.0,10.0
160.0,14.4
161.0,10.4
162.0,8.8
163.0,11.8
164.0,9.0
165.0,7.8
166.0,9.8
167.0,8.6
168.0,15.8
169.0,13.8
170.0,14.0
171.0,8.4
172.0,6.2
173.0,11.0
174.0,12.4
175.0,12.0
176.0,16.8
177.0,12.6
178.0,9.6
179.0,11.4
180.0,12.4
181.0,6.8
182.0,17.8
183.0,10.4
184.0,10.4
185.0,15.0
186.0,10.6
187.0,10.2
188.0,8.6
189.0,14.8
190.0,11.0
191.0,15.6
192.0,9.2
193.0,5.4
194.0,14.6
195.0,10.0
196.0,9.4
197.0,10.4
198.0,8.8
199.0,10.6
200.0,7.4
201.0,9.0
202.0,8.0
203.0,9.6
204.0,10.6
205.0,14.4
206.0,12.0
207.0,10.0
208.0,11.0
209.0,15.0
210.0,11.2
211.0,13.6
212.0,12.4
213.0,15.2
214.0,10.8
215.0,11.8
216.0,6.2
217.0,21.0
218.0,11.4
219.0,11.0
220.0,12.6
221.0,14.0
222.0,9.2
223.0,9.6
224.0,7.6
225.0,9.8
226.0,14.0
227.0,10.2
228.0,14.2
229.0,9.8
230.0,10.2
231.0,4.6
232.0,9.0
233.0,18.2
234.0,8.6
235.0,11.2
236.0,12.2
237.0,12.2
238.0,12.4
239.0,13.2
240.0,12.8
241.0,10.2
242.0,11.0
243.0,12.6
244.0,15.4
245.0,7.4
246.0,6.8
247.0,7.4
248.0,15.0
249.0,12.4
250.0,20.8
251.0,11.6
252.0,14.8
253.0,12.2
254.0,11.2
255.0,13.6
256.0,9.0
257.0,11.0
258.0,16.0
259.0,15.0
260.0,12.0
261.0,11.6
262.0,14.8
263.0,10.4
264.0,22.0
265.0,12.0
266.0,10.0
267.0,9.2
268.0,10.6
269.0,13.2
270.0,11.2
271.0,14.4
272.0,18.2
273.0,13.6
274.0,12.0
275.0,14.4
276.0,13.6
277.0,13.0
278.0,13.8
279.0,11.0
280.0,10.4
281.0,13.2
282.0,12.6
283.0,16.6
284.0,20.0
285.0,11.2
286.0,16.6
287.0,16.4
288.0,15.0
289.0,10.8
290.0,12.4
291.0,15.4
292.0,14.4
293.0,20.2
294.0,15.4
295.0,12.0
296.0,16.2
297.0,20.4
298.0,17.0
299.0,16.6
300.0,9.8
301.0,12.4
302.0,10.6
303.0,14.2
304.0,11.0
305.0,14.2
306.0,18.4
307.0,7.2
308.0,15.2
309.0,11.4
310.0,13.4
311.0,9.8
312.0,8.6
313.0,15.0
314.0,15.4
315.0,11.8
316.0,19.0
317.0,12.2
318.0,8.6
319.0,19.2
320.0,12.6
321.0,17.6
322.0,12.0
323.0,9.4
324.0,13.4
325.0,21.6
326.0,11.0
327.0,18.8
328.0,18.4
329.0,11.6
330.0,12.2
331.0,11.2
332.0,11.6
333.0,16.6
334.0,13.4
335.0,18.8
336.0,17.4
337.0,15.8
338.0,16.4
339.0,18.6
340.0,18.4
341.0,10.4
342.0,14.4
343.0,20.4
344.0,22.0
345.0,17.0
346.0,9.4
347.0,10.4
348.0,18.4
349.0,21.6
350.0,29.0
351.0,25.6
352.0,10.4
353.0,9.6
354.0,19.8
355.0,21.8
356.0,24.0
357.0,11.0
358.0,15.2
359.0,8.0
360.0,9.4
361.0,19.2
362.0,14.6
363.0,21.0
364.0,19.0
365.0,31.6
366.0,12.8
367.0,11.8
368.0,27.2
369.0,14.6
370.0,19.6
371.0,13.2
372.0,14.2
373.0,23.2
374.0,15.8
375.0,13.4
376.0,15.8
377.0,20.2
378.0,15.8
379.0,17.2
380.0,13.8
381.0,16.6
382.0,13.0
383.0,19.0
384.0,19.6
385.0,15.8
386.0,14.0
387.0,17.2
388.0,17.0
389.0,16.4
390.0,14.6
391.0,22.2
392.0,16.6
393.0,19.4
394.0,16.6
395.0,20.6
396.0,20.8
397.0,12.4
398.0,15.8
399.0,21.4
400.0,15.4
401.0,16.8
402.0,16.2
403.0,15.4
404.0,15.0
405.0,13.8
406.0,11.6
407.0,17.2
408.0,10.8
409.0,14.8
410.0,13.8
411.0,15.6
412.0,12.2
413.0,13.0
414.0,12.6
415.0,17.8
416.0,17.0
417.0,17.0
418.0,14.8
419.0,11.2
420.0,21.8
421.0,14.8
422.0,14.6
423.0,14.2
424.0,11.6
425.0,14.0
426.0,20.4
427.0,15.4
428.0,27.8
429.0,16.6
430.0,15.2
431.0,21.2
432.0,12.6
433.0,18.4
434.0,13.2
435.0,16.0
436.0,17.2
437.0,18.0
438.0,24.4
439.0,20.4
440.0,16.8
441.0,22.4
442.0,23.2
443.0,24.6
444.0,16.0
445.0,16.8
446.0,25.2
447.0,22.8
448.0,14.8
449.0,17.2
450.0,19.6
451.0,26.0
452.0,10.0
453.0,16.4
454.0,20.6
455.0,23.4
456.0,16.0
457.0,13.0
458.0,25.4
459.0,13.6
460.0,26.0
461.0,18.2
462.0,13.6
463.0,19.4
464.0,21.8
465.0,21.2
466.0,13.8
467.0,20.6
468.0,30.2
469.0,14.6
470.0,24.0
471.0,14.4
472.0,20.4
473.0,15.8
474.0,23.8
475.0,13.8
476.0,17.8
477.0,20.4
478.0,18.8
479.0,19.2
480.0,28.8
481.0,18.4
482.0,18.6
483.0,14.4
484.0,17.8
485.0,16.8
486.0,18.8
487.0,28.4
488.0,20.6
489.0,22.8
490.0,23.6
491.0,21.4
492.0,38.0
493.0,19.8
494.0,13.2
495.0,16.8
496.0,20.4
497.0,29.8
498.0,25.4
499.0,26.4
500.0,26.6
501.0,24.0
502.0,21.6
503.0,20.0
504.0,22.6
505.0,19.2
506.0,18.4
507.0,16.6
508.0,27.2
509.0,31.0
510.0,26.8
511.0,17.2
512.0,25.0
513.0,17.4
514.0,28.2
515.0,24.6
516.0,23.0
517.0,23.8
518.0,18.6
519.0,21.2
520.0,20.8
521.0,19.2
522.0,18.0
523.0,19.4
524.0,19.6
525.0,19.8
526.0,23.4
527.0,22.6
528.0,14.8
529.0,21.8
530.0,31.8
531.0,20.6
532.0,22.4
533.0,16.6
534.0,17.4
535.0,12.6
536.0,18.0
537.0,23.6
538.0,19.2
539.0,21.6
540.0,19.4
541.0,27.2
542.0,17.8
543.0,25.8
544.0,25.4
545.0,19.2
546.0,15.6
547.0,25.4
548.0,20.0
549.0,23.4
550.0,25.0
551.0,15.6
552.0,20.2
553.0,18.6
554.0,26.6
555.0,16.0
556.0,24.0
557.0,22.4
558.0,20.0
559.0,20.4
560.0,26.2
561.0,34.2
562.0,15.6
563.0,24.0
564.0,25.8
565.0,39.4
566.0,20.0
567.0,24.8
568.0,14.0
569.0,24.6
570.0,26.6
571.0,27.8
572.0,26.0
573.0,24.2
574.0,22.6
575.0,23.4
576.0,24.2
577.0,34.8
578.0,19.0
579.0,26.2
580.0,17.6
581.0,16.0
582.0,22.4
583.0,26.6
584.0,27.8
585.0,29.6
586.0,26.8
587.0,31.2
588.0,22.2
589.0,25.8
590.0,31.0
591.0,19.4
592.0,21.6
593.0,20.0
594.0,28.4
595.0,12.0
596.0,23.8
597.0,23.4
598.0,28.0
599.0,24.4
600.0,21.4
601.0,24.6
602.0,26.4
603.0,26.0
604.0,18.0
605.0,27.2
606.0,21.0
607.0,21.4
608.0,28.8
609.0,27.0
610.0,34.0
611.0,27.0
612.0,19.6
613.0,41.2
614.0,25.2
615.0,29.4
616.0,30.2
617.0,31.2
618.0,30.4
619.0,27.4
620.0,27.4
621.0,28.2
622.0,25.4
623.0,25.6
624.0,31.2
625.0,33.0
626.0,32.4
627.0,20.8
628.0,27.8
629.0,21.8
630.0,17.8
631.0,26.2
632.0,21.4
633.0,30.8
634.0,30.4
635.0,30.2
636.0,40.2
637.0,28.0
638.0,30.6
639.0,27.2
640.0,20.2
641.0,24.2
642.0,45.6
643.0,23.8
644.0,25.4
645.0,22.2
646.0,25.6
647.0,25.0
648.0,27.0
649.0,37.2
650.0,24.6
651.0,30.0
652.0,30.4
653.0,30.8
654.0,40.4
655.0,25.4
656.0,31.2
657.0,28.0
658.0,31.4
659.0,25.0
660.0,44.0
661.0,34.4
662.0,31.6
663.0,34.0
664.0,31.2
665.0,25.4
666.0,22.0
667.0,31.0
668.0,31.6
669.0,31.2
670.0,26.0
671.0,40.8
672.0,35.4
673.0,24.2
674.0,31.0
675.0,20.0
676.0,34.6
677.0,34.0
678.0,21.6
679.0,35.6
680.0,24.0
681.0,29.2
682.0,42.2
683.0,41.0
684.0,22.8
685.0,32.4
686.0,34.8
687.0,35.4
688.0,22.6
689.0,25.8
690.0,23.6
691.0,34.8
692.0,28.8
693.0,22.0
694.0,41.0
695.0,31.6
696.0,33.6
697.0,40.2
698.0,32.6
699.0,39.8
700.0,34.0
701.0,27.2
702.0,32.2
703.0,17.8
704.0,36.8
705.0,34.4
706.0,23.2
707.0,40.8
708.0,34.8
709.0,29.6
710.0,27.0
711.0,24.0
712.0,22.2
713.0,34.2
714.0,32.0
715.0,25.0
716.0,23.8
717.0,26.2
718.0,26.8
719.0,16.2
720.0,26.8
721.0,26.0
722.0,29.4
723.0,34.4
724.0,36.0
725.0,33.0
726.0,33.2
727.0,32.6
728.0,22.2
729.0,17.2
730.0,23.2
731.0,31.8
732.0,24.0
733.0,38.2
734.0,22.4
735.0,25.2
736.0,38.0
737.0,22.6
738.0,31.6
739.0,29.4
740.0,32.8
741.0,30.4
742.0,23.4
743.0,24.4
744.0,33.6
745.0,40.8
746.0,24.4
747.0,32.8
748.0,36.6
749.0,35.8
750.0,35.6
751.0,49.0
752.0,23.0
753.0,29.4
754.0,41.0
755.0,27.6
756.0,23.6
757.0,32.0
758.0,33.8
759.0,50.8
760.0,38.0
761.0,33.6
762.0,33.8
763.0,35.8
764.0,30.8
765.0,34.0
766.0,47.6
767.0,55.8
768.0,35.2
769.0,33.2
770.0,44.4
771.0,40.4
772.0,31.2
773.0,39.4
774.0,43.0
775.0,38.4
776.0,50.2
777.0,45.0
778.0,30.0
779.0,29.8
780.0,37.6
781.0,33.2
782.0,52.6
783.0,39.8
784.0,30.0
785.0,46.0
786.0,29.2
787.0,45.2
788.0,41.4
789.0,39.8
790.0,20.2
791.0,37.2
792.0,63.2
793.0,40.4
794.0,39.4
795.0,50.6
796.0,52.6
797.0,43.4
798.0,45.4
799.0,37.2
800.0,35.4
801.0,47.4
802.0,39.2
803.0,51.8
804.0,38.6
805.0,46.8
806.0,49.4
807.0,51.4
808.0,27.4
809.0,44.6
810.0,46.6
811.0,30.4
812.0,33.0
813.0,32.2
814.0,28.6
815.0,52.4
816.0,37.0
817.0,40.2
818.0,41.4
819.0,43.0
820.0,26.0
821.0,51.0
822.0,39.2
823.0,40.6
824.0,27.4
825.0,45.2
826.0,33.6
827.0,40.4
828.0,58.2
829.0,30.6
830.0,50.2
831.0,50.6
832.0,40.0
833.0,37.4
834.0,52.8
835.0,39.4
836.0,62.0
837.0,33.2
838.0,42.6
839.0,49.8
840.0,35.4
841.0,54.6
842.0,39.8
843.0,46.8
844.0,31.2
845.0,42.0
846.0,43.2
847.0,37.8
848.0,59.4
849.0,49.0
850.0,44.0
851.0,41.4
852.0,41.2
853.0,42.8
854.0,34.0
855.0,39.4
856.0,46.0
857.0,36.8
858.0,49.0
859.0,40.6
860.0,41.4
861.0,66.2
862.0,34.4
863.0,30.8
864.0,52.4
865.0,46.4
866.0,52.4
867.0,70.2
868.0,39.2
869.0,42.4
870.0,32.0
871.0,43.4
872.0,31.2
873.0,54.6
874.0,55.0
875.0,35.2
876.0,51.0
877.0,51.4
878.0,37.0
879.0,42.6
880.0,27.8
881.0,42.6
882.0,39.8
883.0,58.0
884.0,47.8
885.0,51.4
886.0,52.2
887.0,35.6
888.0,44.4
889.0,40.6
890.0,40.2
891.0,31.0
892.0,48.0
893.0,45.8
894.0,59.6
895.0,56.4
896.0,50.8
897.0,45.6
898.0,59.8
899.0,38.6
900.0,39.2
901.0,39.2
902.0,54.0
903.0,37.4
904.0,58.6
905.0,40.4
906.0,57.2
907.0,42.6
908.0,38.8
909.0,50.8
910.0,58.6
911.0,45.8
912.0,33.8
913.0,70.6
914.0,64.6
915.0,48.6
916.0,44.0
917.0,65.4
918.0,55.4
919.0,36.2
920.0,35.8
921.0,40.2
922.0,40.0
923.0,66.4
924.0,49.2
925.0,51.6
926.0,66.0
927.0,59.2
928.0,49.0
929.0,47.4
930.0,34.0
931.0,52.8
932.0,74.4
933.0,58.6
934.0,52.8
935.0,34.2
936.0,31.8
937.0,53.2
938.0,36.4
939.0,59.0
940.0,48.8
941.0,60.6
942.0,43.8
943.0,54.2
944.0,52.0
945.0,69.0
946.0,40.2
947.0,48.2
948.0,48.0
949.0,69.2
950.0,57.2
951.0,46.8
952.0,61.0
953.0,77.4
954.0,38.2
955.0,68.6
956.0,65.2
957.0,62.2
958.0,47.2
959.0,65.8
960.0,32.2
961.0,44.0
962.0,50.4
963.0,49.4
964.0,52.4
965.0,68.0
966.0,60.0
967.0,71.8
968.0,52.4
969.0,60.8
970.0,60.2
971.0,46.4
972.0,60.6
973.0,48.0
974.0,49.2
975.0,46.8
976.0,47.4
977.0,59.4
978.0,69.4
979.0,44.8
980.0,35.2
981.0,58.4
982.0,44.6
983.0,31.4
984.0,59.6
985.0,63.0
986.0,65.2
987.0,53.6
988.0,51.6
989.0,49.4
990.0,56.8
991.0,43.0
992.0,47.0
993.0,56.6
994.0,47.8
995.0,44.8
996.0,61.4
997.0,42.8
998.0,48.8
999.0,44.0
1000.0,55.2
1001.0,39.6
1002.0,51.4
1003.0,63.2
1004.0,68.4
1005.0,50.2
1006.0,46.6
1007.0,59.4
1008.0,51.4
1009.0,55.2
1010.0,64.2
1011.0,42.8
1012.0,55.0
1013.0,44.2
1014.0,69.8
1015.0,90.0
1016.0,41.6
1017.0,40.2
1018.0,55.8
1019.0,75.8
1020.0,50.2
1021.0,94.2
1022.0,55.0
1023.0,57.8
1024.0,55.4
1025.0,49.4
1026.0,52.6
1027.0,57.4
1028.0,57.6
1029.0,54.2
1030.0,50.6
1031.0,72.0
1032.0,62.4
1033.0,61.2
1034.0,59.0
1035.0,76.2
1036.0,46.4
1037.0,48.4
1038.0,81.2
1039.0,76.4
1040.0,48.0
1041.0,73.4
1042.0,55.4
1043.0,69.2
1044.0,69.8
1045.0,46.0
1046.0,51.8
1047.0,84.0
1048.0,73.2
1049.0,54.4
1050.0,58.8
1051.0,63.2
1052.0,56.2
1053.0,59.4
1054.0,42.8
1055.0,66.4
1056.0,46.6
1057.0,61.6
1058.0,38.8
1059.0,55.2
1060.0,55.8
1061.0,48.2
1062.0,55.8
1063.0,50.8
1064.0,55.4
1065.0,65.4
1066.0,47.6
1067.0,55.2
1068.0,65.6
1069.0,63.2
1070.0,50.8
1071.0,53.0
1072.0,57.4
1073.0,79.4
1074.0,65.8
1075.0,86.4
1076.0,62.6
1077.0,70.8
1078.0,64.2
1079.0,76.8
1080.0,60.0
1081.0,73.2
1082.0,52.6
1083.0,83.0
1084.0,43.0
1085.0,78.6
1086.0,71.2
1087.0,62.4
1088.0,49.6
1089.0,74.4
1090.0,62.4
1091.0,47.8
1092.0,64.0
1093.0,115.0
1094.0,41.2
1095.0,59.6
1096.0,63.8
1097.0,49.0
1098.0,61.2
1099.0,98.4
1100.0,58.4
1101.0,54.8
1102.0,72.8
1103.0,62.2
1104.0,59.8
1105.0,55.0
1106.0,89.6
1107.0,59.0
1108.0,69.8
1109.0,61.6
1110.0,58.4
1111.0,69.8
1112.0,62.0
1113.0,60.4
1114.0,44.6
1115.0,73.4
1116.0,51.0
1117.0,59.8
1118.0,69.0
1119.0,75.2
1120.0,54.8
1121.0,64.2
1122.0,79.0
1123.0,85.8
1124.0,54.0
1125.0,86.2
1126.0,60.2
1127.0,78.6
1128.0,59.2
1129.0,67.8
1130.0,53.6
1131.0,54.2
1132.0,60.0
1133.0,65.8
1134.0,110.2
1135.0,77.6
1136.0,69.4
1137.0,64.2
1138.0,92.8
1139.0,59.2
1140.0,70.8
1141.0,51.0
1142.0,58.6
1143.0,61.6
1144.0,68.2
1145.0,69.6
1146.0,50.2
1147.0,55.0
1148.0,78.0
1149.0,62.6
1150.0,67.8
1151.0,82.2
1152.0,49.4
1153.0,57.8
1154.0,68.2
1155.0,56.4
1156.0,73.2
1157.0,73.0
1158.0,83.2
1159.0,96.2
1160.0,66.6
1161.0,49.4
1162.0,60.6
1163.0,72.6
1164.0,58.2
1165.0,73.0
1166.0,73.2
1167.0,62.2
1168.0,83.0
1169.0,63.4
1170.0,73.2
1171.0,59.6
1172.0,65.4
1173.0,67.4
1174.0,81.8
1175.0,37.6
1176.0,63.4
1177.0,100.8
1178.0,71.6
1179.0,75.4
1180.0,75.4
1181.0,51.8
1182.0,71.2
1183.0,54.4
1184.0,87.8
1185.0,68.4
1186.0,94.2
1187.0,78.4
1188.0,73.6
1189.0,64.8
1190.0,68.4
1191.0,63.2
1192.0,83.8
1193.0,67.8
1194.0,50.8
1195.0,66.6
1196.0,77.0
1197.0,91.0
1198.0,70.2
1199.0,70.8
1200.0,59.6
1201.0,52.6
1202.0,58.2
1203.0,73.2
1204.0,80.8
1205.0,74.4
1206.0,56.4
1207.0,89.6
1208.0,55.2
1209.0,63.2
1210.0,79.8
1211.0,77.4
1212.0,89.0
1213.0,59.0
1214.0,61.0
1215.0,98.8
1216.0,68.0
1217.0,72.4
1218.0,88.6
1219.0,54.2
1220.0,83.6
1221.0,74.8
1222.0,65.8
1223.0,73.8
1224.0,69.6
1225.0,84.8
1226.0,70.0
1227.0,78.6
1228.0,95.0
1229.0,79.4
1230.0,67.8
1231.0,53.2
1232.0,67.0
1233.0,92.6
1234.0,63.4
1235.0,71.8
1236.0,58.6
1237.0,77.6
1238.0,66.4
1239.0,72.6
1240.0,79.2
1241.0,76.0
1242.0,50.2
1243.0,71.6
1244.0,79.2
1245.0,64.0
1246.0,102.0
1247.0,84.8
1248.0,65.4
1249.0,91.4
1250.0,71.8
1251.0,96.4
1252.0,70.4
1253.0,92.6
1254.0,66.6
1255.0,67.0
1256.0,71.4
1257.0,66.6
1258.0,70.6
1259.0,75.2
1260.0,98.6
1261.0,77.2
1262.0,78.8
1263.0,76.2
1264.0,58.0
1265.0,81.4
1266.0,64.4
1267.0,77.6
1268.0,85.6
1269.0,75.4
1270.0,80.2
1271.0,79.0
1272.0,83.2
1273.0,72.8
1274.0,68.4
1275.0,78.8
1276.0,73.6
1277.0,60.0
1278.0,74.2
1279.0,42.2
1280.0,80.4
1281.0,77.0
1282.0,93.8
1283.0,79.4
1284.0,81.4
1285.0,68.6
1286.0,94.6
1287.0,81.2
1288.0,65.0
1289.0,90.8
1290.0,85.2
1291.0,67.0
1292.0,97.8
1293.0,71.2
1294.0,84.0
1295.0,86.0
1296.0,66.2
1297.0,49.4
1298.0,100.2
1299.0,80.6
1300.0,75.2
1301.0,85.2
1302.0,63.4
1303.0,87.0
1304.0,50.4
1305.0,80.0
1306.0,82.2
1307.0,106.4
1308.0,89.2
1309.0,97.0
1310.0,65.6
1311.0,82.4
1312.0,115.4
1313.0,81.2
1314.0,113.0
1315.0,71.8
1316.0,85.8
1317.0,71.2
1318.0,79.0
1319.0,82.2
1320.0,81.4
1321.0,77.8
1322.0,78.4
1323.0,58.8
1324.0,114.0
1325.0,91.4
1326.0,104.4
1327.0,73.8
1328.0,92.2
1329.0,68.0
1330.0,55.4
1331.0,89.0
1332.0,114.4
1333.0,71.4
1334.0,94.6
1335.0,90.8
1336.0,67.2
1337.0,88.6
1338.0,80.4
1339.0,99.8
1340.0,60.4
1341.0,82.0
1342.0,90.6
1343.0,62.8
1344.0,86.0
1345.0,63.2
1346.0,69.6
1347.0,84.8
1348.0,92.2
1349.0,91.8
1350.0,92.4
1351.0,80.0
1352.0,105.0
1353.0,98.4
1354.0,76.6
1355.0,68.4
1356.0,88.0
1357.0,79.8
1358.0,86.0
1359.0,90.0
1360.0,122.4
1361.0,107.8
1362.0,72.6
1363.0,74.8
1364.0,97.2
1365.0,74.0
1366.0,74.8
1367.0,85.2
1368.0,79.4
1369.0,105.8
1370.0,75.0
1371.0,75.4
1372.0,72.8
1373.0,98.0
1374.0,72.2
1375.0,68.4
1376.0,86.0
1377.0,85.4
1378.0,99.2
1379.0,70.6
1380.0,73.4
1381.0,66.0
1382.0,83.6
1383.0,82.2
1384.0,90.4
1385.0,86.6
1386.0,99.4
1387.0,112.2
1388.0,67.0
1389.0,82.2
1390.0,61.2
1391.0,97.4
1392.0,105.4
1393.0,101.6
1394.0,76.2
1395.0,74.8
1396.0,97.8
1397.0,106.6
1398.0,88.4
1399.0,63.8
1400.0,98.4
1401.0,76.6
1402.0,77.2
1403.0,100.4
1404.0,107.8
1405.0,76.8
1406.0,73.2
1407.0,92.8
1408.0,104.4
1409.0,84.6
1410.0,106.8
1411.0,87.2
1412.0,70.0
1413.0,129.2
1414.0,72.2
1415.0,68.8
1416.0,104.6
1417.0,93.0
1418.0,112.2
1419.0,124.2
1420.0,82.6
1421.0,62.2
1422.0,105.8
1423.0,96.4
1424.0,83.4
1425.0,87.2
1426.0,113.2
1427.0,93.0
1428.0,93.2
1429.0,107.8
1430.0,108.8
1431.0,59.4
1432.0,114.0
1433.0,88.4
1434.0,80.2
1435.0,117.2
1436.0,109.6
1437.0,89.2
1438.0,129.2
1439.0,89.0
1440.0,89.0
1441.0,115.0
1442.0,97.6
1443.0,116.0
1444.0,93.8
1445.0,138.8
1446.0,96.8
1447.0,94.4
1448.0,101.4
1449.0,94.2
1450.0,132.6
1451.0,126.8
1452.0,67.2
1453.0,83.0
1454.0,71.4
1455.0,111.8
1456.0,92.0
1457.0,88.6
1458.0,86.0
1459.0,107.2
1460.0,85.2
1461.0,98.6
1462.0,108.6
1463.0,114.4
1464.0,77.0
1465.0,99.4
1466.0,97.2
1467.0,97.8
1468.0,68.8
1469.0,80.6
1470.0,83.2
1471.0,73.0
1472.0,82.8
1473.0,81.6
1474.0,74.6
1475.0,85.6
1476.0,75.0
1477.0,91.0
1478.0,70.8
1479.0,123.2
1480.0,115.6
1481.0,76.6
1482.0,90.2
1483.0,90.0
1484.0,113.0
1485.0,109.2
1486.0,80.6
1487.0,126.6
1488.0,94.6
1489.0,104.2
1490.0,121.6
1491.0,96.0
1492.0,84.8
1493.0,97.8
1494.0,90.2
1495.0,118.0
1496.0,98.2
1497.0,80.8
1498.0,125.4
1499.0,150.8
1500.0,103.0
1501.0,90.0
1502.0,88.8
1503.0,84.0
1504.0,100.6
1505.0,103.2
1506.0,84.0
1507.0,88.6
1508.0,86.4
1509.0,108.6
1510.0,125.0
1511.0,103.4
1512.0,91.0
1513.0,109.2
1514.0,163.0
1515.0,145.2
1516.0,79.8
1517.0,108.2
1518.0,82.6
1519.0,114.2
1520.0,64.4
1521.0,141.4
1522.0,101.0
1523.0,127.0
1524.0,109.0
1525.0,110.0
1526.0,107.0
1527.0,144.2
1528.0,94.6
1529.0,108.8
1530.0,105.2
1531.0,99.6
1532.0,80.0
1533.0,141.4
1534.0,103.2
1535.0,111.6
1536.0,104.8
1537.0,104.6
1538.0,106.4
1539.0,91.4
1540.0,80.2
1541.0,91.0
1542.0,82.2
1543.0,82.8
1544.0,91.2
1545.0,111.6
1546.0,119.2
1547.0,117.8
1548.0,85.4
1549.0,86.8
1550.0,111.6
1551.0,86.4
1552.0,109.4
1553.0,97.2
1554.0,116.0
1555.0,79.6
1556.0,132.0
1557.0,83.4
1558.0,122.4
1559.0,82.2
1560.0,109.4
1561.0,122.4
1562.0,106.8
1563.0,122.6
1564.0,76.8
1565.0,119.6
1566.0,99.2
1567.0,84.0
1568.0,101.2
1569.0,104.6
1570.0,109.0
1571.0,90.6
1572.0,136.4
1573.0,131.2
1574.0,94.6
1575.0,105.8
1576.0,96.8
1577.0,117.2
1578.0,76.4
1579.0,103.4
1580.0,116.6
1581.0,102.8
1582.0,105.2
1583.0,117.0
1584.0,110.6
1585.0,119.6
1586.0,95.2
1587.0,101.8
1588.0,68.6
1589.0,98.8
1590.0,100.4
1591.0,94.4
1592.0,107.0
1593.0,93.8
1594.0,81.6
1595.0,107.4
1596.0,103.6
1597.0,104.6
1598.0,98.0
1599.0,108.0
1600.0,142.2
1601.0,167.4
1602.0,77.2
1603.0,122.6
1604.0,116.8
1605.0,108.2
1606.0,96.6
1607.0,133.8
1608.0,108.0
1609.0,89.4
1610.0,119.0
1611.0,112.2
1612.0,89.6
1613.0,84.8
1614.0,112.6
1615.0,162.4
1616.0,112.2
1617.0,88.0
1618.0,108.6
1619.0,126.8
1620.0,121.0
1621.0,101.2
1622.0,105.4
1623.0,121.6
1624.0,88.4
1625.0,93.4
1626.0,110.0
1627.0,101.0
1628.0,100.8
1629.0,123.0
1630.0,104.6
1631.0,100.6
1632.0,99.0
1633.0,100.6
1634.0,159.8
1635.0,133.8
1636.0,102.2
1637.0,87.8
1638.0,145.6
1639.0,96.2
1640.0,120.6
1641.0,136.6
1642.0,160.0
1643.0,105.4
1644.0,129.8
1645.0,118.4
1646.0,126.6
1647.0,146.6
1648.0,95.6
1649.0,133.8
1650.0,131.6
1651.0,123.8
1652.0,118.6
1653.0,98.8
1654.0,151.0
1655.0,117.0
1656.0,126.8
1657.0,125.2
1658.0,100.0
1659.0,100.4
1660.0,113.0
1661.0,91.0
1662.0,109.6
1663.0,95.8
1664.0,118.6
1665.0,131.2
1666.0,96.8
1667.0,131.6
1668.0,122.4
1669.0,101.4
1670.0,96.2
1671.0,121.8
1672.0,149.2
1673.0,104.4
1674.0,114.6
1675.0,93.2
1676.0,104.6
1677.0,140.2
1678.0,91.0
1679.0,112.6
1680.0,92.6
1681.0,111.0
1682.0,127.6
1683.0,118.4
1684.0,134.2
1685.0,121.2
1686.0,101.2
1687.0,131.0
1688.0,111.6
1689.0,105.6
1690.0,123.4
1691.0,106.6
1692.0,120.2
1693.0,107.8
1694.0,84.0
1695.0,109.4
1696.0,159.2
1697.0,126.0
1698.0,95.0
1699.0,103.0
1700.0,111.8
1701.0,111.0
1702.0,124.4
1703.0,107.2
1704.0,144.2
1705.0,141.6
1706.0,138.2
1707.0,123.8
1708.0,98.8
1709.0,142.0
1710.0,154.0
1711.0,146.4
1712.0,128.8
1713.0,132.0
1714.0,163.2
1715.0,162.2
1716.0,120.0
1717.0,152.8
1718.0,119.8
1719.0,128.4
1720.0,109.4
1721.0,132.4
1722.0,107.6
1723.0,92.4
1724.0,169.0
1725.0,137.2
1726.0,117.2
1727.0,100.8
1728.0,109.6
1729.0,124.6
1730.0,164.4
1731.0,91.4
1732.0,153.6
1733.0,122.2
1734.0,120.4
1735.0,119.8
1736.0,131.0
1737.0,109.0
1738.0,101.8
1739.0,99.0
1740.0,102.4
1741.0,150.8
1742.0,97.8
1743.0,98.4
1744.0,116.0
1745.0,85.4
1746.0,89.0
1747.0,98.4
1748.0,104.6
1749.0,96.0
1750.0,117.6
1751.0,79.2
1752.0,101.4
1753.0,130.2
1754.0,124.6
1755.0,138.2
1756.0,103.2
1757.0,103.8
1758.0,109.4
1759.0,87.8
1760.0,107.6
1761.0,103.0
1762.0,100.6
1763.0,134.2
1764.0,103.0
1765.0,110.2
1766.0,107.2
1767.0,99.0
1768.0,111.4
1769.0,92.8
1770.0,107.4
1771.0,131.0
1772.0,117.8
1773.0,105.6
1774.0,139.8
1775.0,132.8
1776.0,96.2
1777.0,89.2
1778.0,185.4
1779.0,109.6
1780.0,96.6
1781.0,106.2
1782.0,117.8
1783.0,89.6
1784.0,96.6
1785.0,138.0
1786.0,128.0
1787.0,67.4
1788.0,117.4
1789.0,113.0
1790.0,101.0
1791.0,98.0
1792.0,88.4
1793.0,125.4
1794.0,115.2
1795.0,120.0
1796.0,87.0
1797.0,140.8
1798.0,127.0
1799.0,114.4
1800.0,149.0
1801.0,104.6
1802.0,142.4
1803.0,142.2
1804.0,99.6
1805.0,159.0
1806.0,118.2
1807.0,109.0
1808.0,93.4
1809.0,122.4
1810.0,112.8
1811.0,115.2
1812.0,130.4
1813.0,103.2
1814.0,131.4
1815.0,108.8
1816.0,144.6
1817.0,122.2
1818.0,133.6
1819.0,150.8
1820.0,149.2
1821.0,191.0
1822.0,138.6
1823.0,116.8
1824.0,129.8
1825.0,121.6
1826.0,163.8
1827.0,133.4
1828.0,138.8
1829.0,120.8
1830.0,132.4
1831.0,92.0
1832.0,159.8
1833.0,140.0
1834.0,162.8
1835.0,141.4
1836.0,84.6
1837.0,107.4
1838.0,127.6
1839.0,110.2
1840.0,104.4
1841.0,98.0
1842.0,129.0
1843.0,121.2
1844.0,111.8
1845.0,105.0
1846.0,133.2
1847.0,142.8
1848.0,121.2
1849.0,138.6
1850.0,130.8
1851.0,96.6
1852.0,161.4
1853.0,100.2
1854.0,113.4
1855.0,77.6
1856.0,127.8
1857.0,107.0
1858.0,117.6
1859.0,136.0
1860.0,122.8
1861.0,90.8
1862.0,142.0
1863.0,130.4
1864.0,116.4
1865.0,115.8
1866.0,99.0
1867.0,110.8
1868.0,101.2
1869.0,109.2
1870.0,103.0
1871.0,151.4
1872.0,115.8
1873.0,153.0
1874.0,110.0
1875.0,128.0
1876.0,112.8
1877.0,126.4
1878.0,106.2
1879.0,102.6
1880.0,127.2
1881.0,106.4
1882.0,113.8
1883.0,79.2
1884.0,119.6
1885.0,111.0
1886.0,104.2
1887.0,152.8
1888.0,118.0
1889.0,153.4
1890.0,124.8
1891.0,117.2
1892.0,89.4
1893.0,117.4
1894.0,109.8
1895.0,121.8
1896.0,126.0
1897.0,117.2
1898.0,148.6
1899.0,111.2
1900.0,169.4
1901.0,113.4
1902.0,111.0
1903.0,126.2
1904.0,97.4
1905.0,101.2
1906.0,127.6
1907.0,121.6
1908.0,123.6
1909.0,120.4
1910.0,115.4
1911.0,135.2
1912.0,113.2
1913.0,136.0
1914.0,122.2
1915.0,113.0
1916.0,152.0
1917.0,108.6
1918.0,166.0
1919.0,121.4
1920.0,87.6
1921.0,141.8
1922.0,137.4
1923.0,111.6
1924.0,100.0
1925.0,115.0
1926.0,112.2
1927.0,144.0
1928.0,103.0
1929.0,137.6
1930.0,168.4
1931.0,118.0
1932.0,148.6
1933.0,135.6
1934.0,104.6
1935.0,109.2
1936.0,111.2
1937.0,170.2
1938.0,125.4
1939.0,139.0
1940.0,142.4
1941.0,137.0
1942.0,108.0
1943.0,175.0
1944.0,109.2
1945.0,155.8
1946.0,110.6
1947.0,123.6
1948.0,138.6
1949.0,166.6
1950.0,118.4
1951.0,147.8
1952.0,144.2
1953.0,162.4
1954.0,105.8
1955.0,120.6
1956.0,121.8
1957.0,112.0
1958.0,105.0
1959.0,108.4
1960.0,142.0
1961.0,123.0
1962.0,125.8
1963.0,122.8
1964.0,129.2
1965.0,171.0
1966.0,164.4
1967.0,122.2
1968.0,135.2
1969.0,151.4
1970.0,149.6
1971.0,139.0
1972.0,148.0
1973.0,151.8
1974.0,159.2
1975.0,137.0
1976.0,157.6
1977.0,105.2
1978.0,88.4
1979.0,84.0
1980.0,110.8
1981.0,176.0
1982.0,124.0
1983.0,140.4
1984.0,88.2
1985.0,90.8
1986.0,103.2
1987.0,134.2
1988.0,154.0
1989.0,143.4
1990.0,144.2
1991.0,161.8
1992.0,131.4
1993.0,159.2
1994.0,128.2
1995.0,161.0
1996.0,120.8
1997.0,124.4
1998.0,109.8
1999.0,133.8
2000.0,155.0
2001.0,139.6
2002.0,144.6
2003.0,152.4
2004.0,125.8
2005.0,115.8
2006.0,176.0
2007.0,133.2
2008.0,129.2
2009.0,143.0
2010.0,111.6
2011.0,140.6
2012.0,125.4
2013.0,134.2
2014.0,124.0
2015.0,168.2
2016.0,154.2
2017.0,135.4
2018.0,140.0
2019.0,148.6
2020.0,150.6
2021.0,181.8
2022.0,176.8
2023.0,160.8
2024.0,151.2
2025.0,169.0
2026.0,168.8
2027.0,164.0
2028.0,149.4
2029.0,123.4
2030.0,124.8
2031.0,139.2
2032.0,145.0
2033.0,109.2
2034.0,211.8
2035.0,115.0
2036.0,110.2
2037.0,85.8
2038.0,117.2
2039.0,146.2
2040.0,137.2
2041.0,180.0
2042.0,125.4
2043.0,146.6
2044.0,144.8
2045.0,147.2
2046.0,149.4
2047.0,123.4
2048.0,145.0
2049.0,118.8
2050.0,153.0
2051.0,172.2
2052.0,122.8
2053.0,172.0
2054.0,129.6
2055.0,163.0
2056.0,102.2
2057.0,177.0
2058.0,211.0
2059.0,152.8
2060.0,163.6
2061.0,195.2
2062.0,125.0
2063.0,105.6
2064.0,162.8
2065.0,116.4
2066.0,147.8
2067.0,142.2
2068.0,149.6
2069.0,142.4
2070.0,153.8
2071.0,113.2
2072.0,144.8
2073.0,169.4
2074.0,174.2
2075.0,149.8
2076.0,143.0
2077.0,160.2
2078.0,138.6
2079.0,129.2
2080.0,130.0
2081.0,109.0
2082.0,158.2
2083.0,117.8
2084.0,139.2
2085.0,128.0
2086.0,126.2
2087.0,115.6
2088.0,187.0
2089.0,127.6
2090.0,140.8
2091.0,230.4
2092.0,140.8
2093.0,193.6
2094.0,131.0
2095.0,203.6
2096.0,111.4
2097.0,156.2
2098.0,140.6
2099.0,140.6
2100.0,133.2
2101.0,136.2
2102.0,156.8
2103.0,216.4
2104.0,137.4
2105.0,145.6
2106.0,165.0
2107.0,118.4
2108.0,159.4
2109.0,150.8
2110.0,169.8
2111.0,153.6
2112.0,157.4
2113.0,138.6
2114.0,145.2
2115.0,167.0
2116.0,194.6
2117.0,124.6
2118.0,122.8
2119.0,138.8
2120.0,195.6
2121.0,126.6
2122.0,173.2
2123.0,132.6
2124.0,148.4
2125.0,131.8
2126.0,128.0
2127.0,88.8
2128.0,131.0
2129.0,134.4
2130.0,125.4
2131.0,148.0
2132.0,128.4
2133.0,116.4
2134.0,132.0
2135.0,96.8
2136.0,142.4
2137.0,144.2
2138.0,121.4
2139.0,143.0
2140.0,158.8
2141.0,98.0
2142.0,108.4
2143.0,101.6
2144.0,151.8
2145.0,118.0
2146.0,100.8
2147.0,110.4
2148.0,117.6
2149.0,165.8
2150.0,130.0
2151.0,136.2
2152.0,141.2
2153.0,111.2
2154.0,150.2
2155.0,109.0
2156.0,144.2
2157.0,124.0
2158.0,148.2
2159.0,154.6
2160.0,121.2
2161.0,92.2
2162.0,110.8
2163.0,162.6
2164.0,159.0
2165.0,163.6
2166.0,126.8
2167.0,135.6
2168.0,128.8
2169.0,131.6
2170.0,165.6
2171.0,112.6
2172.0,129.6
2173.0,98.4
2174.0,123.2
2175.0,117.2
2176.0,149.2
2177.0,170.2
2178.0,136.4
2179.0,166.6
2180.0,152.6
2181.0,153.8
2182.0,145.0
2183.0,160.0
2184.0,139.6
2185.0,185.6
2186.0,115.6
2187.0,137.0
2188.0,180.2
2189.0,164.4
2190.0,146.8
2191.0,212.2
2192.0,163.0
2193.0,144.2
2194.0,158.4
2195.0,161.4
2196.0,161.8
2197.0,132.6
2198.0,133.6
2199.0,168.2
2200.0,165.0
2201.0,191.4
2202.0,208.0
2203.0,124.2
2204.0,133.8
2205.0,182.6
2206.0,144.0
2207.0,155.2
2208.0,143.8
2209.0,129.2
2210.0,135.0
2211.0,106.4
2212.0,123.4
2213.0,150.4
2214.0,113.4
2215.0,143.2
2216.0,151.6
2217.0,125.2
2218.0,134.6
2219.0,169.4
2220.0,137.4
2221.0,151.8
2222.0,142.8
2223.0,181.6
2224.0,157.4
2225.0,163.8
2226.0,178.8
2227.0,111.0
2228.0,193.4
2229.0,177.2
2230.0,140.0
2231.0,133.2
2232.0,143.6
2233.0,162.2
2234.0,159.2
2235.0,155.6
2236.0,131.2
2237.0,121.4
2238.0,127.4
2239.0,104.8
2240.0,150.6
2241.0,232.0
2242.0,189.4
2243.0,147.0
2244.0,123.2
2245.0,150.6
2246.0,177.4
2247.0,131.0
2248.0,149.4
2249.0,158.4
2250.0,159.6
2251.0,248.4
2252.0,163.0
2253.0,158.4
2254.0,212.0
2255.0,186.6
2256.0,188.8
2257.0,158.4
2258.0,141.2
2259.0,151.0
2260.0,149.6
2261.0,147.8
2262.0,154.8
2263.0,176.4
2264.0,120.2
2265.0,202.2
2266.0,172.0
2267.0,137.0
2268.0,195.4
2269.0,163.8
2270.0,164.6
2271.0,176.6
2272.0,112.8
2273.0,185.0
2274.0,219.8
2275.0,123.8
2276.0,137.4
2277.0,147.0
2278.0,169.0
2279.0,194.4
2280.0,161.4
2281.0,132.4
2282.0,131.6
2283.0,141.0
2284.0,166.6
2285.0,153.6
2286.0,144.2
2287.0,180.4
2288.0,136.6
2289.0,128.0
2290.0,123.4
2291.0,220.4
2292.0,134.8
2293.0,119.0
2294.0,147.8
2295.0,207.0
2296.0,161.0
2297.0,210.0
2298.0,169.8
2299.0,179.0
2300.0,192.6
2301.0,155.4
2302.0,188.2
2303.0,155.8
2304.0,138.2
2305.0,219.6
2306.0,169.4
2307.0,212.8
2308.0,149.6
2309.0,169.6
2310.0,160.6
2311.0,173.6
2312.0,158.2
2313.0,137.8
2314.0,137.8
2315.0,133.8
2316.0,118.8
2317.0,150.6
2318.0,136.8
2319.0,156.2
2320.0,143.8
2321.0,103.0
2322.0,143.0
2323.0,137.8
2324.0,123.4
2325.0,133.8
2326.0,167.8
2327.0,112.6
2328.0,146.0
2329.0,173.2
2330.0,123.6
2331.0,146.6
2332.0,121.6
2333.0,134.8
2334.0,185.2
2335.0,145.2
2336.0,166.2
2337.0,179.0
2338.0,133.4
2339.0,130.0
2340.0,106.4
2341.0,140.8
2342.0,181.2
2343.0,133.8
2344.0,152.8
2345.0,222.6
2346.0,156.4
2347.0,135.4
2348.0,126.0
2349.0,167.6
2350.0,161.0
2351.0,180.2
2352.0,182.6
2353.0,126.8
2354.0,142.4
2355.0,168.2
2356.0,141.4
2357.0,188.2
2358.0,172.6
2359.0,173.4
2360.0,161.6
2361.0,123.8
2362.0,161.4
2363.0,117.8
2364.0,136.8
2365.0,159.2
2366.0,156.4
2367.0,187.6
2368.0,206.6
2369.0,185.2
2370.0,157.4
2371.0,159.8
2372.0,167.4
2373.0,135.2
2374.0,152.2
2375.0,173.0
2376.0,231.8
2377.0,150.8
2378.0,133.2
2379.0,149.4
2380.0,157.4
2381.0,163.8
2382.0,132.6
2383.0,164.4
2384.0,161.6
2385.0,181.0
2386.0,178.4
2387.0,160.2
2388.0,183.6
2389.0,147.4
2390.0,166.4
2391.0,208.8
2392.0,168.8
2393.0,182.8
2394.0,219.4
2395.0,183.8
2396.0,243.4
2397.0,156.0
2398.0,135.0
2399.0,163.2
2400.0,213.0
2401.0,198.4
2402.0,243.2
2403.0,208.2
2404.0,165.0
2405.0,118.0
2406.0,174.6
2407.0,138.6
2408.0,302.8
2409.0,259.4
2410.0,240.6
2411.0,154.4
2412.0,181.0
2413.0,200.6
2414.0,159.4
2415.0,184.4
2416.0,170.2
2417.0,202.6
2418.0,170.4
2419.0,209.4
2420.0,209.0
2421.0,181.2
2422.0,149.8
2423.0,159.6
2424.0,180.2
2425.0,174.0
2426.0,233.8
2427.0,150.0
2428.0,178.2
2429.0,151.6
2430.0,216.4
2431.0,177.4
2432.0,182.2
2433.0,171.4
2434.0,223.0
2435.0,127.6
2436.0,181.6
2437.0,185.0
2438.0,202.0
2439.0,196.0
2440.0,209.4
2441.0,184.2
2442.0,258.4
2443.0,201.2
2444.0,139.0
2445.0,177.2
2446.0,226.8
2447.0,205.2
2448.0,178.8
2449.0,147.6
2450.0,187.2
2451.0,200.0
2452.0,224.4
2453.0,213.0
2454.0,164.0
2455.0,217.2
2456.0,148.2
2457.0,218.4
2458.0,162.4
2459.0,170.6
2460.0,167.0
2461.0,174.2
2462.0,181.2
2463.0,166.0
2464.0,139.0
2465.0,138.6
2466.0,137.4
2467.0,137.8
2468.0,194.0
2469.0,226.4
2470.0,158.6
2471.0,166.6
2472.0,202.6
2473.0,205.0
2474.0,216.6
2475.0,187.6
2476.0,160.0
2477.0,175.2
2478.0,181.6
2479.0,200.6
2480.0,176.0
2481.0,171.4
2482.0,154.0
2483.0,239.6
2484.0,186.4
2485.0,208.2
2486.0,158.8
2487.0,187.2
2488.0,195.6
2489.0,164.4
2490.0,228.0
2491.0,155.2
2492.0,111.8
2493.0,193.4
2494.0,230.2
2495.0,157.4
2496.0,118.0
2497.0,150.8
2498.0,157.6
2499.0,212.0
2500.0,171.2
2501.0,179.0
2502.0,172.6
2503.0,176.6
2504.0,158.2
2505.0,204.6
2506.0,147.2
2507.0,162.0
2508.0,188.6
2509.0,188.8
2510.0,171.6
2511.0,153.6
2512.0,199.8
2513.0,172.4
2514.0,141.6
2515.0,178.4
2516.0,180.6
2517.0,229.2
2518.0,172.6
2519.0,169.6
2520.0,180.4
2521.0,184.2
2522.0,153.0
2523.0,162.8
2524.0,191.6
2525.0,219.6
2526.0,266.2
2527.0,151.2
2528.0,166.6
2529.0,160.6
2530.0,184.8
2531.0,147.2
2532.0,149.4
2533.0,161.4
2534.0,195.6
2535.0,192.2
2536.0,214.4
2537.0,167.8
2538.0,157.6
2539.0,203.4
2540.0,201.0
2541.0,223.0
2542.0,173.2
2543.0,149.6
2544.0,268.8
2545.0,175.8
2546.0,247.4
2547.0,188.6
2548.0,163.2
2549.0,224.8
2550.0,192.4
2551.0,202.6
2552.0,137.0
2553.0,183.4
2554.0,144.2
2555.0,185.4
2556.0,220.6
2557.0,144.4
2558.0,169.2
2559.0,219.2
2560.0,210.0
2561.0,111.6
2562.0,162.8
2563.0,120.6
2564.0,246.6
2565.0,241.2
2566.0,182.6
2567.0,197.6
2568.0,209.0
2569.0,172.6
2570.0,180.6
2571.0,152.2
2572.0,193.2
2573.0,185.8
2574.0,169.4
2575.0,248.6
2576.0,156.8
2577.0,203.6
2578.0,181.6
2579.0,184.0
2580.0,185.4
2581.0,257.4
2582.0,191.4
2583.0,257.0
2584.0,207.8
2585.0,189.6
2586.0,162.0
2587.0,136.4
2588.0,168.6
2589.0,123.0
2590.0,133.8
2591.0,249.4
2592.0,160.8
2593.0,210.2
2594.0,192.0
2595.0,152.0
2596.0,221.6
2597.0,173.6
2598.0,201.8
2599.0,154.6
2600.0,184.4
2601.0,184.8
2602.0,173.4
2603.0,158.6
2604.0,200.4
2605.0,183.4
2606.0,176.6
2607.0,144.4
2608.0,197.2
2609.0,197.8
2610.0,178.0
2611.0,135.0
2612.0,177.4
2613.0,162.6
2614.0,179.4
2615.0,238.6
2616.0,172.8
2617.0,169.4
2618.0,155.2
2619.0,120.4
2620.0,136.8
2621.0,180.8
2622.0,177.6
2623.0,181.0
2624.0,202.2
2625.0,177.4
2626.0,204.2
2627.0,239.6
2628.0,167.4
2629.0,228.0
2630.0,175.8
2631.0,149.4
2632.0,245.8
2633.0,200.6
2634.0,164.6
2635.0,208.8
2636.0,236.6
2637.0,128.0
2638.0,190.8
2639.0,160.2
2640.0,156.8
2641.0,144.6
2642.0,204.0
2643.0,185.4
2644.0,174.0
2645.0,168.2
2646.0,160.0
2647.0,160.6
2648.0,174.6
2649.0,173.2
2650.0,233.4
2651.0,197.2
2652.0,234.8
2653.0,227.8
2654.0,165.0
2655.0,153.4
2656.0,217.8
2657.0,136.8
2658.0,206.8
2659.0,190.6
2660.0,144.2
2661.0,138.6
2662.0,220.4
2663.0,162.6
2664.0,116.0
2665.0,217.6
2666.0,159.4
2667.0,141.8
2668.0,156.8
2669.0,181.8
2670.0,125.8
2671.0,140.4
2672.0,192.4
2673.0,147.4
2674.0,161.8
2675.0,229.0
2676.0,134.6
2677.0,200.0
2678.0,206.0
2679.0,190.0
2680.0,201.2
2681.0,139.8
2682.0,170.6
2683.0,293.4
2684.0,149.2
2685.0,193.2
2686.0,270.8
2687.0,174.4
2688.0,181.4
2689.0,172.8
2690.0,191.6
2691.0,144.6
2692.0,174.0
2693.0,174.0
2694.0,224.0
2695.0,221.4
2696.0,220.6
2697.0,174.4
2698.0,147.2
2699.0,179.8
2700.0,208.0
2701.0,228.4
2702.0,183.6
2703.0,184.4
2704.0,174.8
2705.0,157.0
2706.0,206.6
2707.0,264.6
2708.0,164.4
2709.0,148.2
2710.0,168.6
2711.0,160.4
2712.0,214.6
2713.0,169.2
2714.0,246.8
2715.0,224.2
2716.0,204.4
2717.0,178.8
2718.0,202.2
2719.0,156.6
2720.0,199.8
2721.0,205.2
2722.0,204.2
2723.0,388.0
2724.0,154.8
2725.0,187.8
2726.0,214.2
2727.0,253.4
2728.0,181.6
2729.0,216.8
2730.0,252.8
2731.0,222.2
2732.0,259.8
2733.0,214.2
2734.0,143.4
2735.0,233.6
2736.0,159.4
2737.0,207.4
2738.0,151.0
2739.0,210.6
2740.0,183.4
2741.0,217.2
2742.0,183.2
2743.0,182.2
2744.0,212.0
2745.0,158.0
2746.0,212.2
2747.0,203.8
2748.0,177.6
2749.0,148.6
2750.0,247.0
2751.0,201.0
2752.0,209.4
2753.0,243.6
2754.0,237.2
2755.0,219.4
2756.0,282.0
2757.0,237.2
2758.0,225.4
2759.0,262.0
2760.0,236.4
2761.0,318.8
2762.0,196.2
2763.0,220.2
2764.0,266.6
2765.0,201.4
2766.0,227.6
2767.0,318.4
2768.0,214.2
2769.0,315.8
2770.0,156.0
2771.0,174.8
2772.0,260.8
2773.0,204.4
2774.0,275.0
2775.0,189.4
2776.0,226.6
2777.0,173.6
2778.0,171.4
2779.0,185.0
2780.0,210.2
2781.0,150.4
2782.0,165.6
2783.0,236.0
2784.0,198.4
2785.0,277.4
2786.0,185.8
2787.0,232.6
2788.0,216.0
2789.0,219.6
2790.0,177.6
2791.0,253.2
2792.0,230.8
2793.0,224.4
2794.0,205.4
2795.0,163.0
2796.0,216.2
2797.0,223.6
2798.0,202.2
2799.0,216.0
2800.0,206.6
2801.0,220.6
2802.0,247.6
2803.0,143.6
2804.0,230.2
2805.0,164.6
2806.0,212.8
2807.0,180.6
2808.0,191.0
2809.0,201.6
2810.0,232.0
2811.0,235.0
2812.0,195.0
2813.0,166.2
2814.0,184.8
2815.0,137.8
2816.0,245.4
2817.0,229.0
2818.0,159.6
2819.0,160.8
2820.0,184.4
2821.0,141.4
2822.0,237.4
2823.0,164.6
2824.0,203.6
2825.0,168.4
2826.0,148.4
2827.0,172.6
2828.0,151.2
2829.0,156.4
2830.0,164.0
2831.0,195.6
2832.0,221.2
2833.0,169.2
2834.0,226.6
2835.0,204.4
2836.0,191.2
2837.0,159.6
2838.0,151.0
2839.0,135.6
2840.0,165.2
2841.0,166.6
2842.0,205.4
2843.0,195.0
2844.0,227.4
2845.0,216.8
2846.0,171.0
2847.0,214.8
2848.0,149.8
2849.0,164.8
2850.0,143.8
2851.0,176.4
2852.0,147.2
2853.0,177.2
2854.0,133.2
2855.0,177.4
2856.0,148.6
2857.0,174.4
2858.0,216.4
2859.0,170.2
2860.0,166.8
2861.0,171.0
2862.0,167.4
2863.0,125.2
2864.0,159.8
2865.0,184.4
2866.0,217.4
2867.0,107.4
2868.0,164.6
2869.0,189.2
2870.0,219.0
2871.0,165.8
2872.0,179.8
2873.0,162.6
2874.0,171.6
2875.0,313.6
2876.0,213.8
2877.0,189.4
2878.0,186.6
2879.0,198.8
2880.0,235.0
2881.0,245.6
2882.0,122.2
2883.0,211.0
2884.0,202.2
2885.0,193.2
2886.0,159.0
2887.0,143.6
2888.0,143.4
2889.0,126.8
2890.0,224.0
2891.0,241.4
2892.0,222.8
2893.0,243.2
2894.0,178.0
2895.0,210.4
2896.0,176.8
2897.0,172.8
2898.0,194.8
2899.0,188.4
2900.0,135.8
2901.0,140.8
2902.0,202.2
2903.0,368.6
2904.0,190.2
2905.0,239.0
2906.0,181.2
2907.0,242.2
2908.0,121.4
2909.0,350.8
2910.0,182.2
2911.0,168.0
2912.0,205.0
2913.0,183.8
2914.0,185.0
2915.0,227.6
2916.0,191.0
2917.0,217.4
2918.0,191.4
2919.0,141.2
2920.0,245.2
2921.0,178.0
2922.0,213.4
2923.0,124.0
2924.0,183.8
2925.0,171.0
2926.0,153.6
2927.0,191.0
2928.0,174.2
2929.0,170.0
2930.0,144.4
2931.0,144.4
2932.0,183.0
2933.0,222.6
2934.0,221.4
2935.0,170.8
2936.0,172.6
2937.0,206.6
2938.0,259.2
2939.0,218.2
2940.0,174.6
2941.0,215.2
2942.0,185.6
2943.0,175.4
2944.0,157.6
2945.0,214.2
2946.0,226.0
2947.0,186.8
2948.0,188.8
2949.0,268.2
2950.0,287.4
2951.0,231.2
2952.0,208.2
2953.0,208.4
2954.0,201.0
2955.0,210.2
2956.0,253.2
2957.0,285.8
2958.0,255.2
2959.0,172.0
2960.0,248.0
2961.0,199.8
2962.0,288.4
2963.0,249.4
2964.0,187.0
2965.0,282.8
2966.0,184.4
2967.0,205.8
2968.0,228.2
2969.0,257.8
2970.0,224.2
2971.0,185.6
2972.0,200.0
2973.0,256.2
2974.0,283.2
2975.0,251.4
2976.0,273.2
2977.0,169.8
2978.0,317.8
2979.0,212.0
2980.0,222.4
2981.0,205.4
2982.0,195.6
2983.0,314.4
2984.0,244.8
2985.0,181.6
2986.0,205.2
2987.0,185.8
2988.0,202.4
2989.0,201.6
2990.0,204.2
2991.0,211.2
2992.0,255.6
2993.0,232.2
2994.0,198.4
2995.0,197.8
2996.0,268.6
2997.0,224.4
2998.0,318.4
2999.0,214.0
3000.0,274.4
3001.0,257.6
3002.0,201.4
3003.0,247.8
3004.0,168.4
3005.0,177.8
3006.0,324.6
3007.0,209.2
3008.0,195.0
3009.0,222.8
3010.0,210.8
3011.0,190.4
3012.0,213.0
3013.0,176.4
3014.0,171.8
3015.0,177.2
3016.0,152.4
3017.0,177.4
3018.0,168.8
3019.0,171.0
3020.0,183.6
3021.0,187.6
3022.0,185.4
3023.0,183.0
3024.0,268.8
3025.0,208.0
3026.0,208.4
3027.0,197.8
3028.0,244.2
3029.0,241.8
3030.0,157.8
3031.0,295.6
3032.0,290.6
3033.0,251.6
3034.0,213.8
3035.0,254.4
3036.0,181.0
3037.0,188.2
3038.0,226.8
3039.0,220.4
3040.0,267.8
3041.0,200.4
3042.0,231.8
3043.0,253.6
3044.0,301.8
3045.0,221.2
3046.0,282.8
3047.0,226.0
3048.0,210.8
3049.0,187.0
3050.0,210.2
3051.0,246.8
3052.0,218.2
3053.0,258.0
3054.0,357.4
3055.0,276.4
3056.0,172.6
3057.0,220.6
3058.0,186.4
3059.0,230.4
3060.0,288.6
3061.0,289.8
3062.0,220.8
3063.0,389.4
3064.0,255.6
3065.0,236.8
3066.0,232.0
3067.0,252.2
3068.0,178.0
3069.0,222.4
3070.0,204.4
3071.0,228.2
3072.0,236.6
3073.0,389.2
3074.0,297.8
3075.0,249.0
3076.0,216.8
3077.0,256.8
3078.0,242.8
3079.0,251.8
3080.0,301.8
3081.0,237.0
3082.0,237.8
3083.0,207.4
3084.0,268.6
3085.0,192.4
3086.0,265.4
3087.0,214.8
3088.0,299.0
3089.0,302.2
3090.0,347.4
3091.0,272.6
3092.0,418.4
3093.0,207.6
3094.0,190.6
3095.0,228.0
3096.0,239.8
3097.0,257.0
3098.0,248.8
3099.0,279.6
3100.0,221.8
3101.0,288.2
3102.0,185.2
3103.0,192.8
3104.0,189.2
3105.0,264.4
3106.0,170.4
3107.0,217.0
3108.0,211.2
3109.0,203.2
3110.0,213.0
3111.0,196.6
3112.0,162.8
3113.0,217.8
3114.0,177.2
3115.0,171.6
3116.0,257.0
3117.0,190.4
3118.0,230.6
3119.0,148.8
3120.0,157.8
3121.0,211.6
3122.0,179.2
3123.0,198.6
3124.0,205.8
3125.0,155.6
3126.0,194.2
3127.0,190.4
3128.0,161.2
3129.0,172.0
3130.0,194.4
3131.0,189.2
3132.0,260.8
3133.0,202.6
3134.0,196.8
3135.0,175.0
3136.0,169.6
3137.0,169.4
3138.0,193.4
3139.0,228.0
3140.0,208.8
3141.0,193.2
3142.0,135.8
3143.0,161.4
3144.0,189.8
3145.0,264.0
3146.0,224.8
3147.0,266.2
3148.0,188.0
3149.0,196.0
3150.0,235.0
3151.0,203.4
3152.0,180.0
3153.0,233.0
3154.0,198.4
3155.0,235.6
3156.0,289.6
3157.0,203.6
3158.0,281.2
3159.0,240.4
3160.0,271.8
3161.0,264.6
3162.0,328.6
3163.0,230.2
3164.0,190.6
3165.0,268.8
3166.0,290.0
3167.0,258.4
3168.0,419.4
3169.0,181.8
3170.0,308.6
3171.0,196.2
3172.0,215.6
3173.0,427.6
3174.0,248.8
3175.0,244.8
3176.0,250.8
3177.0,327.6
3178.0,249.6
3179.0,233.6
3180.0,204.6
3181.0,338.0
3182.0,302.4
3183.0,177.2
3184.0,310.2
3185.0,221.6
3186.0,298.6
3187.0,248.6
3188.0,211.2
3189.0,163.0
3190.0,237.8
3191.0,428.6
3192.0,273.6
3193.0,168.6
3194.0,276.8
3195.0,257.6
3196.0,259.4
3197.0,255.0
3198.0,242.2
3199.0,204.0
3200.0,223.6
3201.0,278.4
3202.0,207.6
3203.0,221.6
3204.0,231.4
3205.0,252.2
3206.0,207.4
3207.0,236.6
3208.0,258.4
3209.0,224.2
3210.0,247.8
3211.0,231.0
3212.0,214.6
3213.0,227.0
3214.0,283.4
3215.0,232.0
3216.0,201.0
3217.0,251.4
3218.0,263.2
3219.0,339.0
3220.0,240.6
3221.0,255.8
3222.0,186.8
3223.0,209.2
3224.0,292.6
3225.0,260.0
3226.0,302.2
3227.0,351.4
3228.0,215.6
3229.0,245.6
3230.0,303.4
3231.0,254.6
3232.0,451.8
3233.0,324.8
3234.0,228.0
3235.0,266.0
3236.0,322.4
3237.0,201.8
3238.0,234.6
3239.0,276.0
3240.0,382.4
3241.0,335.8
3242.0,218.2
3243.0,403.6
3244.0,232.0
3245.0,226.8
3246.0,254.0
3247.0,236.8
3248.0,318.6
3249.0,367.2
3250.0,278.0
3251.0,332.4
3252.0,220.2
3253.0,188.4
3254.0,222.4
3255.0,202.0
3256.0,291.8
3257.0,204.2
3258.0,245.0
3259.0,317.0
3260.0,233.6
3261.0,184.8
3262.0,243.8
3263.0,374.6
3264.0,272.8
3265.0,287.6
3266.0,223.0
3267.0,317.8
3268.0,318.8
3269.0,234.0
3270.0,346.4
3271.0,204.6
3272.0,211.4
3273.0,300.0
3274.0,278.8
3275.0,214.8
3276.0,272.6
3277.0,209.2
3278.0,210.4
3279.0,231.8
3280.0,177.2
3281.0,261.2
3282.0,189.0
3283.0,258.2
3284.0,202.8
3285.0,188.2
3286.0,291.8
3287.0,200.8
3288.0,222.6
3289.0,259.8
3290.0,160.0
3291.0,205.0
3292.0,245.6
3293.0,232.8
3294.0,216.6
3295.0,210.0
3296.0,221.4
3297.0,215.0
3298.0,282.6
3299.0,214.8
3300.0,193.6
3301.0,218.2
3302.0,261.0
3303.0,280.6
3304.0,233.2
3305.0,220.0
3306.0,334.8
3307.0,271.8
3308.0,261.6
3309.0,214.2
3310.0,221.6
3311.0,261.2
3312.0,205.4
3313.0,293.0
3314.0,270.0
3315.0,189.8
3316.0,232.2
3317.0,214.8
3318.0,252.2
3319.0,338.6
3320.0,225.6
3321.0,362.0
3322.0,253.4
3323.0,304.6
3324.0,337.0
3325.0,270.2
3326.0,353.2
3327.0,364.8
3328.0,403.8
3329.0,199.6
3330.0,257.4
3331.0,375.2
3332.0,426.8
3333.0,297.2
3334.0,269.8
3335.0,312.8
3336.0,320.2
3337.0,282.2
3338.0,294.2
3339.0,267.2
3340.0,265.6
3341.0,256.8
3342.0,232.4
3343.0,271.6
3344.0,305.4
3345.0,292.4
3346.0,427.2
3347.0,189.0
3348.0,326.4
3349.0,258.8
3350.0,226.6
3351.0,261.2
3352.0,345.0
3353.0,328.6
3354.0,236.8
3355.0,284.8
3356.0,389.6
3357.0,304.6
3358.0,323.8
3359.0,331.4
3360.0,300.2
3361.0,336.2
3362.0,267.4
3363.0,303.6
3364.0,319.0
3365.0,300.6
3366.0,295.4
3367.0,364.2
3368.0,287.0
3369.0,341.0
3370.0,279.0
3371.0,301.6
3372.0,289.4
3373.0,474.0
3374.0,175.4
3375.0,242.2
3376.0,375.6
3377.0,304.4
3378.0,444.6
3379.0,284.0
3380.0,296.2
3381.0,317.0
3382.0,203.0
3383.0,311.6
3384.0,491.4
3385.0,216.6
3386.0,231.8
3387.0,289.8
3388.0,213.6
3389.0,230.6
3390.0,259.0
3391.0,265.0
3392.0,272.6
3393.0,364.6
3394.0,217.4
3395.0,207.8
3396.0,195.0
3397.0,288.8
3398.0,235.0
3399.0,216.0
3400.0,253.4
3401.0,286.6
3402.0,293.4
3403.0,216.6
3404.0,195.4
3405.0,255.4
3406.0,303.0
3407.0,248.8
3408.0,253.4
3409.0,231.0
3410.0,242.0
3411.0,199.0
3412.0,240.4
3413.0,249.2
3414.0,295.4
3415.0,198.6
3416.0,312.4
3417.0,224.6
3418.0,173.2
3419.0,187.8
3420.0,279.6
3421.0,225.8
3422.0,245.6
3423.0,247.0
3424.0,286.8
3425.0,201.0
3426.0,413.4
3427.0,312.2
3428.0,249.4
3429.0,267.6
3430.0,236.4
3431.0,192.2
3432.0,269.8
3433.0,191.8
3434.0,286.0
3435.0,241.6
3436.0,206.6
3437.0,216.8
3438.0,212.8
3439.0,251.8
3440.0,175.8
3441.0,217.2
3442.0,330.2
3443.0,212.2
3444.0,362.0
3445.0,192.6
3446.0,207.6
3447.0,322.2
3448.0,212.0
3449.0,311.6
3450.0,217.2
3451.0,302.8
3452.0,258.0
3453.0,236.8
3454.0,261.8
3455.0,210.8
3456.0,255.0
3457.0,249.6
3458.0,301.8
3459.0,209.8
3460.0,217.8
3461.0,347.8
3462.0,225.4
3463.0,331.6
3464.0,311.6
3465.0,236.0
3466.0,298.2
3467.0,237.8
3468.0,220.2
3469.0,215.6
3470.0,254.6
3471.0,248.0
3472.0,229.4
3473.0,213.2
3474.0,279.4
3475.0,230.8
3476.0,312.4
3477.0,276.8
3478.0,298.4
3479.0,319.2
3480.0,276.0
3481.0,264.4
3482.0,264.6
3483.0,217.0
3484.0,238.4
3485.0,218.0
3486.0,265.8
3487.0,256.2
3488.0,185.0
3489.0,254.4
3490.0,228.0
3491.0,297.6
3492.0,242.2
3493.0,229.0
3494.0,215.2
3495.0,325.0
3496.0,300.2
3497.0,281.0
3498.0,285.4
3499.0,235.0
3500.0,305.8
3501.0,314.8
3502.0,177.0
3503.0,276.8
3504.0,279.2
3505.0,292.4
3506.0,309.6
3507.0,248.8
3508.0,285.8
3509.0,234.8
3510.0,306.6
3511.0,197.4
3512.0,271.6
3513.0,330.2
3514.0,277.6
3515.0,294.2
3516.0,254.2
3517.0,319.0
3518.0,339.0
3519.0,240.8
3520.0,261.8
3521.0,275.0
3522.0,293.4
3523.0,245.2
3524.0,291.0
3525.0,291.0
3526.0,279.6
3527.0,270.8
3528.0,282.4
3529.0,248.2
3530.0,246.0
3531.0,264.2
3532.0,176.6
3533.0,200.0
3534.0,352.8
3535.0,303.8
3536.0,301.4
3537.0,209.2
3538.0,231.6
3539.0,282.6
3540.0,369.4
3541.0,251.2
3542.0,290.0
3543.0,247.8
3544.0,262.2
3545.0,357.8
3546.0,367.4
3547.0,300.4
3548.0,256.0
3549.0,222.6
3550.0,310.2
3551.0,313.8
3552.0,246.2
3553.0,260.0
3554.0,294.2
3555.0,231.0
3556.0,294.4
3557.0,276.6
3558.0,230.2
3559.0,277.6
3560.0,281.0
3561.0,279.6
3562.0,206.8
3563.0,335.8
3564.0,190.2
3565.0,343.0
3566.0,264.6
3567.0,307.6
3568.0,333.6
3569.0,299.2
3570.0,393.0
3571.0,330.6
3572.0,305.4
3573.0,248.2
3574.0,268.2
3575.0,375.6
3576.0,384.0
3577.0,356.0
3578.0,374.6
3579.0,254.8
3580.0,305.0
3581.0,311.4
3582.0,231.6
3583.0,299.8
3584.0,296.2
3585.0,296.8
3586.0,270.4
3587.0,277.2
3588.0,231.6
3589.0,290.2
3590.0,320.0
3591.0,385.2
3592.0,277.6
3593.0,327.0
3594.0,327.8
3595.0,237.6
3596.0,282.2
3597.0,251.8
3598.0,277.2
3599.0,287.0
3600.0,238.2
3601.0,188.8
3602.0,432.2
3603.0,259.2
3604.0,299.2
3605.0,270.4
3606.0,302.6
3607.0,249.8
3608.0,237.4
3609.0,290.8
3610.0,213.2
3611.0,250.2
3612.0,295.0
3613.0,225.4
3614.0,246.8
3615.0,264.2
3616.0,332.0
3617.0,326.8
3618.0,305.2
3619.0,362.0
3620.0,268.0
3621.0,350.8
3622.0,269.6
3623.0,289.2
3624.0,399.0
3625.0,242.6
3626.0,250.0
3627.0,313.0
3628.0,314.4
3629.0,276.2
3630.0,256.4
3631.0,244.8
3632.0,359.8
3633.0,295.6
3634.0,252.6
3635.0,359.6
3636.0,231.6
3637.0,289.4
3638.0,234.8
3639.0,316.4
3640.0,350.6
3641.0,289.2
3642.0,332.6
3643.0,254.8
3644.0,267.6
3645.0,234.0
3646.0,316.6
3647.0,310.2
3648.0,413.4
3649.0,278.4
3650.0,260.8
3651.0,345.8
3652.0,301.6
3653.0,240.8
3654.0,263.2
3655.0,252.8
3656.0,284.6
3657.0,183.4
3658.0,268.8
3659.0,276.8
3660.0,409.8
3661.0,379.2
3662.0,353.4
3663.0,314.8
3664.0,322.8
3665.0,288.8
3666.0,295.2
3667.0,287.2
3668.0,390.8
3669.0,278.8
3670.0,279.8
3671.0,345.0
3672.0,259.4
3673.0,381.6
3674.0,319.0
3675.0,234.8
3676.0,404.8
3677.0,464.8
3678.0,290.2
3679.0,249.8
3680.0,342.8
3681.0,400.2
3682.0,380.0
3683.0,367.6
3684.0,233.6
3685.0,329.0
3686.0,437.2
3687.0,331.8
3688.0,333.0
3689.0,301.8
3690.0,271.4
3691.0,395.8
3692.0,391.4
3693.0,252.0
3694.0,307.6
3695.0,396.8
3696.0,318.8
3697.0,251.6
3698.0,329.0
3699.0,383.0
3700.0,265.0
3701.0,282.4
3702.0,417.2
3703.0,286.2
3704.0,328.6
3705.0,396.4
3706.0,353.2
3707.0,451.2
3708.0,388.4
3709.0,388.2
3710.0,374.2
3711.0,363.0
3712.0,527.0
3713.0,403.8
3714.0,272.6
3715.0,329.6
3716.0,252.8
3717.0,233.2
3718.0,453.8
3719.0,431.6
3720.0,280.6
3721.0,344.2
3722.0,400.4
3723.0,366.8
3724.0,296.8
3725.0,367.4
3726.0,284.8
3727.0,283.6
3728.0,278.2
3729.0,249.8
3730.0,340.2
3731.0,200.8
3732.0,319.8
3733.0,288.4
3734.0,246.0
3735.0,224.8
3736.0,300.6
3737.0,226.0
3738.0,237.2
3739.0,286.0
3740.0,221.0
3741.0,234.4
3742.0,346.0
3743.0,211.8
3744.0,200.4
3745.0,228.4
3746.0,290.4
3747.0,301.0
3748.0,299.8
3749.0,260.4
3750.0,204.4
3751.0,210.0
3752.0,433.6
3753.0,232.8
3754.0,259.6
3755.0,280.8
3756.0,300.2
3757.0,320.6
3758.0,296.2
3759.0,301.8
3760.0,332.0
3761.0,269.6
3762.0,333.8
3763.0,310.8
3764.0,452.6
3765.0,434.0
3766.0,349.2
3767.0,319.2
3768.0,281.8
3769.0,333.6
3770.0,307.8
3771.0,378.6
3772.0,335.4
3773.0,323.0
3774.0,350.8
3775.0,414.8
3776.0,371.2
3777.0,466.4
3778.0,321.0
3779.0,371.8
3780.0,275.6
3781.0,298.8
3782.0,492.2
3783.0,284.0
3784.0,401.6
3785.0,321.8
3786.0,426.2
3787.0,309.8
3788.0,342.2
3789.0,445.6
3790.0,348.0
3791.0,447.6
3792.0,411.4
3793.0,275.0
3794.0,272.6
3795.0,380.0
3796.0,342.6
3797.0,396.6
3798.0,395.0
3799.0,435.8
3800.0,364.2
3801.0,430.4
3802.0,431.8
3803.0,483.0
3804.0,348.0
3805.0,401.2
3806.0,470.6
3807.0,362.2
3808.0,567.8
3809.0,419.6
3810.0,307.4
3811.0,440.6
3812.0,383.4
3813.0,493.6
3814.0,468.2
3815.0,436.6
3816.0,357.8
3817.0,495.4
3818.0,423.0
3819.0,405.2
3820.0,458.6
3821.0,486.6
3822.0,298.6
3823.0,302.2
3824.0,489.4
3825.0,276.6
3826.0,298.0
3827.0,474.0
3828.0,415.0
3829.0,353.0
3830.0,541.0
3831.0,318.0
3832.0,337.2
3833.0,388.4
3834.0,283.0
3835.0,301.0
3836.0,331.6
3837.0,318.0
3838.0,354.0
3839.0,262.0
3840.0,288.8
3841.0,373.4
3842.0,491.6
3843.0,414.8
3844.0,445.0
3845.0,443.6
3846.0,364.8
3847.0,406.2
3848.0,380.2
3849.0,437.6
3850.0,332.8
3851.0,403.2
3852.0,369.4
3853.0,400.4
3854.0,461.0
3855.0,356.4
3856.0,404.2
3857.0,434.0
3858.0,212.4
3859.0,403.6
3860.0,471.6
3861.0,324.2
3862.0,373.0
3863.0,385.2
3864.0,502.4
3865.0,399.2
3866.0,447.6
3867.0,438.4
3868.0,348.0
3869.0,376.8
3870.0,303.6
3871.0,378.2
3872.0,420.8
3873.0,372.4
3874.0,437.4
3875.0,513.8
3876.0,332.0
3877.0,459.0
3878.0,311.4
3879.0,275.8
3880.0,393.2
3881.0,334.2
3882.0,337.4
3883.0,444.2
3884.0,460.2
3885.0,292.6
3886.0,403.2
3887.0,338.2
3888.0,400.8
3889.0,313.6
3890.0,335.4
3891.0,299.6
3892.0,457.0
3893.0,425.6
3894.0,329.8
3895.0,225.0
3896.0,397.4
3897.0,276.0
3898.0,401.4
3899.0,334.2
3900.0,352.6
3901.0,322.0
3902.0,401.4
3903.0,308.4
3904.0,283.4
3905.0,285.0
3906.0,306.2
3907.0,359.6
3908.0,338.4
3909.0,203.4
3910.0,365.8
3911.0,314.0
3912.0,351.0
3913.0,395.2
3914.0,293.8
3915.0,258.4
3916.0,390.6
3917.0,271.0
3918.0,356.2
3919.0,425.8
3920.0,394.4
3921.0,350.2
3922.0,212.6
3923.0,360.8
3924.0,319.0
3925.0,266.8
3926.0,304.0
3927.0,345.2
3928.0,313.2
3929.0,263.6
3930.0,351.6
3931.0,215.2
3932.0,268.6
3933.0,256.2
3934.0,280.0
3935.0,312.6
3936.0,261.4
3937.0,290.8
3938.0,216.0
3939.0,398.8
3940.0,252.4
3941.0,294.4
3942.0,290.6
3943.0,329.8
3944.0,297.6
3945.0,299.6
3946.0,310.4
3947.0,242.4
3948.0,272.6
3949.0,303.4
3950.0,324.2
3951.0,377.6
3952.0,400.2
3953.0,328.2
3954.0,324.8
3955.0,322.0
3956.0,242.4
3957.0,262.2
3958.0,315.6
3959.0,315.8
3960.0,378.6
3961.0,226.0
3962.0,235.6
3963.0,309.8
3964.0,391.2
3965.0,247.6
3966.0,402.4
3967.0,390.6
3968.0,332.6
3969.0,286.8
3970.0,316.6
3971.0,395.6
3972.0,259.4
3973.0,391.6
3974.0,327.6
3975.0,254.0
3976.0,295.6
3977.0,360.0
3978.0,317.8
3979.0,331.4
3980.0,326.2
3981.0,332.8
3982.0,276.2
3983.0,233.8
3984.0,327.4
3985.0,237.2
3986.0,322.2
3987.0,329.2
3988.0,333.0
3989.0,272.2
3990.0,403.0
3991.0,329.4
3992.0,364.2
3993.0,306.6
3994.0,341.8
3995.0,352.0
3996.0,281.4
3997.0,235.8
3998.0,252.8
3999.0,240.0
4000.0,344.6
4001.0,296.8
4002.0,382.0
4003.0,341.8
4004.0,305.6
4005.0,323.6
4006.0,286.2
4007.0,412.2
4008.0,293.4
4009.0,292.2
4010.0,322.4
4011.0,202.4
4012.0,361.8
4013.0,419.4
4014.0,227.0
4015.0,320.6
4016.0,406.0
4017.0,273.8
4018.0,264.2
4019.0,339.2
4020.0,405.8
4021.0,330.0
4022.0,414.2
4023.0,268.4
4024.0,321.2
4025.0,279.2
4026.0,309.6
4027.0,295.8
4028.0,500.8
4029.0,394.2
4030.0,335.2
4031.0,434.8
4032.0,456.8
4033.0,406.8
4034.0,367.8
4035.0,469.6
4036.0,306.2
4037.0,407.8
4038.0,371.8
4039.0,438.6
4040.0,282.4
4041.0,345.0
4042.0,330.8
4043.0,415.2
4044.0,318.6
4045.0,426.2
4046.0,323.0
4047.0,568.8
4048.0,410.2
4049.0,544.6
4050.0,427.6
4051.0,518.2
4052.0,391.8
4053.0,447.2
4054.0,562.4
4055.0,567.6
4056.0,358.4
4057.0,401.0
4058.0,607.0
4059.0,450.2
4060.0,432.0
4061.0,502.8
4062.0,545.0
4063.0,427.2
4064.0,294.4
4065.0,438.8
4066.0,585.6
4067.0,517.2
4068.0,430.8
4069.0,377.8
4070.0,393.4
4071.0,404.8
4072.0,428.2
4073.0,416.6
4074.0,356.4
4075.0,538.4
4076.0,463.0
4077.0,516.4
4078.0,331.0
4079.0,407.6
4080.0,448.6
4081.0,453.2
4082.0,513.2
4083.0,326.4
4084.0,381.6
4085.0,339.4
4086.0,459.2
4087.0,547.6
4088.0,479.4
4089.0,486.6
4090.0,303.2
4091.0,513.8
4092.0,421.4
4093.0,510.2
4094.0,403.0
4095.0,338.6
4096.0,444.4
4097.0,455.4
4098.0,567.4
4099.0,414.6
4100.0,258.0
4101.0,455.0
4102.0,410.4
4103.0,526.8
4104.0,463.6
4105.0,393.8
4106.0,415.4
4107.0,588.6
4108.0,491.2
4109.0,445.2
4110.0,432.2
4111.0,350.0
4112.0,455.0
4113.0,484.2
4114.0,432.6
4115.0,380.2
4116.0,344.0
4117.0,292.8
4118.0,278.2
4119.0,267.0
4120.0,399.4
4121.0,299.8
4122.0,422.8
4123.0,343.0
4124.0,369.0
4125.0,378.8
4126.0,414.4
4127.0,281.8
4128.0,308.6
4129.0,304.6
4130.0,311.4
4131.0,458.4
4132.0,485.4
4133.0,375.0
4134.0,268.4
4135.0,462.8
4136.0,417.8
4137.0,337.0
4138.0,417.6
4139.0,362.6
4140.0,419.2
4141.0,326.4
4142.0,496.6
4143.0,376.6
4144.0,351.4
4145.0,346.6
4146.0,378.8
4147.0,424.0
4148.0,431.2
4149.0,539.0
4150.0,410.4
4151.0,616.0
4152.0,471.8
4153.0,593.0
4154.0,424.8
4155.0,440.8
4156.0,444.6
4157.0,628.0
4158.0,301.0
4159.0,412.4
4160.0,589.2
4161.0,654.8
4162.0,548.0
4163.0,444.4
4164.0,385.2
4165.0,413.8
4166.0,480.0
4167.0,510.2
4168.0,435.8
4169.0,352.2
4170.0,522.6
4171.0,425.6
4172.0,378.4
4173.0,458.0
4174.0,461.8
4175.0,524.8
4176.0,381.8
4177.0,479.4
4178.0,391.6
4179.0,493.6
4180.0,424.0
4181.0,452.8
4182.0,432.2
4183.0,499.0
4184.0,412.8
4185.0,435.4
4186.0,298.0
4187.0,284.0
4188.0,328.8
4189.0,506.0
4190.0,582.6
4191.0,439.2
4192.0,454.0
4193.0,288.8
4194.0,413.2
4195.0,478.0
4196.0,432.2
4197.0,299.4
4198.0,451.6
4199.0,353.8
4200.0,415.6
4201.0,465.4
4202.0,317.6
4203.0,464.6
4204.0,400.2
4205.0,321.6
4206.0,382.4
4207.0,413.2
4208.0,492.8
4209.0,262.0
4210.0,393.6
4211.0,449.0
4212.0,507.6
4213.0,445.6
4214.0,441.6
4215.0,367.2
4216.0,478.4
4217.0,466.6
4218.0,520.4
4219.0,467.6
4220.0,475.6
4221.0,391.2
4222.0,499.4
4223.0,243.4
4224.0,439.4
4225.0,462.4
4226.0,505.6
4227.0,452.0
4228.0,414.2
4229.0,414.0
4230.0,523.2
4231.0,523.2
4232.0,270.0
4233.0,230.2
4234.0,342.8
4235.0,368.0
4236.0,611.4
4237.0,273.0
4238.0,402.4
4239.0,470.8
4240.0,565.0
4241.0,330.2
4242.0,513.0
4243.0,324.6
4244.0,353.6
4245.0,376.4
4246.0,572.2
4247.0,497.0
4248.0,411.6
4249.0,516.2
4250.0,481.6
4251.0,536.6
4252.0,466.4
4253.0,422.8
4254.0,389.4
4255.0,345.0
4256.0,560.6
4257.0,319.4
4258.0,305.4
4259.0,503.6
4260.0,381.6
4261.0,445.8
4262.0,420.0
4263.0,456.0
4264.0,456.0
4265.0,418.8
4266.0,554.6
4267.0,365.0
4268.0,390.4
4269.0,310.4
4270.0,376.4
4271.0,533.6
4272.0,371.6
4273.0,427.6
4274.0,413.8
4275.0,330.4
4276.0,421.6
4277.0,571.6
4278.0,232.2
4279.0,347.2
4280.0,366.8
4281.0,399.0
4282.0,364.6
4283.0,414.6
4284.0,427.2
4285.0,388.8
4286.0,317.6
4287.0,448.2
4288.0,457.2
4289.0,513.4
4290.0,361.8
4291.0,307.8
4292.0,381.6
4293.0,307.2
4294.0,442.4
4295.0,328.0
4296.0,366.4
4297.0,321.0
4298.0,381.0
4299.0,262.0
4300.0,369.0
4301.0,356.0
4302.0,414.0
4303.0,358.6
4304.0,399.0
4305.0,378.0
4306.0,396.8
4307.0,331.6
4308.0,340.8
4309.0,259.0
4310.0,446.6
4311.0,429.2
4312.0,309.4
4313.0,318.0
4314.0,316.2
4315.0,399.0
4316.0,423.2
4317.0,362.6
4318.0,463.2
4319.0,403.6
4320.0,538.4
4321.0,448.6
4322.0,530.4
4323.0,374.2
4324.0,436.2
4325.0,313.4
4326.0,475.2
4327.0,434.4
4328.0,347.4
4329.0,343.6
4330.0,319.0
4331.0,324.8
4332.0,295.2
4333.0,476.0
4334.0,434.2
4335.0,359.6
4336.0,453.6
4337.0,405.0
4338.0,288.4
4339.0,321.2
4340.0,203.4
4341.0,415.4
4342.0,486.0
4343.0,230.4
4344.0,424.6
4345.0,286.8
4346.0,268.0
4347.0,386.8
4348.0,509.0
4349.0,345.6
4350.0,396.0
4351.0,468.4
4352.0,381.2
4353.0,332.6
4354.0,481.4
4355.0,378.4
4356.0,415.6
4357.0,405.4
4358.0,431.4
4359.0,474.2
4360.0,358.2
4361.0,511.8
4362.0,393.2
4363.0,296.2
4364.0,468.8
4365.0,423.6
4366.0,566.4
4367.0,519.8
4368.0,463.0
4369.0,318.6
4370.0,574.6
4371.0,476.2
4372.0,631.4
4373.0,570.6
4374.0,518.2
4375.0,481.0
4376.0,457.4
4377.0,572.6
4378.0,616.4
4379.0,543.6
4380.0,446.0
4381.0,261.6
4382.0,610.4
4383.0,428.8
4384.0,323.6
4385.0,409.6
4386.0,558.4
4387.0,462.0
4388.0,489.8
4389.0,475.8
4390.0,431.2
4391.0,476.6
4392.0,487.0
4393.0,458.6
4394.0,398.2
4395.0,534.0
4396.0,560.8
4397.0,406.8
4398.0,374.0
4399.0,270.2
4400.0,425.2
4401.0,611.0
4402.0,501.2
4403.0,425.4
4404.0,518.4
4405.0,477.2
4406.0,390.4
4407.0,488.8
4408.0,270.0
4409.0,435.6
4410.0,630.8
4411.0,524.8
4412.0,364.4
4413.0,572.6
4414.0,479.0
4415.0,357.4
4416.0,303.6
4417.0,501.0
4418.0,424.4
4419.0,491.2
4420.0,380.8
4421.0,513.8
4422.0,560.2
4423.0,587.2
4424.0,407.4
4425.0,444.2
4426.0,510.2
4427.0,439.2
4428.0,587.2
4429.0,606.0
4430.0,461.2
4431.0,406.2
4432.0,457.6
4433.0,439.0
4434.0,354.0
4435.0,532.8
4436.0,444.4
4437.0,425.8
4438.0,384.8
4439.0,428.2
4440.0,559.6
4441.0,466.0
4442.0,431.8
4443.0,630.6
4444.0,544.6
4445.0,418.8
4446.0,576.4
4447.0,403.0
4448.0,672.8
4449.0,414.6
4450.0,510.8
4451.0,546.0
4452.0,498.6
4453.0,452.0
4454.0,484.6
4455.0,404.0
4456.0,492.2
4457.0,517.4
4458.0,475.8
4459.0,535.2
4460.0,362.0
4461.0,553.4
4462.0,424.8
4463.0,523.0
4464.0,623.0
4465.0,513.0
4466.0,594.8
4467.0,445.2
4468.0,466.2
4469.0,566.4
4470.0,454.4
4471.0,448.6
4472.0,384.0
4473.0,416.0
4474.0,490.6
4475.0,592.0
4476.0,430.8
4477.0,508.2
4478.0,512.6
4479.0,638.6
4480.0,502.0
4481.0,551.4
4482.0,518.2
4483.0,611.4
4484.0,508.6
4485.0,350.0
4486.0,662.2
4487.0,532.0
4488.0,628.0
4489.0,455.6
4490.0,566.2
4491.0,618.8
4492.0,484.4
4493.0,637.6
4494.0,555.6
4495.0,253.0
4496.0,621.6
4497.0,432.4
4498.0,563.8
4499.0,462.8
4500.0,464.0
4501.0,429.4
4502.0,333.8
4503.0,548.6
4504.0,284.6
4505.0,353.4
4506.0,313.6
4507.0,468.2
4508.0,480.4
4509.0,486.4
4510.0,276.8
4511.0,409.2
4512.0,376.0
4513.0,420.0
4514.0,453.4
4515.0,436.4
4516.0,354.0
4517.0,368.2
4518.0,404.4
4519.0,402.4
4520.0,383.0
4521.0,244.2
4522.0,445.2
4523.0,438.2
4524.0,401.4
4525.0,344.6
4526.0,262.0
4527.0,484.2
4528.0,436.4
4529.0,322.6
4530.0,348.8
4531.0,407.2
4532.0,468.0
4533.0,412.8
4534.0,494.6
4535.0,343.2
4536.0,562.0
4537.0,320.0
4538.0,479.6
4539.0,532.2
4540.0,442.6
4541.0,292.6
4542.0,632.8
4543.0,455.0
4544.0,516.2
4545.0,445.4
4546.0,525.2
4547.0,327.8
4548.0,491.0
4549.0,443.4
4550.0,567.2
4551.0,465.0
4552.0,473.0
4553.0,494.2
4554.0,281.4
4555.0,510.0
4556.0,514.2
4557.0,426.0
4558.0,369.0
4559.0,611.2
4560.0,479.4
4561.0,454.6
4562.0,482.4
4563.0,471.2
4564.0,522.0
4565.0,503.6
4566.0,550.4
4567.0,656.8
4568.0,436.8
4569.0,525.4
4570.0,509.2
4571.0,520.4
4572.0,603.4
4573.0,462.2
4574.0,443.0
4575.0,698.2
4576.0,665.2
4577.0,578.0
4578.0,620.6
4579.0,582.0
4580.0,587.0
4581.0,372.6
4582.0,583.6
4583.0,623.4
4584.0,621.4
4585.0,680.0
4586.0,464.4
4587.0,339.6
4588.0,575.8
4589.0,485.8
4590.0,432.0
4591.0,518.2
4592.0,553.2
4593.0,382.4
4594.0,471.6
4595.0,449.2
4596.0,514.6
4597.0,664.2
4598.0,438.2
4599.0,526.2
4600.0,425.0
4601.0,311.8
4602.0,409.0
4603.0,469.4
4604.0,351.2
4605.0,511.2
4606.0,437.6
4607.0,407.6
4608.0,597.0
4609.0,475.0
4610.0,350.6
4611.0,420.2
4612.0,419.0
4613.0,517.6
4614.0,358.2
4615.0,350.4
4616.0,535.2
4617.0,474.6
4618.0,537.4
4619.0,421.6
4620.0,388.8
4621.0,404.8
4622.0,562.2
4623.0,585.8
4624.0,411.8
4625.0,607.2
4626.0,624.8
4627.0,455.2
4628.0,401.0
4629.0,532.0
4630.0,453.8
4631.0,686.2
4632.0,497.0
4633.0,432.8
4634.0,604.2
4635.0,598.6
4636.0,387.4
4637.0,692.2
4638.0,676.2
4639.0,609.6
4640.0,607.2
4641.0,664.2
4642.0,411.2
4643.0,479.6
4644.0,708.2
4645.0,633.2
4646.0,668.2
4647.0,725.0
4648.0,580.8
4649.0,579.6
4650.0,605.0
4651.0,659.8
4652.0,525.6
4653.0,518.8
4654.0,463.8
4655.0,557.6
4656.0,565.8
4657.0,435.6
4658.0,594.8
4659.0,636.0
4660.0,602.2
4661.0,662.4
4662.0,625.2
4663.0,561.4
4664.0,545.8
4665.0,717.8
4666.0,593.2
4667.0,682.0
4668.0,605.4
4669.0,740.0
4670.0,507.6
4671.0,657.2
4672.0,587.6
4673.0,649.6
4674.0,665.8
4675.0,704.8
4676.0,552.4
4677.0,713.4
4678.0,605.2
4679.0,485.4
4680.0,358.4
4681.0,445.0
4682.0,607.6
4683.0,647.4
4684.0,521.2
4685.0,475.0
4686.0,626.0
4687.0,447.6
4688.0,267.6
4689.0,556.6
4690.0,480.8
4691.0,553.6
4692.0,461.4
4693.0,502.2
4694.0,451.4
4695.0,543.2
4696.0,436.2
4697.0,497.0
4698.0,499.4
4699.0,513.0
4700.0,426.2
4701.0,431.0
4702.0,571.4
4703.0,373.4
4704.0,513.0
4705.0,398.2
4706.0,385.8
4707.0,361.0
4708.0,309.6
4709.0,440.0
4710.0,497.4
4711.0,354.8
4712.0,645.2
4713.0,522.2
4714.0,384.4
4715.0,568.0
4716.0,338.4
4717.0,574.4
4718.0,458.0
4719.0,488.6
4720.0,622.0
4721.0,613.4
4722.0,686.0
4723.0,449.6
4724.0,652.2
4725.0,610.6
4726.0,535.8
4727.0,597.2
4728.0,593.8
4729.0,545.2
4730.0,727.0
4731.0,515.4
4732.0,682.8
4733.0,568.8
4734.0,511.4
4735.0,670.6
4736.0,830.6
4737.0,474.8
4738.0,797.8
4739.0,596.6
4740.0,546.6
4741.0,643.0
4742.0,586.4
4743.0,589.8
4744.0,673.4
4745.0,479.6
4746.0,679.4
4747.0,747.2
4748.0,663.2
4749.0,549.8
4750.0,623.0
4751.0,486.2
4752.0,662.4
4753.0,352.2
4754.0,674.8
4755.0,539.6
4756.0,715.2
4757.0,647.0
4758.0,631.6
4759.0,570.0
4760.0,692.0
4761.0,593.8
4762.0,386.0
4763.0,527.4
4764.0,676.8
4765.0,715.8
4766.0,497.4
4767.0,493.2
4768.0,654.4
4769.0,504.6
4770.0,621.2
4771.0,612.4
4772.0,722.2
4773.0,426.8
4774.0,682.0
4775.0,461.2
4776.0,470.2
4777.0,504.6
4778.0,442.6
4779.0,488.0
4780.0,292.2
4781.0,442.4
4782.0,385.4
4783.0,255.8
4784.0,632.6
4785.0,571.4
4786.0,554.6
4787.0,534.2
4788.0,452.8
4789.0,512.0
4790.0,455.0
4791.0,483.8
4792.0,600.6
4793.0,645.8
4794.0,679.4
4795.0,570.8
4796.0,468.4
4797.0,452.8
4798.0,560.8
4799.0,569.0
4800.0,390.4
4801.0,547.2
4802.0,549.6
4803.0,664.6
4804.0,619.2
4805.0,469.4
4806.0,609.0
4807.0,619.0
4808.0,361.8
4809.0,643.6
4810.0,709.4
4811.0,429.8
4812.0,668.6
4813.0,574.0
4814.0,651.4
4815.0,686.0
4816.0,737.8
4817.0,745.8
4818.0,587.6
4819.0,794.2
4820.0,645.0
4821.0,704.8
4822.0,597.8
4823.0,738.8
4824.0,578.6
4825.0,649.4
4826.0,734.6
4827.0,630.8
4828.0,610.8
4829.0,546.0
4830.0,464.4
4831.0,563.0
4832.0,552.4
4833.0,652.8
4834.0,414.6
4835.0,769.6
4836.0,572.8
4837.0,447.6
4838.0,653.4
4839.0,465.8
4840.0,527.4
4841.0,572.2
4842.0,465.0
4843.0,581.2
4844.0,537.6
4845.0,520.2
4846.0,436.4
4847.0,657.8
4848.0,589.6
4849.0,546.0
4850.0,499.2
4851.0,420.6
4852.0,584.4
4853.0,597.0
4854.0,620.2
4855.0,503.0
4856.0,551.2
4857.0,673.6
4858.0,483.4
4859.0,637.2
4860.0,665.2
4861.0,792.0
4862.0,666.6
4863.0,626.6
4864.0,660.6
4865.0,587.6
4866.0,491.6
4867.0,545.8
4868.0,450.4
4869.0,656.2
4870.0,590.8
4871.0,634.8
4872.0,621.4
4873.0,517.8
4874.0,540.8
4875.0,701.0
4876.0,598.0
4877.0,612.4
4878.0,564.4
4879.0,618.8
4880.0,571.8
4881.0,611.0
4882.0,624.0
4883.0,587.0
4884.0,664.6
4885.0,667.0
4886.0,346.6
4887.0,653.2
4888.0,637.2
4889.0,874.2
4890.0,581.2
4891.0,698.2
4892.0,589.0
4893.0,693.0
4894.0,537.6
4895.0,530.0
4896.0,708.6
4897.0,615.6
4898.0,576.2
4899.0,734.8
4900.0,524.8
4901.0,687.8
4902.0,726.0
4903.0,633.2
4904.0,641.0
4905.0,594.8
4906.0,719.8
4907.0,611.0
4908.0,653.4
4909.0,654.2
4910.0,565.4
4911.0,580.8
4912.0,651.8
4913.0,710.8
4914.0,748.0
4915.0,573.4
4916.0,636.8
4917.0,621.8
4918.0,759.6
4919.0,565.2
4920.0,634.2
4921.0,543.4
4922.0,474.6
4923.0,598.4
4924.0,705.0
4925.0,511.6
4926.0,700.2
4927.0,582.0
4928.0,759.2
4929.0,615.6
4930.0,720.2
4931.0,639.8
4932.0,670.8
4933.0,585.8
4934.0,806.2
4935.0,623.6
4936.0,555.6
4937.0,661.6
4938.0,673.4
4939.0,725.2
4940.0,586.8
4941.0,611.6
4942.0,559.2
4943.0,573.2
4944.0,534.0
4945.0,729.4
4946.0,518.8
4947.0,623.6
4948.0,536.6
4949.0,699.0
4950.0,589.4
4951.0,618.2
4952.0,704.6
4953.0,507.2
4954.0,637.2
4955.0,607.2
4956.0,593.6
4957.0,640.0
4958.0,603.8
4959.0,681.0
4960.0,662.4
4961.0,662.2
4962.0,682.4
4963.0,564.8
4964.0,692.0
4965.0,610.4
4966.0,633.4
4967.0,416.2
4968.0,595.8
4969.0,843.6
4970.0,548.6
4971.0,722.6
4972.0,638.2
4973.0,719.6
4974.0,628.0
4975.0,495.4
4976.0,736.8
4977.0,725.2
4978.0,615.6
4979.0,661.6
4980.0,655.6
4981.0,697.6
4982.0,491.0
4983.0,748.4
4984.0,629.4
4985.0,685.2
4986.0,623.0
4987.0,665.4
4988.0,604.0
4989.0,644.8
4990.0,577.0
4991.0,374.6
4992.0,573.6
4993.0,709.8
4994.0,732.8
4995.0,596.8
4996.0,586.8
4997.0,675.6
4998.0,419.8
4999.0,559.8
5000.0,595.6
5001.0,719.4
5002.0,603.0
5003.0,567.6
5004.0,698.8
5005.0,558.6
5006.0,678.2
5007.0,454.6
5008.0,613.6
5009.0,745.6
5010.0,607.8
5011.0,585.8
5012.0,498.0
5013.0,633.2
5014.0,634.2
5015.0,681.8
5016.0,703.8
5017.0,501.8
5018.0,703.4
5019.0,698.6
5020.0,576.0
5021.0,741.8
5022.0,480.6
5023.0,710.4
5024.0,593.6
5025.0,639.8
5026.0,722.2
5027.0,703.8
5028.0,628.2
5029.0,703.8
5030.0,607.8
5031.0,714.6
5032.0,677.4
5033.0,658.0
5034.0,613.8
5035.0,647.6
5036.0,648.6
5037.0,620.4
5038.0,611.2
5039.0,604.2
5040.0,565.2
5041.0,511.2
5042.0,530.2
5043.0,589.0
5044.0,548.2
5045.0,585.4
5046.0,493.0
5047.0,611.0
5048.0,592.2
5049.0,519.4
5050.0,567.4
5051.0,643.0
5052.0,589.4
5053.0,651.8
5054.0,657.0
5055.0,539.4
5056.0,656.2
5057.0,556.6
5058.0,625.2
5059.0,661.4
5060.0,543.0
5061.0,607.4
5062.0,615.0
5063.0,621.0
5064.0,547.6
5065.0,590.4
5066.0,759.4
5067.0,603.8
5068.0,676.4
5069.0,590.8
5070.0,576.8
5071.0,589.2
5072.0,579.8
5073.0,660.4
5074.0,478.0
5075.0,595.0
5076.0,609.4
5077.0,554.0
5078.0,778.4
5079.0,626.8
5080.0,681.2
5081.0,650.0
5082.0,596.6
5083.0,699.6
5084.0,598.0
5085.0,692.2
5086.0,774.6
5087.0,556.0
5088.0,747.4
5089.0,683.2
5090.0,683.0
5091.0,458.8
5092.0,640.0
5093.0,814.6
5094.0,471.2
5095.0,670.6
5096.0,717.4
5097.0,525.8
5098.0,609.6
5099.0,549.4
5100.0,733.2
5101.0,709.0
5102.0,698.8
5103.0,910.8
5104.0,506.2
5105.0,741.6
5106.0,754.6
5107.0,811.4
5108.0,538.0
5109.0,691.0
5110.0,757.8
5111.0,716.4
5112.0,780.2
5113.0,679.0
5114.0,738.8
5115.0,872.4
5116.0,716.6
5117.0,766.4
5118.0,756.0
5119.0,708.8
5120.0,589.4
5121.0,802.4
5122.0,802.2
5123.0,550.6
5124.0,678.2
5125.0,593.2
5126.0,728.4
5127.0,624.6
5128.0,650.2
5129.0,414.6
5130.0,685.8
5131.0,623.0
5132.0,784.4
5133.0,467.4
5134.0,671.6
5135.0,614.6
5136.0,679.0
5137.0,590.8
5138.0,683.0
5139.0,694.8
5140.0,691.0
5141.0,721.4
5142.0,654.0
5143.0,590.2
5144.0,640.8
5145.0,666.2
5146.0,587.4
5147.0,627.8
5148.0,583.4
5149.0,725.6
5150.0,498.0
5151.0,573.2
5152.0,634.6
5153.0,696.8
5154.0,639.4
5155.0,589.6
5156.0,663.2
5157.0,593.4
5158.0,704.8
5159.0,807.4
5160.0,638.6
5161.0,560.6
5162.0,756.2
5163.0,618.0
5164.0,780.4
5165.0,678.8
5166.0,534.8
5167.0,766.6
5168.0,722.8
5169.0,766.8
5170.0,730.0
5171.0,801.4
5172.0,672.2
5173.0,797.4
5174.0,701.8
5175.0,861.2
5176.0,705.6
5177.0,685.8
5178.0,696.8
5179.0,737.8
5180.0,699.0
5181.0,744.6
5182.0,743.8
5183.0,844.6
5184.0,633.0
5185.0,722.6
5186.0,723.2
5187.0,757.8
5188.0,732.4
5189.0,611.6
5190.0,905.6
5191.0,733.0
5192.0,809.4
5193.0,710.4
5194.0,827.6
5195.0,736.8
5196.0,830.2
5197.0,767.0
5198.0,736.6
5199.0,737.2
5200.0,832.0
5201.0,878.6
5202.0,622.2
5203.0,747.2
5204.0,818.4
5205.0,826.4
5206.0,708.6
5207.0,849.2
5208.0,665.2
5209.0,773.2
5210.0,780.8
5211.0,702.2
5212.0,516.4
5213.0,764.8
5214.0,751.6
5215.0,739.6
5216.0,703.6
5217.0,778.8
5218.0,627.2
5219.0,670.6
5220.0,731.8
5221.0,646.4
5222.0,699.6
5223.0,717.0
5224.0,647.8
5225.0,697.6
5226.0,679.6
5227.0,848.4
5228.0,730.0
5229.0,740.2
5230.0,737.2
5231.0,783.6
5232.0,744.6
5233.0,739.4
5234.0,744.0
5235.0,707.0
5236.0,745.0
5237.0,576.0
5238.0,638.2
5239.0,694.4
5240.0,613.0
5241.0,657.8
5242.0,726.8
5243.0,673.6
5244.0,694.6
5245.0,634.0
5246.0,610.6
5247.0,704.4
5248.0,496.4
5249.0,713.6
5250.0,663.2
5251.0,699.2
5252.0,686.0
5253.0,679.6
5254.0,642.2
5255.0,727.0
5256.0,532.4
5257.0,708.8
5258.0,565.8
5259.0,728.4
5260.0,664.6
5261.0,612.4
5262.0,736.2
5263.0,725.4
5264.0,623.0
5265.0,818.4
5266.0,668.2
5267.0,708.2
5268.0,578.4
5269.0,535.6
5270.0,767.0
5271.0,640.4
5272.0,702.6
5273.0,858.4
5274.0,721.0
5275.0,905.6
5276.0,754.2
5277.0,805.0
5278.0,801.6
5279.0,741.6
5280.0,759.4
5281.0,774.4
5282.0,740.2
5283.0,615.2
5284.0,639.0
5285.0,858.2
5286.0,559.2
5287.0,940.4
5288.0,852.2
5289.0,709.4
5290.0,815.6
5291.0,833.0
5292.0,894.0
5293.0,660.4
5294.0,685.8
5295.0,754.2
5296.0,781.6
5297.0,574.0
5298.0,732.4
5299.0,751.8
5300.0,734.8
5301.0,777.0
5302.0,868.6
5303.0,599.4
5304.0,702.0
5305.0,777.8
5306.0,679.8
5307.0,686.0
5308.0,933.6
5309.0,590.6
5310.0,781.4
5311.0,501.8
5312.0,845.6
5313.0,761.2
5314.0,602.6
5315.0,700.4
5316.0,633.8
5317.0,765.6
5318.0,820.6
5319.0,806.8
5320.0,791.4
5321.0,772.6
5322.0,705.8
5323.0,807.2
5324.0,630.6
5325.0,735.4
5326.0,769.4
5327.0,718.0
5328.0,763.4
5329.0,656.4
5330.0,710.2
5331.0,700.4
5332.0,662.0
5333.0,627.2
5334.0,732.4
5335.0,572.6
5336.0,716.2
5337.0,320.8
5338.0,658.0
5339.0,775.4
5340.0,599.0
5341.0,618.6
5342.0,503.2
5343.0,731.6
5344.0,578.6
5345.0,697.0
5346.0,559.6
5347.0,707.2
5348.0,639.2
5349.0,824.4
5350.0,622.8
5351.0,592.2
5352.0,532.6
5353.0,683.0
5354.0,607.4
5355.0,768.6
5356.0,772.8
5357.0,607.2
5358.0,686.0
5359.0,700.8
5360.0,743.4
5361.0,669.2
5362.0,762.2
5363.0,649.6
5364.0,816.2
5365.0,557.8
5366.0,674.6
5367.0,617.0
5368.0,590.2
5369.0,842.6
5370.0,653.4
5371.0,791.6
5372.0,679.6
5373.0,730.4
5374.0,704.0
5375.0,659.8
5376.0,514.8
5377.0,693.6
5378.0,618.0
5379.0,823.0
5380.0,635.4
5381.0,664.2
5382.0,673.2
5383.0,785.6
5384.0,616.8
5385.0,770.2
5386.0,557.6
5387.0,673.4
5388.0,710.6
5389.0,683.4
5390.0,706.4
5391.0,703.8
5392.0,653.2
5393.0,441.0
5394.0,647.6
5395.0,719.2
5396.0,656.6
5397.0,614.0
5398.0,631.2
5399.0,703.8
5400.0,609.6
5401.0,445.0
5402.0,725.0
5403.0,881.0
5404.0,594.4
5405.0,670.6
5406.0,676.8
5407.0,670.4
5408.0,634.2
5409.0,789.6
5410.0,732.4
5411.0,711.6
5412.0,729.6
5413.0,781.0
5414.0,674.2
5415.0,741.8
5416.0,833.2
5417.0,846.0
5418.0,821.0
5419.0,779.0
5420.0,675.8
5421.0,657.2
5422.0,739.4
5423.0,888.6
5424.0,803.4
5425.0,802.6
5426.0,789.8
5427.0,692.6
5428.0,649.2
5429.0,678.2
5430.0,724.4
5431.0,807.0
5432.0,755.8
5433.0,834.0
5434.0,662.8
5435.0,616.6
5436.0,656.0
5437.0,950.4
5438.0,670.0
5439.0,706.2
5440.0,884.0
5441.0,900.2
5442.0,955.8
5443.0,902.2
5444.0,662.0
5445.0,853.4
5446.0,704.6
5447.0,692.4
5448.0,714.6
5449.0,686.6
5450.0,747.0
5451.0,808.2
5452.0,719.4
5453.0,577.0
5454.0,836.4
5455.0,720.4
5456.0,752.4
5457.0,787.4
5458.0,853.8
5459.0,914.4
5460.0,703.0
5461.0,770.8
5462.0,518.6
5463.0,729.2
5464.0,851.8
5465.0,628.6
5466.0,729.2
5467.0,865.6
5468.0,766.4
5469.0,700.4
5470.0,789.4
5471.0,721.2
5472.0,702.2
5473.0,668.6
5474.0,672.6
5475.0,655.2
5476.0,668.2
5477.0,647.0
5478.0,661.6
5479.0,799.6
5480.0,716.6
5481.0,660.4
5482.0,773.6
5483.0,677.4
5484.0,768.4
5485.0,719.0
5486.0,708.0
5487.0,702.6
5488.0,698.6
5489.0,791.2
5490.0,860.8
5491.0,788.0
5492.0,766.6
5493.0,748.2
5494.0,649.2
5495.0,647.0
5496.0,831.6
5497.0,737.0
5498.0,775.6
5499.0,573.2
5500.0,691.4
5501.0,613.2
5502.0,746.4
5503.0,838.4
5504.0,841.4
5505.0,703.0
5506.0,853.6
5507.0,536.0
5508.0,749.0
5509.0,668.6
5510.0,726.4
5511.0,687.0
5512.0,649.4
5513.0,529.6
5514.0,680.4
5515.0,687.0
5516.0,665.0
5517.0,655.2
5518.0,587.8
5519.0,829.4
5520.0,714.4
5521.0,701.4
5522.0,803.6
5523.0,659.4
5524.0,678.6
5525.0,820.6
5526.0,760.4
5527.0,713.8
5528.0,606.0
5529.0,902.0
5530.0,958.2
5531.0,696.0
5532.0,757.2
5533.0,892.4
5534.0,944.2
5535.0,783.2
5536.0,743.6
5537.0,962.2
5538.0,857.4
5539.0,700.4
5540.0,840.2
5541.0,798.2
5542.0,999.0
5543.0,760.6
5544.0,842.0
5545.0,978.2
5546.0,966.4
5547.0,892.0
5548.0,702.2
5549.0,882.4
5550.0,939.8
5551.0,732.0
5552.0,810.2
5553.0,744.4
5554.0,875.2
5555.0,754.6
5556.0,999.0
5557.0,797.8
5558.0,717.2
5559.0,809.6
5560.0,945.4
5561.0,773.4
5562.0,944.2
5563.0,592.0
5564.0,722.0
5565.0,788.0
5566.0,823.0
5567.0,888.0
5568.0,795.0
5569.0,879.6
5570.0,815.4
5571.0,714.8
5572.0,708.4
5573.0,786.8
5574.0,844.2
5575.0,674.2
5576.0,756.8
5577.0,882.2
5578.0,826.6
5579.0,973.0
5580.0,891.2
5581.0,783.8
5582.0,925.8
5583.0,844.0
5584.0,926.0
5585.0,872.6
5586.0,921.2
5587.0,942.0
5588.0,820.4
5589.0,862.6
5590.0,729.0
5591.0,971.0
5592.0,988.0
5593.0,842.4
5594.0,939.8
5595.0,825.4
5596.0,863.6
5597.0,970.0
5598.0,866.0
5599.0,890.4
5600.0,894.8
5601.0,749.8
5602.0,957.8
5603.0,898.4
5604.0,819.0
5605.0,709.2
5606.0,703.0
5607.0,791.0
5608.0,790.2
5609.0,867.0
5610.0,635.8
5611.0,834.6
5612.0,809.2
5613.0,824.6
5614.0,742.6
5615.0,883.0
5616.0,933.8
5617.0,818.4
5618.0,815.8
5619.0,940.4
5620.0,638.2
5621.0,871.4
5622.0,943.8
5623.0,891.6
5624.0,999.0
5625.0,934.2
5626.0,903.8
5627.0,999.0
5628.0,781.8
5629.0,871.6
5630.0,724.0
5631.0,727.8
5632.0,757.0
5633.0,720.6
5634.0,897.8
5635.0,870.4
5636.0,589.4
5637.0,864.0
5638.0,779.6
5639.0,667.0
5640.0,799.6
5641.0,999.0
5642.0,903.6
5643.0,766.2
5644.0,717.2
5645.0,743.2
5646.0,954.4
5647.0,733.8
5648.0,793.8
5649.0,691.8
5650.0,971.0
5651.0,849.4
5652.0,760.0
5653.0,875.4
5654.0,629.0
5655.0,848.4
5656.0,846.2
5657.0,861.4
5658.0,931.0
5659.0,799.8
5660.0,881.6
5661.0,629.6
5662.0,742.2
5663.0,880.6
5664.0,730.0
5665.0,738.8
5666.0,738.2
5667.0,507.4
5668.0,725.4
5669.0,506.2
5670.0,462.2
5671.0,530.8
5672.0,760.0
5673.0,638.0
5674.0,478.4
5675.0,667.8
5676.0,686.6
5677.0,548.2
5678.0,474.8
5679.0,688.6
5680.0,642.2
5681.0,727.4
5682.0,490.4
5683.0,601.2
5684.0,524.8
5685.0,591.6
5686.0,627.2
5687.0,465.4
5688.0,646.8
5689.0,605.6
5690.0,553.4
5691.0,736.6
5692.0,596.4
5693.0,855.2
5694.0,922.8
5695.0,767.6
5696.0,680.4
5697.0,717.0
5698.0,885.2
5699.0,830.8
5700.0,854.4
5701.0,866.0
5702.0,666.2
5703.0,819.6
5704.0,840.0
5705.0,817.0
5706.0,722.4
5707.0,680.0
5708.0,980.6
5709.0,808.4
5710.0,999.0
5711.0,751.0
5712.0,974.6
5713.0,891.6
5714.0,813.6
5715.0,807.8
5716.0,808.4
5717.0,907.4
5718.0,695.2
5719.0,966.4
5720.0,916.4
5721.0,905.0
5722.0,691.4
5723.0,843.0
5724.0,820.2
5725.0,847.2
5726.0,772.6
5727.0,783.6
5728.0,856.6
5729.0,822.0
5730.0,675.8
5731.0,669.4
5732.0,828.0
5733.0,857.0
5734.0,590.0
5735.0,695.2
5736.0,924.2
5737.0,697.4
5738.0,884.8
5739.0,766.0
5740.0,693.2
5741.0,815.4
5742.0,763.6
5743.0,960.0
5744.0,851.8
5745.0,892.2
5746.0,862.8
5747.0,813.4
5748.0,840.4
5749.0,817.2
5750.0,733.8
5751.0,800.2
5752.0,941.0
5753.0,919.0
5754.0,781.4
5755.0,771.2
5756.0,943.2
5757.0,849.0
5758.0,846.0
5759.0,808.6
5760.0,952.6
5761.0,843.6
5762.0,881.6
5763.0,884.6
5764.0,810.8
5765.0,937.6
5766.0,750.8
5767.0,858.0
5768.0,642.6
5769.0,672.6
5770.0,933.2
5771.0,854.6
5772.0,793.4
5773.0,816.6
5774.0,686.4
5775.0,526.6
5776.0,779.8
5777.0,955.6
5778.0,778.0
5779.0,689.6
5780.0,762.8
5781.0,773.6
5782.0,693.8
5783.0,868.8
5784.0,781.8
5785.0,916.4
5786.0,731.8
5787.0,740.4
5788.0,651.2
5789.0,856.0
5790.0,710.6
5791.0,867.4
5792.0,746.0
5793.0,755.0
5794.0,722.2
5795.0,799.4
5796.0,725.8
5797.0,824.4
5798.0,741.6
5799.0,735.6
5800.0,760.6
5801.0,607.6
5802.0,740.0
5803.0,769.6
5804.0,722.8
5805.0,856.2
5806.0,766.8
5807.0,725.6
5808.0,660.2
5809.0,741.4
5810.0,832.8
5811.0,726.0
5812.0,855.6
5813.0,819.8
5814.0,847.0
5815.0,798.6
5816.0,752.2
5817.0,761.8
5818.0,559.4
5819.0,658.2
5820.0,745.8
5821.0,793.2
5822.0,635.2
5823.0,628.2
5824.0,802.6
5825.0,534.0
5826.0,614.6
5827.0,607.0
5828.0,741.8
5829.0,632.2
5830.0,625.4
5831.0,571.4
5832.0,500.4
5833.0,575.4
5834.0,665.2
5835.0,634.0
5836.0,587.0
5837.0,660.6
5838.0,618.6
5839.0,555.4
5840.0,734.6
5841.0,512.0
5842.0,741.2
5843.0,602.2
5844.0,533.6
5845.0,673.2
5846.0,697.4
5847.0,651.8
5848.0,746.2
5849.0,576.2
5850.0,595.4
5851.0,695.4
5852.0,658.2
5853.0,586.8
5854.0,776.8
5855.0,722.4
5856.0,727.8
5857.0,639.8
5858.0,663.4
5859.0,660.8
5860.0,535.2
5861.0,629.6
5862.0,460.2
5863.0,596.4
5864.0,493.0
5865.0,567.0
5866.0,713.6
5867.0,715.8
5868.0,580.8
5869.0,633.4
5870.0,596.2
5871.0,711.8
5872.0,723.0
5873.0,564.0
5874.0,495.2
5875.0,546.0
5876.0,666.0
5877.0,750.6
5878.0,578.0
5879.0,666.2
5880.0,667.2
5881.0,599.0
5882.0,722.4
5883.0,706.0
5884.0,741.4
5885.0,614.2
5886.0,714.4
5887.0,747.8
5888.0,782.2
5889.0,670.8
5890.0,599.2
5891.0,833.8
5892.0,744.4
5893.0,688.6
5894.0,626.0
5895.0,653.6
5896.0,581.6
5897.0,816.2
5898.0,787.4
5899.0,851.2
5900.0,665.0
5901.0,883.4
5902.0,593.8
5903.0,789.2
5904.0,769.0
5905.0,791.4
5906.0,829.2
5907.0,696.6
5908.0,697.4
5909.0,870.2
5910.0,931.6
5911.0,783.4
5912.0,817.6
5913.0,867.6
5914.0,727.8
5915.0,813.0
5916.0,836.0
5917.0,670.2
5918.0,905.6
5919.0,806.2
5920.0,724.6
5921.0,819.2
5922.0,790.0
5923.0,845.6
5924.0,849.2
5925.0,757.8
5926.0,862.6
5927.0,785.4
5928.0,949.2
5929.0,665.6
5930.0,770.8
5931.0,777.0
5932.0,759.8
5933.0,694.4
5934.0,495.2
5935.0,748.6
5936.0,813.2
5937.0,602.0
5938.0,659.2
5939.0,653.0
5940.0,612.4
5941.0,817.8
5942.0,805.6
5943.0,806.2
5944.0,615.6
5945.0,609.6
5946.0,831.2
5947.0,787.8
5948.0,602.4
5949.0,592.0
5950.0,555.6
5951.0,701.0
5952.0,799.0
5953.0,790.8
5954.0,597.4
5955.0,642.0
5956.0,802.6
5957.0,698.0
5958.0,779.8
5959.0,757.8
5960.0,747.0
5961.0,637.2
5962.0,678.4
5963.0,612.6
5964.0,958.2
5965.0,749.8
5966.0,688.6
5967.0,857.8
5968.0,753.8
5969.0,833.6
5970.0,669.0
5971.0,821.6
5972.0,822.6
5973.0,672.0
5974.0,816.0
5975.0,703.0
5976.0,779.2
5977.0,959.4
5978.0,853.2
5979.0,750.6
5980.0,951.8
5981.0,999.0
5982.0,868.0
5983.0,999.0
5984.0,935.2
5985.0,950.6
5986.0,789.2
5987.0,915.4
5988.0,780.8
5989.0,696.8
5990.0,891.4
5991.0,837.0
5992.0,845.0
5993.0,949.8
5994.0,630.0
5995.0,937.8
5996.0,673.0
5997.0,879.8
5998.0,832.8
5999.0,799.6
6000.0,936.8
