Episode,Agent 8
1.0,6.0
2.0,5.0
3.0,13.0
4.0,7.0
5.0,11.0
6.0,7.0
7.0,19.0
8.0,7.0
9.0,8.0
10.0,8.0
11.0,6.0
12.0,5.0
13.0,17.0
14.0,7.0
15.0,13.0
16.0,7.0
17.0,14.0
18.0,11.0
19.0,9.0
20.0,13.0
21.0,10.0
22.0,13.0
23.0,3.0
24.0,5.0
25.0,5.0
26.0,13.0
27.0,5.0
28.0,6.0
29.0,14.0
30.0,3.0
31.0,9.0
32.0,27.0
33.0,16.0
34.0,9.0
35.0,7.0
36.0,7.0
37.0,9.0
38.0,21.0
39.0,7.0
40.0,8.0
41.0,5.0
42.0,15.0
43.0,5.0
44.0,6.0
45.0,5.0
46.0,7.0
47.0,16.0
48.0,7.0
49.0,5.0
50.0,5.0
51.0,11.0
52.0,3.0
53.0,5.0
54.0,4.0
55.0,5.0
56.0,9.0
57.0,5.0
58.0,16.0
59.0,7.0
60.0,6.0
61.0,12.0
62.0,15.0
63.0,8.0
64.0,9.0
65.0,8.0
66.0,36.0
67.0,7.0
68.0,11.0
69.0,32.0
70.0,8.0
71.0,15.0
72.0,4.0
73.0,7.0
74.0,6.0
75.0,7.0
76.0,9.0
77.0,12.0
78.0,4.0
79.0,13.0
80.0,3.0
81.0,6.0
82.0,7.0
83.0,9.0
84.0,15.0
85.0,10.0
86.0,16.0
87.0,7.0
88.0,4.0
89.0,10.0
90.0,4.0
91.0,7.0
92.0,14.0
93.0,7.0
94.0,14.0
95.0,18.0
96.0,4.0
97.0,9.0
98.0,12.0
99.0,15.0
100.0,5.0
101.0,10.0
102.0,6.0
103.0,15.0
104.0,11.0
105.0,8.0
106.0,7.0
107.0,12.0
108.0,4.0
109.0,5.0
110.0,12.0
111.0,17.0
112.0,8.0
113.0,8.0
114.0,21.0
115.0,23.0
116.0,12.0
117.0,7.0
118.0,4.0
119.0,11.0
120.0,10.0
121.0,12.0
122.0,11.0
123.0,5.0
124.0,15.0
125.0,8.0
126.0,7.0
127.0,38.0
128.0,6.0
129.0,11.0
130.0,17.0
131.0,9.0
132.0,5.0
133.0,5.0
134.0,13.0
135.0,4.0
136.0,7.0
137.0,7.0
138.0,6.0
139.0,9.0
140.0,5.0
141.0,6.0
142.0,8.0
143.0,5.0
144.0,13.0
145.0,4.0
146.0,4.0
147.0,6.0
148.0,5.0
149.0,6.0
150.0,8.0
151.0,9.0
152.0,12.0
153.0,10.0
154.0,9.0
155.0,16.0
156.0,6.0
157.0,6.0
158.0,6.0
159.0,7.0
160.0,15.0
161.0,7.0
162.0,7.0
163.0,4.0
164.0,4.0
165.0,11.0
166.0,4.0
167.0,16.0
168.0,10.0
169.0,4.0
170.0,12.0
171.0,9.0
172.0,4.0
173.0,6.0
174.0,9.0
175.0,9.0
176.0,5.0
177.0,4.0
178.0,20.0
179.0,7.0
180.0,6.0
181.0,9.0
182.0,8.0
183.0,5.0
184.0,7.0
185.0,21.0
186.0,9.0
187.0,8.0
188.0,5.0
189.0,13.0
190.0,6.0
191.0,9.0
192.0,5.0
193.0,9.0
194.0,8.0
195.0,5.0
196.0,9.0
197.0,4.0
198.0,7.0
199.0,31.0
200.0,5.0
201.0,15.0
202.0,18.0
203.0,10.0
204.0,7.0
205.0,8.0
206.0,7.0
207.0,10.0
208.0,10.0
209.0,10.0
210.0,20.0
211.0,5.0
212.0,8.0
213.0,8.0
214.0,5.0
215.0,5.0
216.0,9.0
217.0,15.0
218.0,9.0
219.0,6.0
220.0,4.0
221.0,10.0
222.0,7.0
223.0,5.0
224.0,9.0
225.0,25.0
226.0,30.0
227.0,4.0
228.0,10.0
229.0,9.0
230.0,10.0
231.0,8.0
232.0,5.0
233.0,5.0
234.0,13.0
235.0,16.0
236.0,13.0
237.0,6.0
238.0,18.0
239.0,6.0
240.0,5.0
241.0,7.0
242.0,8.0
243.0,3.0
244.0,16.0
245.0,19.0
246.0,9.0
247.0,10.0
248.0,8.0
249.0,6.0
250.0,5.0
251.0,6.0
252.0,4.0
253.0,14.0
254.0,5.0
255.0,7.0
256.0,5.0
257.0,10.0
258.0,8.0
259.0,5.0
260.0,9.0
261.0,7.0
262.0,11.0
263.0,7.0
264.0,7.0
265.0,7.0
266.0,7.0
267.0,11.0
268.0,8.0
269.0,11.0
270.0,4.0
271.0,5.0
272.0,16.0
273.0,11.0
274.0,6.0
275.0,20.0
276.0,15.0
277.0,20.0
278.0,6.0
279.0,8.0
280.0,7.0
281.0,10.0
282.0,13.0
283.0,4.0
284.0,11.0
285.0,31.0
286.0,8.0
287.0,19.0
288.0,9.0
289.0,7.0
290.0,18.0
291.0,13.0
292.0,9.0
293.0,4.0
294.0,7.0
295.0,5.0
296.0,3.0
297.0,8.0
298.0,4.0
299.0,9.0
300.0,6.0
301.0,5.0
302.0,4.0
303.0,4.0
304.0,15.0
305.0,36.0
306.0,5.0
307.0,22.0
308.0,6.0
309.0,5.0
310.0,6.0
311.0,13.0
312.0,13.0
313.0,14.0
314.0,5.0
315.0,10.0
316.0,26.0
317.0,6.0
318.0,6.0
319.0,25.0
320.0,7.0
321.0,40.0
322.0,18.0
323.0,21.0
324.0,11.0
325.0,4.0
326.0,4.0
327.0,9.0
328.0,23.0
329.0,11.0
330.0,18.0
331.0,9.0
332.0,7.0
333.0,8.0
334.0,11.0
335.0,18.0
336.0,6.0
337.0,10.0
338.0,13.0
339.0,6.0
340.0,9.0
341.0,8.0
342.0,35.0
343.0,3.0
344.0,8.0
345.0,9.0
346.0,6.0
347.0,10.0
348.0,12.0
349.0,8.0
350.0,8.0
351.0,5.0
352.0,9.0
353.0,16.0
354.0,20.0
355.0,6.0
356.0,9.0
357.0,7.0
358.0,10.0
359.0,5.0
360.0,5.0
361.0,19.0
362.0,19.0
363.0,4.0
364.0,20.0
365.0,17.0
366.0,29.0
367.0,6.0
368.0,9.0
369.0,5.0
370.0,6.0
371.0,9.0
372.0,17.0
373.0,13.0
374.0,15.0
375.0,6.0
376.0,4.0
377.0,18.0
378.0,6.0
379.0,10.0
380.0,6.0
381.0,17.0
382.0,12.0
383.0,9.0
384.0,13.0
385.0,13.0
386.0,22.0
387.0,5.0
388.0,4.0
389.0,9.0
390.0,8.0
391.0,10.0
392.0,19.0
393.0,26.0
394.0,31.0
395.0,9.0
396.0,21.0
397.0,6.0
398.0,14.0
399.0,24.0
400.0,19.0
401.0,34.0
402.0,7.0
403.0,10.0
404.0,7.0
405.0,34.0
406.0,10.0
407.0,13.0
408.0,4.0
409.0,3.0
410.0,6.0
411.0,6.0
412.0,11.0
413.0,15.0
414.0,10.0
415.0,9.0
416.0,7.0
417.0,6.0
418.0,13.0
419.0,11.0
420.0,15.0
421.0,10.0
422.0,8.0
423.0,10.0
424.0,20.0
425.0,17.0
426.0,11.0
427.0,6.0
428.0,7.0
429.0,18.0
430.0,10.0
431.0,31.0
432.0,14.0
433.0,12.0
434.0,11.0
435.0,8.0
436.0,8.0
437.0,9.0
438.0,10.0
439.0,5.0
440.0,7.0
441.0,11.0
442.0,17.0
443.0,20.0
444.0,20.0
445.0,7.0
446.0,16.0
447.0,5.0
448.0,8.0
449.0,6.0
450.0,19.0
451.0,16.0
452.0,15.0
453.0,9.0
454.0,16.0
455.0,21.0
456.0,6.0
457.0,10.0
458.0,17.0
459.0,11.0
460.0,4.0
461.0,14.0
462.0,13.0
463.0,16.0
464.0,11.0
465.0,7.0
466.0,7.0
467.0,8.0
468.0,7.0
469.0,6.0
470.0,12.0
471.0,9.0
472.0,5.0
473.0,11.0
474.0,6.0
475.0,11.0
476.0,6.0
477.0,3.0
478.0,23.0
479.0,34.0
480.0,11.0
481.0,23.0
482.0,15.0
483.0,12.0
484.0,6.0
485.0,11.0
486.0,9.0
487.0,6.0
488.0,3.0
489.0,13.0
490.0,21.0
491.0,13.0
492.0,20.0
493.0,7.0
494.0,10.0
495.0,12.0
496.0,33.0
497.0,17.0
498.0,11.0
499.0,4.0
500.0,10.0
501.0,10.0
502.0,24.0
503.0,11.0
504.0,21.0
505.0,12.0
506.0,7.0
507.0,26.0
508.0,10.0
509.0,12.0
510.0,7.0
511.0,6.0
512.0,7.0
513.0,13.0
514.0,4.0
515.0,7.0
516.0,9.0
517.0,30.0
518.0,10.0
519.0,21.0
520.0,11.0
521.0,11.0
522.0,51.0
523.0,9.0
524.0,18.0
525.0,29.0
526.0,9.0
527.0,39.0
528.0,27.0
529.0,15.0
530.0,16.0
531.0,16.0
532.0,4.0
533.0,12.0
534.0,13.0
535.0,7.0
536.0,9.0
537.0,27.0
538.0,16.0
539.0,13.0
540.0,5.0
541.0,5.0
542.0,7.0
543.0,53.0
544.0,9.0
545.0,5.0
546.0,8.0
547.0,6.0
548.0,13.0
549.0,6.0
550.0,13.0
551.0,5.0
552.0,9.0
553.0,6.0
554.0,11.0
555.0,10.0
556.0,21.0
557.0,6.0
558.0,18.0
559.0,6.0
560.0,13.0
561.0,28.0
562.0,15.0
563.0,28.0
564.0,8.0
565.0,10.0
566.0,16.0
567.0,15.0
568.0,11.0
569.0,18.0
570.0,15.0
571.0,30.0
572.0,16.0
573.0,10.0
574.0,6.0
575.0,8.0
576.0,14.0
577.0,7.0
578.0,10.0
579.0,5.0
580.0,14.0
581.0,16.0
582.0,34.0
583.0,8.0
584.0,5.0
585.0,9.0
586.0,19.0
587.0,5.0
588.0,11.0
589.0,26.0
590.0,32.0
591.0,17.0
592.0,9.0
593.0,15.0
594.0,18.0
595.0,16.0
596.0,9.0
597.0,14.0
598.0,9.0
599.0,12.0
600.0,18.0
601.0,4.0
602.0,4.0
603.0,22.0
604.0,5.0
605.0,14.0
606.0,10.0
607.0,27.0
608.0,17.0
609.0,8.0
610.0,16.0
611.0,4.0
612.0,20.0
613.0,13.0
614.0,10.0
615.0,14.0
616.0,14.0
617.0,42.0
618.0,26.0
619.0,7.0
620.0,11.0
621.0,10.0
622.0,41.0
623.0,8.0
624.0,15.0
625.0,10.0
626.0,18.0
627.0,8.0
628.0,18.0
629.0,28.0
630.0,4.0
631.0,4.0
632.0,10.0
633.0,25.0
634.0,29.0
635.0,26.0
636.0,4.0
637.0,19.0
638.0,15.0
639.0,53.0
640.0,4.0
641.0,52.0
642.0,9.0
643.0,14.0
644.0,4.0
645.0,8.0
646.0,57.0
647.0,3.0
648.0,19.0
649.0,6.0
650.0,6.0
651.0,16.0
652.0,7.0
653.0,19.0
654.0,9.0
655.0,13.0
656.0,24.0
657.0,15.0
658.0,8.0
659.0,12.0
660.0,5.0
661.0,12.0
662.0,27.0
663.0,20.0
664.0,6.0
665.0,7.0
666.0,13.0
667.0,12.0
668.0,12.0
669.0,15.0
670.0,20.0
671.0,10.0
672.0,8.0
673.0,6.0
674.0,19.0
675.0,8.0
676.0,33.0
677.0,19.0
678.0,7.0
679.0,8.0
680.0,9.0
681.0,11.0
682.0,12.0
683.0,10.0
684.0,6.0
685.0,6.0
686.0,24.0
687.0,22.0
688.0,18.0
689.0,14.0
690.0,13.0
691.0,28.0
692.0,8.0
693.0,19.0
694.0,5.0
695.0,23.0
696.0,8.0
697.0,14.0
698.0,30.0
699.0,4.0
700.0,32.0
701.0,8.0
702.0,6.0
703.0,20.0
704.0,8.0
705.0,10.0
706.0,18.0
707.0,15.0
708.0,7.0
709.0,18.0
710.0,12.0
711.0,15.0
712.0,9.0
713.0,5.0
714.0,45.0
715.0,13.0
716.0,13.0
717.0,17.0
718.0,17.0
719.0,24.0
720.0,16.0
721.0,8.0
722.0,14.0
723.0,20.0
724.0,17.0
725.0,6.0
726.0,9.0
727.0,23.0
728.0,10.0
729.0,4.0
730.0,32.0
731.0,9.0
732.0,13.0
733.0,7.0
734.0,10.0
735.0,34.0
736.0,26.0
737.0,7.0
738.0,39.0
739.0,9.0
740.0,21.0
741.0,16.0
742.0,20.0
743.0,22.0
744.0,18.0
745.0,11.0
746.0,54.0
747.0,19.0
748.0,17.0
749.0,11.0
750.0,35.0
751.0,41.0
752.0,11.0
753.0,4.0
754.0,9.0
755.0,12.0
756.0,12.0
757.0,21.0
758.0,23.0
759.0,12.0
760.0,20.0
761.0,26.0
762.0,7.0
763.0,46.0
764.0,12.0
765.0,14.0
766.0,9.0
767.0,15.0
768.0,18.0
769.0,4.0
770.0,18.0
771.0,10.0
772.0,22.0
773.0,35.0
774.0,7.0
775.0,5.0
776.0,7.0
777.0,11.0
778.0,22.0
779.0,23.0
780.0,4.0
781.0,12.0
782.0,39.0
783.0,9.0
784.0,10.0
785.0,10.0
786.0,18.0
787.0,19.0
788.0,25.0
789.0,5.0
790.0,8.0
791.0,11.0
792.0,8.0
793.0,16.0
794.0,6.0
795.0,21.0
796.0,11.0
797.0,69.0
798.0,15.0
799.0,19.0
800.0,30.0
801.0,57.0
802.0,54.0
803.0,25.0
804.0,13.0
805.0,12.0
806.0,21.0
807.0,29.0
808.0,37.0
809.0,17.0
810.0,6.0
811.0,12.0
812.0,44.0
813.0,53.0
814.0,11.0
815.0,13.0
816.0,16.0
817.0,7.0
818.0,8.0
819.0,14.0
820.0,23.0
821.0,68.0
822.0,10.0
823.0,25.0
824.0,7.0
825.0,13.0
826.0,7.0
827.0,6.0
828.0,16.0
829.0,28.0
830.0,23.0
831.0,9.0
832.0,6.0
833.0,16.0
834.0,8.0
835.0,6.0
836.0,18.0
837.0,80.0
838.0,15.0
839.0,36.0
840.0,15.0
841.0,29.0
842.0,7.0
843.0,24.0
844.0,8.0
845.0,13.0
846.0,28.0
847.0,19.0
848.0,10.0
849.0,15.0
850.0,14.0
851.0,50.0
852.0,16.0
853.0,26.0
854.0,11.0
855.0,8.0
856.0,37.0
857.0,12.0
858.0,20.0
859.0,17.0
860.0,17.0
861.0,20.0
862.0,17.0
863.0,9.0
864.0,60.0
865.0,9.0
866.0,9.0
867.0,6.0
868.0,41.0
869.0,14.0
870.0,10.0
871.0,30.0
872.0,12.0
873.0,20.0
874.0,9.0
875.0,39.0
876.0,37.0
877.0,14.0
878.0,43.0
879.0,11.0
880.0,27.0
881.0,28.0
882.0,14.0
883.0,21.0
884.0,51.0
885.0,7.0
886.0,30.0
887.0,17.0
888.0,28.0
889.0,17.0
890.0,47.0
891.0,5.0
892.0,11.0
893.0,31.0
894.0,27.0
895.0,19.0
896.0,27.0
897.0,19.0
898.0,18.0
899.0,19.0
900.0,6.0
901.0,15.0
902.0,20.0
903.0,21.0
904.0,33.0
905.0,15.0
906.0,12.0
907.0,11.0
908.0,17.0
909.0,19.0
910.0,21.0
911.0,19.0
912.0,10.0
913.0,6.0
914.0,46.0
915.0,13.0
916.0,47.0
917.0,70.0
918.0,10.0
919.0,20.0
920.0,30.0
921.0,46.0
922.0,16.0
923.0,22.0
924.0,17.0
925.0,17.0
926.0,20.0
927.0,20.0
928.0,40.0
929.0,21.0
930.0,11.0
931.0,7.0
932.0,23.0
933.0,18.0
934.0,25.0
935.0,15.0
936.0,35.0
937.0,12.0
938.0,30.0
939.0,19.0
940.0,16.0
941.0,9.0
942.0,21.0
943.0,61.0
944.0,27.0
945.0,9.0
946.0,33.0
947.0,18.0
948.0,21.0
949.0,17.0
950.0,35.0
951.0,53.0
952.0,25.0
953.0,42.0
954.0,28.0
955.0,36.0
956.0,16.0
957.0,17.0
958.0,11.0
959.0,21.0
960.0,21.0
961.0,36.0
962.0,28.0
963.0,24.0
964.0,15.0
965.0,16.0
966.0,33.0
967.0,33.0
968.0,48.0
969.0,20.0
970.0,36.0
971.0,27.0
972.0,23.0
973.0,24.0
974.0,34.0
975.0,18.0
976.0,14.0
977.0,10.0
978.0,38.0
979.0,11.0
980.0,21.0
981.0,17.0
982.0,25.0
983.0,14.0
984.0,15.0
985.0,43.0
986.0,41.0
987.0,50.0
988.0,17.0
989.0,5.0
990.0,18.0
991.0,29.0
992.0,45.0
993.0,24.0
994.0,18.0
995.0,27.0
996.0,26.0
997.0,20.0
998.0,21.0
999.0,27.0
1000.0,25.0
1001.0,10.0
1002.0,17.0
1003.0,42.0
1004.0,15.0
1005.0,34.0
1006.0,49.0
1007.0,26.0
1008.0,52.0
1009.0,20.0
1010.0,23.0
1011.0,67.0
1012.0,28.0
1013.0,45.0
1014.0,17.0
1015.0,36.0
1016.0,26.0
1017.0,25.0
1018.0,18.0
1019.0,27.0
1020.0,48.0
1021.0,39.0
1022.0,20.0
1023.0,40.0
1024.0,49.0
1025.0,46.0
1026.0,15.0
1027.0,29.0
1028.0,11.0
1029.0,33.0
1030.0,20.0
1031.0,27.0
1032.0,16.0
1033.0,41.0
1034.0,22.0
1035.0,12.0
1036.0,39.0
1037.0,27.0
1038.0,18.0
1039.0,13.0
1040.0,30.0
1041.0,33.0
1042.0,20.0
1043.0,9.0
1044.0,16.0
1045.0,12.0
1046.0,52.0
1047.0,55.0
1048.0,28.0
1049.0,13.0
1050.0,11.0
1051.0,26.0
1052.0,24.0
1053.0,29.0
1054.0,13.0
1055.0,16.0
1056.0,18.0
1057.0,11.0
1058.0,11.0
1059.0,26.0
1060.0,29.0
1061.0,13.0
1062.0,17.0
1063.0,45.0
1064.0,17.0
1065.0,22.0
1066.0,39.0
1067.0,20.0
1068.0,19.0
1069.0,9.0
1070.0,26.0
1071.0,17.0
1072.0,23.0
1073.0,55.0
1074.0,19.0
1075.0,57.0
1076.0,19.0
1077.0,5.0
1078.0,20.0
1079.0,43.0
1080.0,17.0
1081.0,9.0
1082.0,39.0
1083.0,27.0
1084.0,24.0
1085.0,18.0
1086.0,14.0
1087.0,16.0
1088.0,11.0
1089.0,44.0
1090.0,40.0
1091.0,82.0
1092.0,15.0
1093.0,36.0
1094.0,38.0
1095.0,15.0
1096.0,42.0
1097.0,21.0
1098.0,36.0
1099.0,43.0
1100.0,21.0
1101.0,12.0
1102.0,25.0
1103.0,53.0
1104.0,18.0
1105.0,15.0
1106.0,17.0
1107.0,39.0
1108.0,31.0
1109.0,28.0
1110.0,32.0
1111.0,16.0
1112.0,30.0
1113.0,14.0
1114.0,16.0
1115.0,41.0
1116.0,28.0
1117.0,10.0
1118.0,16.0
1119.0,33.0
1120.0,32.0
1121.0,28.0
1122.0,58.0
1123.0,35.0
1124.0,69.0
1125.0,42.0
1126.0,17.0
1127.0,30.0
1128.0,12.0
1129.0,22.0
1130.0,25.0
1131.0,26.0
1132.0,50.0
1133.0,95.0
1134.0,9.0
1135.0,16.0
1136.0,18.0
1137.0,23.0
1138.0,31.0
1139.0,26.0
1140.0,43.0
1141.0,21.0
1142.0,17.0
1143.0,29.0
1144.0,38.0
1145.0,50.0
1146.0,24.0
1147.0,88.0
1148.0,36.0
1149.0,15.0
1150.0,13.0
1151.0,28.0
1152.0,32.0
1153.0,29.0
1154.0,23.0
1155.0,45.0
1156.0,14.0
1157.0,14.0
1158.0,23.0
1159.0,23.0
1160.0,17.0
1161.0,43.0
1162.0,23.0
1163.0,60.0
1164.0,24.0
1165.0,31.0
1166.0,15.0
1167.0,37.0
1168.0,24.0
1169.0,95.0
1170.0,23.0
1171.0,24.0
1172.0,26.0
1173.0,59.0
1174.0,31.0
1175.0,29.0
1176.0,37.0
1177.0,13.0
1178.0,23.0
1179.0,31.0
1180.0,33.0
1181.0,23.0
1182.0,37.0
1183.0,29.0
1184.0,25.0
1185.0,18.0
1186.0,44.0
1187.0,34.0
1188.0,56.0
1189.0,47.0
1190.0,32.0
1191.0,37.0
1192.0,22.0
1193.0,28.0
1194.0,21.0
1195.0,48.0
1196.0,45.0
1197.0,31.0
1198.0,11.0
1199.0,26.0
1200.0,26.0
1201.0,17.0
1202.0,18.0
1203.0,46.0
1204.0,32.0
1205.0,44.0
1206.0,23.0
1207.0,97.0
1208.0,49.0
1209.0,43.0
1210.0,24.0
1211.0,102.0
1212.0,13.0
1213.0,29.0
1214.0,19.0
1215.0,54.0
1216.0,57.0
1217.0,63.0
1218.0,21.0
1219.0,26.0
1220.0,31.0
1221.0,33.0
1222.0,13.0
1223.0,16.0
1224.0,13.0
1225.0,20.0
1226.0,21.0
1227.0,47.0
1228.0,79.0
1229.0,59.0
1230.0,56.0
1231.0,28.0
1232.0,33.0
1233.0,16.0
1234.0,64.0
1235.0,26.0
1236.0,46.0
1237.0,25.0
1238.0,37.0
1239.0,31.0
1240.0,26.0
1241.0,87.0
1242.0,44.0
1243.0,26.0
1244.0,15.0
1245.0,18.0
1246.0,20.0
1247.0,17.0
1248.0,39.0
1249.0,34.0
1250.0,35.0
1251.0,37.0
1252.0,53.0
1253.0,59.0
1254.0,35.0
1255.0,30.0
1256.0,51.0
1257.0,53.0
1258.0,76.0
1259.0,33.0
1260.0,28.0
1261.0,67.0
1262.0,25.0
1263.0,41.0
1264.0,51.0
1265.0,57.0
1266.0,13.0
1267.0,40.0
1268.0,19.0
1269.0,18.0
1270.0,45.0
1271.0,50.0
1272.0,19.0
1273.0,19.0
1274.0,40.0
1275.0,22.0
1276.0,55.0
1277.0,26.0
1278.0,49.0
1279.0,9.0
1280.0,60.0
1281.0,62.0
1282.0,12.0
1283.0,27.0
1284.0,19.0
1285.0,27.0
1286.0,31.0
1287.0,77.0
1288.0,46.0
1289.0,43.0
1290.0,38.0
1291.0,35.0
1292.0,24.0
1293.0,66.0
1294.0,13.0
1295.0,51.0
1296.0,28.0
1297.0,27.0
1298.0,57.0
1299.0,28.0
1300.0,37.0
1301.0,29.0
1302.0,21.0
1303.0,12.0
1304.0,40.0
1305.0,48.0
1306.0,14.0
1307.0,24.0
1308.0,32.0
1309.0,24.0
1310.0,59.0
1311.0,39.0
1312.0,46.0
1313.0,23.0
1314.0,40.0
1315.0,35.0
1316.0,62.0
1317.0,35.0
1318.0,7.0
1319.0,52.0
1320.0,90.0
1321.0,73.0
1322.0,22.0
1323.0,50.0
1324.0,15.0
1325.0,21.0
1326.0,25.0
1327.0,33.0
1328.0,34.0
1329.0,34.0
1330.0,33.0
1331.0,60.0
1332.0,17.0
1333.0,25.0
1334.0,48.0
1335.0,44.0
1336.0,36.0
1337.0,66.0
1338.0,56.0
1339.0,18.0
1340.0,36.0
1341.0,28.0
1342.0,39.0
1343.0,28.0
1344.0,26.0
1345.0,12.0
1346.0,57.0
1347.0,46.0
1348.0,57.0
1349.0,67.0
1350.0,40.0
1351.0,51.0
1352.0,52.0
1353.0,38.0
1354.0,54.0
1355.0,45.0
1356.0,27.0
1357.0,25.0
1358.0,20.0
1359.0,53.0
1360.0,63.0
1361.0,87.0
1362.0,66.0
1363.0,79.0
1364.0,42.0
1365.0,43.0
1366.0,43.0
1367.0,61.0
1368.0,36.0
1369.0,37.0
1370.0,48.0
1371.0,68.0
1372.0,44.0
1373.0,49.0
1374.0,20.0
1375.0,54.0
1376.0,104.0
1377.0,28.0
1378.0,25.0
1379.0,25.0
1380.0,71.0
1381.0,60.0
1382.0,53.0
1383.0,35.0
1384.0,43.0
1385.0,51.0
1386.0,38.0
1387.0,29.0
1388.0,88.0
1389.0,74.0
1390.0,55.0
1391.0,31.0
1392.0,34.0
1393.0,45.0
1394.0,54.0
1395.0,50.0
1396.0,84.0
1397.0,31.0
1398.0,58.0
1399.0,34.0
1400.0,26.0
1401.0,22.0
1402.0,54.0
1403.0,70.0
1404.0,22.0
1405.0,40.0
1406.0,14.0
1407.0,36.0
1408.0,51.0
1409.0,60.0
1410.0,68.0
1411.0,46.0
1412.0,53.0
1413.0,35.0
1414.0,41.0
1415.0,43.0
1416.0,40.0
1417.0,52.0
1418.0,37.0
1419.0,36.0
1420.0,29.0
1421.0,56.0
1422.0,78.0
1423.0,75.0
1424.0,66.0
1425.0,40.0
1426.0,21.0
1427.0,60.0
1428.0,47.0
1429.0,20.0
1430.0,43.0
1431.0,67.0
1432.0,97.0
1433.0,58.0
1434.0,36.0
1435.0,18.0
1436.0,62.0
1437.0,64.0
1438.0,52.0
1439.0,53.0
1440.0,45.0
1441.0,67.0
1442.0,23.0
1443.0,51.0
1444.0,52.0
1445.0,55.0
1446.0,62.0
1447.0,79.0
1448.0,55.0
1449.0,112.0
1450.0,67.0
1451.0,40.0
1452.0,32.0
1453.0,64.0
1454.0,48.0
1455.0,45.0
1456.0,64.0
1457.0,13.0
1458.0,41.0
1459.0,39.0
1460.0,41.0
1461.0,31.0
1462.0,97.0
1463.0,38.0
1464.0,65.0
1465.0,96.0
1466.0,42.0
1467.0,40.0
1468.0,43.0
1469.0,28.0
1470.0,125.0
1471.0,51.0
1472.0,39.0
1473.0,48.0
1474.0,73.0
1475.0,76.0
1476.0,78.0
1477.0,50.0
1478.0,55.0
1479.0,49.0
1480.0,51.0
1481.0,39.0
1482.0,81.0
1483.0,36.0
1484.0,33.0
1485.0,51.0
1486.0,39.0
1487.0,48.0
1488.0,50.0
1489.0,100.0
1490.0,56.0
1491.0,70.0
1492.0,75.0
1493.0,25.0
1494.0,73.0
1495.0,55.0
1496.0,19.0
1497.0,47.0
1498.0,29.0
1499.0,63.0
1500.0,133.0
1501.0,72.0
1502.0,181.0
1503.0,57.0
1504.0,102.0
1505.0,174.0
1506.0,39.0
1507.0,99.0
1508.0,41.0
1509.0,18.0
1510.0,44.0
1511.0,51.0
1512.0,46.0
1513.0,42.0
1514.0,43.0
1515.0,58.0
1516.0,41.0
1517.0,46.0
1518.0,52.0
1519.0,26.0
1520.0,31.0
1521.0,62.0
1522.0,74.0
1523.0,25.0
1524.0,92.0
1525.0,37.0
1526.0,48.0
1527.0,38.0
1528.0,50.0
1529.0,43.0
1530.0,57.0
1531.0,46.0
1532.0,69.0
1533.0,49.0
1534.0,43.0
1535.0,41.0
1536.0,45.0
1537.0,21.0
1538.0,48.0
1539.0,68.0
1540.0,23.0
1541.0,55.0
1542.0,52.0
1543.0,53.0
1544.0,106.0
1545.0,59.0
1546.0,35.0
1547.0,59.0
1548.0,151.0
1549.0,74.0
1550.0,61.0
1551.0,97.0
1552.0,49.0
1553.0,57.0
1554.0,45.0
1555.0,48.0
1556.0,52.0
1557.0,53.0
1558.0,55.0
1559.0,84.0
1560.0,16.0
1561.0,76.0
1562.0,49.0
1563.0,87.0
1564.0,60.0
1565.0,34.0
1566.0,111.0
1567.0,53.0
1568.0,69.0
1569.0,49.0
1570.0,71.0
1571.0,99.0
1572.0,25.0
1573.0,59.0
1574.0,62.0
1575.0,50.0
1576.0,75.0
1577.0,84.0
1578.0,45.0
1579.0,29.0
1580.0,46.0
1581.0,22.0
1582.0,74.0
1583.0,117.0
1584.0,78.0
1585.0,71.0
1586.0,175.0
1587.0,50.0
1588.0,80.0
1589.0,43.0
1590.0,51.0
1591.0,50.0
1592.0,57.0
1593.0,89.0
1594.0,50.0
1595.0,112.0
1596.0,91.0
1597.0,77.0
1598.0,70.0
1599.0,70.0
1600.0,53.0
1601.0,103.0
1602.0,45.0
1603.0,94.0
1604.0,171.0
1605.0,42.0
1606.0,51.0
1607.0,48.0
1608.0,46.0
1609.0,69.0
1610.0,93.0
1611.0,56.0
1612.0,26.0
1613.0,75.0
1614.0,77.0
1615.0,55.0
1616.0,140.0
1617.0,59.0
1618.0,113.0
1619.0,44.0
1620.0,71.0
1621.0,47.0
1622.0,111.0
1623.0,114.0
1624.0,81.0
1625.0,21.0
1626.0,159.0
1627.0,97.0
1628.0,55.0
1629.0,57.0
1630.0,95.0
1631.0,49.0
1632.0,18.0
1633.0,78.0
1634.0,89.0
1635.0,37.0
1636.0,77.0
1637.0,88.0
1638.0,43.0
1639.0,93.0
1640.0,77.0
1641.0,71.0
1642.0,58.0
1643.0,73.0
1644.0,107.0
1645.0,46.0
1646.0,68.0
1647.0,93.0
1648.0,51.0
1649.0,92.0
1650.0,92.0
1651.0,57.0
1652.0,145.0
1653.0,123.0
1654.0,53.0
1655.0,114.0
1656.0,69.0
1657.0,89.0
1658.0,63.0
1659.0,50.0
1660.0,146.0
1661.0,106.0
1662.0,57.0
1663.0,152.0
1664.0,110.0
1665.0,35.0
1666.0,40.0
1667.0,67.0
1668.0,87.0
1669.0,63.0
1670.0,70.0
1671.0,92.0
1672.0,121.0
1673.0,106.0
1674.0,49.0
1675.0,42.0
1676.0,100.0
1677.0,106.0
1678.0,54.0
1679.0,109.0
1680.0,39.0
1681.0,52.0
1682.0,58.0
1683.0,106.0
1684.0,93.0
1685.0,96.0
1686.0,89.0
1687.0,55.0
1688.0,69.0
1689.0,52.0
1690.0,109.0
1691.0,52.0
1692.0,52.0
1693.0,91.0
1694.0,45.0
1695.0,79.0
1696.0,50.0
1697.0,87.0
1698.0,65.0
1699.0,73.0
1700.0,112.0
1701.0,150.0
1702.0,56.0
1703.0,58.0
1704.0,101.0
1705.0,100.0
1706.0,72.0
1707.0,54.0
1708.0,72.0
1709.0,50.0
1710.0,58.0
1711.0,67.0
1712.0,144.0
1713.0,31.0
1714.0,52.0
1715.0,39.0
1716.0,54.0
1717.0,100.0
1718.0,118.0
1719.0,68.0
1720.0,47.0
1721.0,63.0
1722.0,94.0
1723.0,84.0
1724.0,109.0
1725.0,71.0
1726.0,60.0
1727.0,67.0
1728.0,53.0
1729.0,98.0
1730.0,122.0
1731.0,55.0
1732.0,184.0
1733.0,51.0
1734.0,76.0
1735.0,149.0
1736.0,50.0
1737.0,148.0
1738.0,100.0
1739.0,92.0
1740.0,83.0
1741.0,46.0
1742.0,56.0
1743.0,59.0
1744.0,91.0
1745.0,48.0
1746.0,66.0
1747.0,89.0
1748.0,183.0
1749.0,66.0
1750.0,100.0
1751.0,58.0
1752.0,41.0
1753.0,86.0
1754.0,53.0
1755.0,141.0
1756.0,125.0
1757.0,123.0
1758.0,65.0
1759.0,87.0
1760.0,68.0
1761.0,98.0
1762.0,49.0
1763.0,80.0
1764.0,107.0
1765.0,78.0
1766.0,62.0
1767.0,76.0
1768.0,73.0
1769.0,50.0
1770.0,57.0
1771.0,92.0
1772.0,109.0
1773.0,167.0
1774.0,75.0
1775.0,36.0
1776.0,68.0
1777.0,34.0
1778.0,237.0
1779.0,30.0
1780.0,99.0
1781.0,112.0
1782.0,45.0
1783.0,58.0
1784.0,80.0
1785.0,47.0
1786.0,114.0
1787.0,85.0
1788.0,127.0
1789.0,85.0
1790.0,116.0
1791.0,66.0
1792.0,75.0
1793.0,99.0
1794.0,85.0
1795.0,107.0
1796.0,90.0
1797.0,73.0
1798.0,112.0
1799.0,65.0
1800.0,105.0
1801.0,95.0
1802.0,53.0
1803.0,99.0
1804.0,49.0
1805.0,79.0
1806.0,78.0
1807.0,89.0
1808.0,176.0
1809.0,88.0
1810.0,113.0
1811.0,87.0
1812.0,108.0
1813.0,74.0
1814.0,131.0
1815.0,191.0
1816.0,157.0
1817.0,90.0
1818.0,124.0
1819.0,78.0
1820.0,138.0
1821.0,50.0
1822.0,114.0
1823.0,143.0
1824.0,118.0
1825.0,105.0
1826.0,70.0
1827.0,68.0
1828.0,110.0
1829.0,77.0
1830.0,82.0
1831.0,80.0
1832.0,66.0
1833.0,83.0
1834.0,78.0
1835.0,82.0
1836.0,68.0
1837.0,106.0
1838.0,72.0
1839.0,116.0
1840.0,163.0
1841.0,53.0
1842.0,85.0
1843.0,94.0
1844.0,54.0
1845.0,83.0
1846.0,84.0
1847.0,93.0
1848.0,106.0
1849.0,47.0
1850.0,88.0
1851.0,44.0
1852.0,125.0
1853.0,45.0
1854.0,115.0
1855.0,104.0
1856.0,39.0
1857.0,213.0
1858.0,125.0
1859.0,119.0
1860.0,87.0
1861.0,39.0
1862.0,112.0
1863.0,37.0
1864.0,121.0
1865.0,58.0
1866.0,101.0
1867.0,57.0
1868.0,77.0
1869.0,59.0
1870.0,66.0
1871.0,92.0
1872.0,107.0
1873.0,39.0
1874.0,105.0
1875.0,99.0
1876.0,103.0
1877.0,72.0
1878.0,155.0
1879.0,82.0
1880.0,36.0
1881.0,131.0
1882.0,60.0
1883.0,53.0
1884.0,73.0
1885.0,192.0
1886.0,71.0
1887.0,173.0
1888.0,55.0
1889.0,122.0
1890.0,61.0
1891.0,53.0
1892.0,145.0
1893.0,128.0
1894.0,102.0
1895.0,119.0
1896.0,153.0
1897.0,51.0
1898.0,88.0
1899.0,126.0
1900.0,116.0
1901.0,48.0
1902.0,113.0
1903.0,136.0
1904.0,113.0
1905.0,70.0
1906.0,117.0
1907.0,81.0
1908.0,50.0
1909.0,83.0
1910.0,86.0
1911.0,200.0
1912.0,61.0
1913.0,120.0
1914.0,93.0
1915.0,118.0
1916.0,109.0
1917.0,66.0
1918.0,132.0
1919.0,120.0
1920.0,76.0
1921.0,158.0
1922.0,132.0
1923.0,138.0
1924.0,79.0
1925.0,62.0
1926.0,99.0
1927.0,103.0
1928.0,123.0
1929.0,46.0
1930.0,61.0
1931.0,158.0
1932.0,109.0
1933.0,129.0
1934.0,117.0
1935.0,68.0
1936.0,46.0
1937.0,96.0
1938.0,50.0
1939.0,80.0
1940.0,106.0
1941.0,135.0
1942.0,78.0
1943.0,67.0
1944.0,112.0
1945.0,159.0
1946.0,158.0
1947.0,59.0
1948.0,173.0
1949.0,275.0
1950.0,90.0
1951.0,194.0
1952.0,124.0
1953.0,92.0
1954.0,84.0
1955.0,91.0
1956.0,97.0
1957.0,143.0
1958.0,178.0
1959.0,67.0
1960.0,24.0
1961.0,141.0
1962.0,82.0
1963.0,111.0
1964.0,81.0
1965.0,148.0
1966.0,155.0
1967.0,84.0
1968.0,33.0
1969.0,38.0
1970.0,76.0
1971.0,74.0
1972.0,76.0
1973.0,74.0
1974.0,58.0
1975.0,104.0
1976.0,115.0
1977.0,105.0
1978.0,103.0
1979.0,100.0
1980.0,66.0
1981.0,39.0
1982.0,115.0
1983.0,98.0
1984.0,93.0
1985.0,110.0
1986.0,139.0
1987.0,104.0
1988.0,76.0
1989.0,89.0
1990.0,67.0
1991.0,118.0
1992.0,85.0
1993.0,70.0
1994.0,63.0
1995.0,91.0
1996.0,117.0
1997.0,105.0
1998.0,101.0
1999.0,161.0
2000.0,86.0
2001.0,89.0
2002.0,69.0
2003.0,63.0
2004.0,164.0
2005.0,123.0
2006.0,85.0
2007.0,39.0
2008.0,155.0
2009.0,77.0
2010.0,131.0
2011.0,96.0
2012.0,84.0
2013.0,121.0
2014.0,119.0
2015.0,117.0
2016.0,111.0
2017.0,127.0
2018.0,100.0
2019.0,132.0
2020.0,122.0
2021.0,90.0
2022.0,117.0
2023.0,49.0
2024.0,88.0
2025.0,103.0
2026.0,54.0
2027.0,64.0
2028.0,118.0
2029.0,203.0
2030.0,184.0
2031.0,107.0
2032.0,184.0
2033.0,111.0
2034.0,131.0
2035.0,77.0
2036.0,116.0
2037.0,106.0
2038.0,86.0
2039.0,172.0
2040.0,101.0
2041.0,187.0
2042.0,80.0
2043.0,141.0
2044.0,70.0
2045.0,211.0
2046.0,67.0
2047.0,77.0
2048.0,53.0
2049.0,174.0
2050.0,56.0
2051.0,63.0
2052.0,125.0
2053.0,203.0
2054.0,139.0
2055.0,57.0
2056.0,156.0
2057.0,87.0
2058.0,82.0
2059.0,122.0
2060.0,87.0
2061.0,60.0
2062.0,55.0
2063.0,71.0
2064.0,106.0
2065.0,94.0
2066.0,71.0
2067.0,68.0
2068.0,153.0
2069.0,81.0
2070.0,81.0
2071.0,82.0
2072.0,181.0
2073.0,72.0
2074.0,93.0
2075.0,47.0
2076.0,136.0
2077.0,49.0
2078.0,82.0
2079.0,165.0
2080.0,77.0
2081.0,70.0
2082.0,38.0
2083.0,128.0
2084.0,125.0
2085.0,66.0
2086.0,129.0
2087.0,105.0
2088.0,75.0
2089.0,98.0
2090.0,106.0
2091.0,56.0
2092.0,104.0
2093.0,138.0
2094.0,162.0
2095.0,82.0
2096.0,78.0
2097.0,110.0
2098.0,124.0
2099.0,132.0
2100.0,85.0
2101.0,91.0
2102.0,85.0
2103.0,75.0
2104.0,52.0
2105.0,57.0
2106.0,129.0
2107.0,82.0
2108.0,94.0
2109.0,108.0
2110.0,116.0
2111.0,131.0
2112.0,104.0
2113.0,153.0
2114.0,73.0
2115.0,118.0
2116.0,144.0
2117.0,55.0
2118.0,70.0
2119.0,91.0
2120.0,132.0
2121.0,123.0
2122.0,118.0
2123.0,107.0
2124.0,119.0
2125.0,187.0
2126.0,92.0
2127.0,214.0
2128.0,148.0
2129.0,55.0
2130.0,71.0
2131.0,91.0
2132.0,94.0
2133.0,240.0
2134.0,56.0
2135.0,63.0
2136.0,117.0
2137.0,117.0
2138.0,68.0
2139.0,87.0
2140.0,91.0
2141.0,127.0
2142.0,126.0
2143.0,105.0
2144.0,96.0
2145.0,291.0
2146.0,124.0
2147.0,77.0
2148.0,90.0
2149.0,163.0
2150.0,244.0
2151.0,74.0
2152.0,174.0
2153.0,99.0
2154.0,51.0
2155.0,109.0
2156.0,100.0
2157.0,103.0
2158.0,126.0
2159.0,48.0
2160.0,63.0
2161.0,46.0
2162.0,43.0
2163.0,84.0
2164.0,75.0
2165.0,130.0
2166.0,99.0
2167.0,77.0
2168.0,66.0
2169.0,82.0
2170.0,91.0
2171.0,126.0
2172.0,102.0
2173.0,94.0
2174.0,84.0
2175.0,52.0
2176.0,102.0
2177.0,102.0
2178.0,111.0
2179.0,110.0
2180.0,137.0
2181.0,88.0
2182.0,55.0
2183.0,158.0
2184.0,98.0
2185.0,45.0
2186.0,57.0
2187.0,115.0
2188.0,73.0
2189.0,120.0
2190.0,120.0
2191.0,109.0
2192.0,112.0
2193.0,53.0
2194.0,118.0
2195.0,94.0
2196.0,152.0
2197.0,91.0
2198.0,75.0
2199.0,93.0
2200.0,82.0
2201.0,72.0
2202.0,127.0
2203.0,144.0
2204.0,221.0
2205.0,161.0
2206.0,74.0
2207.0,74.0
2208.0,132.0
2209.0,133.0
2210.0,129.0
2211.0,110.0
2212.0,93.0
2213.0,114.0
2214.0,246.0
2215.0,106.0
2216.0,94.0
2217.0,135.0
2218.0,41.0
2219.0,96.0
2220.0,120.0
2221.0,103.0
2222.0,52.0
2223.0,200.0
2224.0,74.0
2225.0,125.0
2226.0,62.0
2227.0,61.0
2228.0,103.0
2229.0,131.0
2230.0,77.0
2231.0,113.0
2232.0,154.0
2233.0,77.0
2234.0,83.0
2235.0,175.0
2236.0,197.0
2237.0,150.0
2238.0,118.0
2239.0,70.0
2240.0,108.0
2241.0,57.0
2242.0,106.0
2243.0,119.0
2244.0,161.0
2245.0,191.0
2246.0,103.0
2247.0,131.0
2248.0,60.0
2249.0,98.0
2250.0,129.0
2251.0,47.0
2252.0,82.0
2253.0,82.0
2254.0,168.0
2255.0,152.0
2256.0,79.0
2257.0,110.0
2258.0,131.0
2259.0,146.0
2260.0,70.0
2261.0,73.0
2262.0,142.0
2263.0,57.0
2264.0,175.0
2265.0,45.0
2266.0,92.0
2267.0,157.0
2268.0,80.0
2269.0,87.0
2270.0,136.0
2271.0,105.0
2272.0,198.0
2273.0,197.0
2274.0,122.0
2275.0,76.0
2276.0,105.0
2277.0,56.0
2278.0,80.0
2279.0,181.0
2280.0,107.0
2281.0,42.0
2282.0,91.0
2283.0,100.0
2284.0,58.0
2285.0,99.0
2286.0,113.0
2287.0,68.0
2288.0,122.0
2289.0,101.0
2290.0,94.0
2291.0,59.0
2292.0,56.0
2293.0,126.0
2294.0,88.0
2295.0,184.0
2296.0,199.0
2297.0,86.0
2298.0,110.0
2299.0,83.0
2300.0,112.0
2301.0,55.0
2302.0,105.0
2303.0,51.0
2304.0,118.0
2305.0,77.0
2306.0,55.0
2307.0,81.0
2308.0,139.0
2309.0,64.0
2310.0,126.0
2311.0,127.0
2312.0,52.0
2313.0,105.0
2314.0,51.0
2315.0,132.0
2316.0,198.0
2317.0,143.0
2318.0,59.0
2319.0,101.0
2320.0,92.0
2321.0,196.0
2322.0,65.0
2323.0,96.0
2324.0,188.0
2325.0,46.0
2326.0,77.0
2327.0,146.0
2328.0,65.0
2329.0,180.0
2330.0,89.0
2331.0,133.0
2332.0,287.0
2333.0,182.0
2334.0,103.0
2335.0,191.0
2336.0,105.0
2337.0,150.0
2338.0,93.0
2339.0,147.0
2340.0,159.0
2341.0,132.0
2342.0,95.0
2343.0,98.0
2344.0,75.0
2345.0,359.0
2346.0,80.0
2347.0,145.0
2348.0,56.0
2349.0,54.0
2350.0,163.0
2351.0,137.0
2352.0,67.0
2353.0,129.0
2354.0,60.0
2355.0,54.0
2356.0,163.0
2357.0,68.0
2358.0,130.0
2359.0,106.0
2360.0,52.0
2361.0,112.0
2362.0,117.0
2363.0,57.0
2364.0,171.0
2365.0,77.0
2366.0,110.0
2367.0,153.0
2368.0,106.0
2369.0,165.0
2370.0,126.0
2371.0,111.0
2372.0,236.0
2373.0,149.0
2374.0,135.0
2375.0,121.0
2376.0,149.0
2377.0,108.0
2378.0,203.0
2379.0,131.0
2380.0,45.0
2381.0,138.0
2382.0,105.0
2383.0,214.0
2384.0,171.0
2385.0,215.0
2386.0,170.0
2387.0,203.0
2388.0,62.0
2389.0,115.0
2390.0,174.0
2391.0,94.0
2392.0,132.0
2393.0,113.0
2394.0,63.0
2395.0,165.0
2396.0,168.0
2397.0,171.0
2398.0,161.0
2399.0,155.0
2400.0,140.0
2401.0,113.0
2402.0,116.0
2403.0,134.0
2404.0,104.0
2405.0,139.0
2406.0,82.0
2407.0,132.0
2408.0,126.0
2409.0,77.0
2410.0,77.0
2411.0,114.0
2412.0,107.0
2413.0,145.0
2414.0,169.0
2415.0,51.0
2416.0,179.0
2417.0,76.0
2418.0,54.0
2419.0,123.0
2420.0,146.0
2421.0,133.0
2422.0,139.0
2423.0,109.0
2424.0,91.0
2425.0,161.0
2426.0,192.0
2427.0,163.0
2428.0,159.0
2429.0,81.0
2430.0,183.0
2431.0,168.0
2432.0,75.0
2433.0,151.0
2434.0,83.0
2435.0,66.0
2436.0,125.0
2437.0,128.0
2438.0,69.0
2439.0,155.0
2440.0,131.0
2441.0,93.0
2442.0,83.0
2443.0,110.0
2444.0,137.0
2445.0,255.0
2446.0,133.0
2447.0,113.0
2448.0,193.0
2449.0,72.0
2450.0,229.0
2451.0,157.0
2452.0,84.0
2453.0,133.0
2454.0,64.0
2455.0,142.0
2456.0,101.0
2457.0,68.0
2458.0,86.0
2459.0,45.0
2460.0,82.0
2461.0,119.0
2462.0,189.0
2463.0,124.0
2464.0,120.0
2465.0,135.0
2466.0,195.0
2467.0,96.0
2468.0,103.0
2469.0,240.0
2470.0,83.0
2471.0,94.0
2472.0,201.0
2473.0,316.0
2474.0,169.0
2475.0,107.0
2476.0,88.0
2477.0,121.0
2478.0,168.0
2479.0,155.0
2480.0,76.0
2481.0,112.0
2482.0,83.0
2483.0,144.0
2484.0,141.0
2485.0,113.0
2486.0,122.0
2487.0,124.0
2488.0,252.0
2489.0,73.0
2490.0,87.0
2491.0,197.0
2492.0,165.0
2493.0,141.0
2494.0,53.0
2495.0,157.0
2496.0,82.0
2497.0,52.0
2498.0,143.0
2499.0,148.0
2500.0,75.0
2501.0,203.0
2502.0,116.0
2503.0,56.0
2504.0,284.0
2505.0,145.0
2506.0,150.0
2507.0,128.0
2508.0,144.0
2509.0,77.0
2510.0,114.0
2511.0,105.0
2512.0,87.0
2513.0,68.0
2514.0,184.0
2515.0,98.0
2516.0,128.0
2517.0,101.0
2518.0,100.0
2519.0,122.0
2520.0,105.0
2521.0,145.0
2522.0,184.0
2523.0,102.0
2524.0,194.0
2525.0,59.0
2526.0,91.0
2527.0,285.0
2528.0,85.0
2529.0,130.0
2530.0,57.0
2531.0,175.0
2532.0,155.0
2533.0,102.0
2534.0,142.0
2535.0,148.0
2536.0,195.0
2537.0,147.0
2538.0,55.0
2539.0,239.0
2540.0,203.0
2541.0,184.0
2542.0,168.0
2543.0,101.0
2544.0,233.0
2545.0,203.0
2546.0,232.0
2547.0,152.0
2548.0,145.0
2549.0,102.0
2550.0,59.0
2551.0,146.0
2552.0,396.0
2553.0,79.0
2554.0,75.0
2555.0,205.0
2556.0,207.0
2557.0,74.0
2558.0,183.0
2559.0,164.0
2560.0,123.0
2561.0,238.0
2562.0,158.0
2563.0,201.0
2564.0,185.0
2565.0,146.0
2566.0,119.0
2567.0,144.0
2568.0,49.0
2569.0,130.0
2570.0,191.0
2571.0,175.0
2572.0,181.0
2573.0,162.0
2574.0,104.0
2575.0,205.0
2576.0,130.0
2577.0,79.0
2578.0,102.0
2579.0,206.0
2580.0,157.0
2581.0,149.0
2582.0,101.0
2583.0,187.0
2584.0,112.0
2585.0,174.0
2586.0,188.0
2587.0,146.0
2588.0,124.0
2589.0,148.0
2590.0,70.0
2591.0,211.0
2592.0,158.0
2593.0,165.0
2594.0,96.0
2595.0,228.0
2596.0,152.0
2597.0,340.0
2598.0,148.0
2599.0,153.0
2600.0,97.0
2601.0,158.0
2602.0,268.0
2603.0,160.0
2604.0,226.0
2605.0,188.0
2606.0,194.0
2607.0,177.0
2608.0,215.0
2609.0,332.0
2610.0,81.0
2611.0,180.0
2612.0,77.0
2613.0,107.0
2614.0,115.0
2615.0,232.0
2616.0,179.0
2617.0,148.0
2618.0,257.0
2619.0,117.0
2620.0,155.0
2621.0,189.0
2622.0,199.0
2623.0,256.0
2624.0,258.0
2625.0,88.0
2626.0,138.0
2627.0,267.0
2628.0,245.0
2629.0,160.0
2630.0,187.0
2631.0,103.0
2632.0,67.0
2633.0,163.0
2634.0,206.0
2635.0,92.0
2636.0,89.0
2637.0,152.0
2638.0,93.0
2639.0,89.0
2640.0,140.0
2641.0,93.0
2642.0,95.0
2643.0,337.0
2644.0,162.0
2645.0,114.0
2646.0,195.0
2647.0,68.0
2648.0,211.0
2649.0,121.0
2650.0,98.0
2651.0,120.0
2652.0,141.0
2653.0,136.0
2654.0,113.0
2655.0,137.0
2656.0,113.0
2657.0,104.0
2658.0,257.0
2659.0,138.0
2660.0,82.0
2661.0,84.0
2662.0,244.0
2663.0,97.0
2664.0,94.0
2665.0,119.0
2666.0,139.0
2667.0,75.0
2668.0,133.0
2669.0,216.0
2670.0,109.0
2671.0,164.0
2672.0,116.0
2673.0,335.0
2674.0,172.0
2675.0,159.0
2676.0,108.0
2677.0,126.0
2678.0,106.0
2679.0,306.0
2680.0,205.0
2681.0,176.0
2682.0,142.0
2683.0,125.0
2684.0,244.0
2685.0,173.0
2686.0,85.0
2687.0,193.0
2688.0,94.0
2689.0,193.0
2690.0,197.0
2691.0,51.0
2692.0,182.0
2693.0,85.0
2694.0,144.0
2695.0,191.0
2696.0,149.0
2697.0,92.0
2698.0,126.0
2699.0,228.0
2700.0,127.0
2701.0,104.0
2702.0,123.0
2703.0,189.0
2704.0,123.0
2705.0,291.0
2706.0,176.0
2707.0,185.0
2708.0,184.0
2709.0,226.0
2710.0,106.0
2711.0,130.0
2712.0,212.0
2713.0,117.0
2714.0,99.0
2715.0,196.0
2716.0,138.0
2717.0,99.0
2718.0,123.0
2719.0,193.0
2720.0,84.0
2721.0,116.0
2722.0,93.0
2723.0,66.0
2724.0,295.0
2725.0,268.0
2726.0,194.0
2727.0,130.0
2728.0,167.0
2729.0,118.0
2730.0,137.0
2731.0,77.0
2732.0,102.0
2733.0,140.0
2734.0,242.0
2735.0,147.0
2736.0,114.0
2737.0,217.0
2738.0,196.0
2739.0,96.0
2740.0,114.0
2741.0,193.0
2742.0,171.0
2743.0,260.0
2744.0,142.0
2745.0,97.0
2746.0,233.0
2747.0,180.0
2748.0,135.0
2749.0,139.0
2750.0,155.0
2751.0,291.0
2752.0,74.0
2753.0,133.0
2754.0,61.0
2755.0,153.0
2756.0,272.0
2757.0,58.0
2758.0,343.0
2759.0,212.0
2760.0,144.0
2761.0,109.0
2762.0,137.0
2763.0,145.0
2764.0,141.0
2765.0,134.0
2766.0,191.0
2767.0,87.0
2768.0,130.0
2769.0,206.0
2770.0,133.0
2771.0,362.0
2772.0,147.0
2773.0,118.0
2774.0,164.0
2775.0,145.0
2776.0,101.0
2777.0,86.0
2778.0,203.0
2779.0,140.0
2780.0,165.0
2781.0,73.0
2782.0,145.0
2783.0,168.0
2784.0,167.0
2785.0,99.0
2786.0,173.0
2787.0,66.0
2788.0,200.0
2789.0,74.0
2790.0,251.0
2791.0,163.0
2792.0,156.0
2793.0,112.0
2794.0,169.0
2795.0,196.0
2796.0,176.0
2797.0,201.0
2798.0,152.0
2799.0,90.0
2800.0,133.0
2801.0,177.0
2802.0,265.0
2803.0,136.0
2804.0,206.0
2805.0,101.0
2806.0,179.0
2807.0,155.0
2808.0,130.0
2809.0,215.0
2810.0,90.0
2811.0,110.0
2812.0,74.0
2813.0,188.0
2814.0,70.0
2815.0,66.0
2816.0,156.0
2817.0,92.0
2818.0,175.0
2819.0,272.0
2820.0,143.0
2821.0,96.0
2822.0,150.0
2823.0,121.0
2824.0,125.0
2825.0,158.0
2826.0,274.0
2827.0,176.0
2828.0,129.0
2829.0,215.0
2830.0,195.0
2831.0,166.0
2832.0,150.0
2833.0,200.0
2834.0,162.0
2835.0,144.0
2836.0,98.0
2837.0,90.0
2838.0,113.0
2839.0,106.0
2840.0,151.0
2841.0,192.0
2842.0,105.0
2843.0,200.0
2844.0,317.0
2845.0,191.0
2846.0,181.0
2847.0,64.0
2848.0,67.0
2849.0,102.0
2850.0,94.0
2851.0,242.0
2852.0,79.0
2853.0,135.0
2854.0,153.0
2855.0,95.0
2856.0,99.0
2857.0,75.0
2858.0,106.0
2859.0,81.0
2860.0,128.0
2861.0,85.0
2862.0,129.0
2863.0,465.0
2864.0,215.0
2865.0,138.0
2866.0,103.0
2867.0,238.0
2868.0,119.0
2869.0,273.0
2870.0,141.0
2871.0,186.0
2872.0,132.0
2873.0,55.0
2874.0,239.0
2875.0,142.0
2876.0,339.0
2877.0,211.0
2878.0,108.0
2879.0,158.0
2880.0,145.0
2881.0,213.0
2882.0,211.0
2883.0,175.0
2884.0,248.0
2885.0,146.0
2886.0,102.0
2887.0,184.0
2888.0,417.0
2889.0,145.0
2890.0,182.0
2891.0,132.0
2892.0,151.0
2893.0,195.0
2894.0,309.0
2895.0,133.0
2896.0,96.0
2897.0,158.0
2898.0,143.0
2899.0,130.0
2900.0,175.0
2901.0,132.0
2902.0,108.0
2903.0,129.0
2904.0,66.0
2905.0,165.0
2906.0,95.0
2907.0,200.0
2908.0,89.0
2909.0,111.0
2910.0,132.0
2911.0,135.0
2912.0,65.0
2913.0,208.0
2914.0,69.0
2915.0,162.0
2916.0,156.0
2917.0,117.0
2918.0,70.0
2919.0,243.0
2920.0,119.0
2921.0,129.0
2922.0,108.0
2923.0,93.0
2924.0,131.0
2925.0,155.0
2926.0,203.0
2927.0,262.0
2928.0,258.0
2929.0,132.0
2930.0,111.0
2931.0,251.0
2932.0,321.0
2933.0,153.0
2934.0,276.0
2935.0,225.0
2936.0,106.0
2937.0,134.0
2938.0,207.0
2939.0,133.0
2940.0,205.0
2941.0,130.0
2942.0,186.0
2943.0,171.0
2944.0,114.0
2945.0,69.0
2946.0,149.0
2947.0,172.0
2948.0,98.0
2949.0,124.0
2950.0,95.0
2951.0,173.0
2952.0,121.0
2953.0,137.0
2954.0,245.0
2955.0,199.0
2956.0,223.0
2957.0,130.0
2958.0,136.0
2959.0,119.0
2960.0,159.0
2961.0,143.0
2962.0,257.0
2963.0,259.0
2964.0,121.0
2965.0,146.0
2966.0,136.0
2967.0,85.0
2968.0,195.0
2969.0,65.0
2970.0,168.0
2971.0,113.0
2972.0,150.0
2973.0,297.0
2974.0,265.0
2975.0,116.0
2976.0,190.0
2977.0,137.0
2978.0,223.0
2979.0,163.0
2980.0,204.0
2981.0,244.0
2982.0,127.0
2983.0,95.0
2984.0,210.0
2985.0,233.0
2986.0,280.0
2987.0,255.0
2988.0,116.0
2989.0,124.0
2990.0,159.0
2991.0,230.0
2992.0,121.0
2993.0,176.0
2994.0,163.0
2995.0,176.0
2996.0,147.0
2997.0,146.0
2998.0,190.0
2999.0,67.0
3000.0,211.0
3001.0,221.0
3002.0,155.0
3003.0,164.0
3004.0,254.0
3005.0,292.0
3006.0,131.0
3007.0,68.0
3008.0,203.0
3009.0,139.0
3010.0,220.0
3011.0,117.0
3012.0,106.0
3013.0,237.0
3014.0,428.0
3015.0,311.0
3016.0,163.0
3017.0,129.0
3018.0,206.0
3019.0,122.0
3020.0,155.0
3021.0,154.0
3022.0,180.0
3023.0,216.0
3024.0,162.0
3025.0,345.0
3026.0,182.0
3027.0,181.0
3028.0,236.0
3029.0,151.0
3030.0,244.0
3031.0,156.0
3032.0,118.0
3033.0,150.0
3034.0,122.0
3035.0,152.0
3036.0,229.0
3037.0,105.0
3038.0,150.0
3039.0,208.0
3040.0,213.0
3041.0,150.0
3042.0,148.0
3043.0,235.0
3044.0,91.0
3045.0,292.0
3046.0,217.0
3047.0,88.0
3048.0,135.0
3049.0,234.0
3050.0,283.0
3051.0,169.0
3052.0,104.0
3053.0,178.0
3054.0,211.0
3055.0,228.0
3056.0,135.0
3057.0,192.0
3058.0,85.0
3059.0,134.0
3060.0,136.0
3061.0,89.0
3062.0,95.0
3063.0,235.0
3064.0,244.0
3065.0,420.0
3066.0,272.0
3067.0,134.0
3068.0,401.0
3069.0,292.0
3070.0,182.0
3071.0,128.0
3072.0,242.0
3073.0,259.0
3074.0,140.0
3075.0,179.0
3076.0,296.0
3077.0,181.0
3078.0,252.0
3079.0,133.0
3080.0,246.0
3081.0,131.0
3082.0,171.0
3083.0,162.0
3084.0,285.0
3085.0,148.0
3086.0,230.0
3087.0,131.0
3088.0,402.0
3089.0,375.0
3090.0,228.0
3091.0,151.0
3092.0,256.0
3093.0,133.0
3094.0,591.0
3095.0,443.0
3096.0,162.0
3097.0,56.0
3098.0,197.0
3099.0,83.0
3100.0,283.0
3101.0,113.0
3102.0,146.0
3103.0,105.0
3104.0,278.0
3105.0,127.0
3106.0,222.0
3107.0,131.0
3108.0,136.0
3109.0,118.0
3110.0,169.0
3111.0,223.0
3112.0,114.0
3113.0,215.0
3114.0,190.0
3115.0,137.0
3116.0,122.0
3117.0,201.0
3118.0,65.0
3119.0,150.0
3120.0,84.0
3121.0,136.0
3122.0,73.0
3123.0,186.0
3124.0,326.0
3125.0,209.0
3126.0,200.0
3127.0,228.0
3128.0,137.0
3129.0,288.0
3130.0,139.0
3131.0,147.0
3132.0,187.0
3133.0,284.0
3134.0,99.0
3135.0,145.0
3136.0,138.0
3137.0,247.0
3138.0,153.0
3139.0,254.0
3140.0,353.0
3141.0,381.0
3142.0,190.0
3143.0,149.0
3144.0,133.0
3145.0,129.0
3146.0,386.0
3147.0,127.0
3148.0,117.0
3149.0,117.0
3150.0,124.0
3151.0,300.0
3152.0,300.0
3153.0,163.0
3154.0,387.0
3155.0,219.0
3156.0,205.0
3157.0,339.0
3158.0,120.0
3159.0,61.0
3160.0,234.0
3161.0,710.0
3162.0,215.0
3163.0,156.0
3164.0,231.0
3165.0,252.0
3166.0,132.0
3167.0,220.0
3168.0,251.0
3169.0,114.0
3170.0,224.0
3171.0,359.0
3172.0,149.0
3173.0,214.0
3174.0,257.0
3175.0,303.0
3176.0,183.0
3177.0,351.0
3178.0,253.0
3179.0,137.0
3180.0,108.0
3181.0,221.0
3182.0,112.0
3183.0,144.0
3184.0,257.0
3185.0,207.0
3186.0,211.0
3187.0,114.0
3188.0,154.0
3189.0,184.0
3190.0,209.0
3191.0,151.0
3192.0,184.0
3193.0,314.0
3194.0,136.0
3195.0,433.0
3196.0,146.0
3197.0,244.0
3198.0,313.0
3199.0,81.0
3200.0,377.0
3201.0,244.0
3202.0,149.0
3203.0,184.0
3204.0,148.0
3205.0,615.0
3206.0,222.0
3207.0,267.0
3208.0,105.0
3209.0,179.0
3210.0,156.0
3211.0,85.0
3212.0,89.0
3213.0,256.0
3214.0,310.0
3215.0,379.0
3216.0,206.0
3217.0,212.0
3218.0,131.0
3219.0,161.0
3220.0,453.0
3221.0,312.0
3222.0,287.0
3223.0,237.0
3224.0,249.0
3225.0,140.0
3226.0,189.0
3227.0,248.0
3228.0,150.0
3229.0,243.0
3230.0,91.0
3231.0,278.0
3232.0,160.0
3233.0,185.0
3234.0,402.0
3235.0,83.0
3236.0,210.0
3237.0,241.0
3238.0,300.0
3239.0,178.0
3240.0,228.0
3241.0,148.0
3242.0,65.0
3243.0,268.0
3244.0,203.0
3245.0,285.0
3246.0,275.0
3247.0,310.0
3248.0,204.0
3249.0,236.0
3250.0,239.0
3251.0,160.0
3252.0,206.0
3253.0,92.0
3254.0,433.0
3255.0,147.0
3256.0,219.0
3257.0,150.0
3258.0,255.0
3259.0,239.0
3260.0,162.0
3261.0,128.0
3262.0,244.0
3263.0,287.0
3264.0,285.0
3265.0,218.0
3266.0,232.0
3267.0,366.0
3268.0,401.0
3269.0,128.0
3270.0,127.0
3271.0,118.0
3272.0,212.0
3273.0,171.0
3274.0,202.0
3275.0,200.0
3276.0,168.0
3277.0,356.0
3278.0,261.0
3279.0,150.0
3280.0,177.0
3281.0,151.0
3282.0,441.0
3283.0,200.0
3284.0,376.0
3285.0,150.0
3286.0,177.0
3287.0,109.0
3288.0,122.0
3289.0,223.0
3290.0,164.0
3291.0,356.0
3292.0,172.0
3293.0,129.0
3294.0,242.0
3295.0,150.0
3296.0,242.0
3297.0,114.0
3298.0,147.0
3299.0,210.0
3300.0,248.0
3301.0,136.0
3302.0,213.0
3303.0,188.0
3304.0,250.0
3305.0,185.0
3306.0,151.0
3307.0,229.0
3308.0,138.0
3309.0,142.0
3310.0,192.0
3311.0,178.0
3312.0,130.0
3313.0,128.0
3314.0,180.0
3315.0,194.0
3316.0,155.0
3317.0,230.0
3318.0,170.0
3319.0,198.0
3320.0,279.0
3321.0,239.0
3322.0,260.0
3323.0,84.0
3324.0,196.0
3325.0,214.0
3326.0,249.0
3327.0,202.0
3328.0,245.0
3329.0,197.0
3330.0,218.0
3331.0,302.0
3332.0,466.0
3333.0,59.0
3334.0,278.0
3335.0,134.0
3336.0,247.0
3337.0,289.0
3338.0,337.0
3339.0,230.0
3340.0,312.0
3341.0,323.0
3342.0,98.0
3343.0,273.0
3344.0,294.0
3345.0,302.0
3346.0,399.0
3347.0,353.0
3348.0,329.0
3349.0,217.0
3350.0,124.0
3351.0,167.0
3352.0,429.0
3353.0,674.0
3354.0,135.0
3355.0,330.0
3356.0,192.0
3357.0,109.0
3358.0,162.0
3359.0,524.0
3360.0,515.0
3361.0,268.0
3362.0,113.0
3363.0,199.0
3364.0,182.0
3365.0,219.0
3366.0,267.0
3367.0,322.0
3368.0,188.0
3369.0,200.0
3370.0,285.0
3371.0,191.0
3372.0,247.0
3373.0,256.0
3374.0,246.0
3375.0,125.0
3376.0,191.0
3377.0,83.0
3378.0,109.0
3379.0,312.0
3380.0,222.0
3381.0,201.0
3382.0,153.0
3383.0,180.0
3384.0,239.0
3385.0,256.0
3386.0,277.0
3387.0,234.0
3388.0,177.0
3389.0,195.0
3390.0,395.0
3391.0,257.0
3392.0,192.0
3393.0,275.0
3394.0,189.0
3395.0,314.0
3396.0,234.0
3397.0,286.0
3398.0,242.0
3399.0,227.0
3400.0,141.0
3401.0,194.0
3402.0,259.0
3403.0,212.0
3404.0,229.0
3405.0,202.0
3406.0,71.0
3407.0,358.0
3408.0,146.0
3409.0,218.0
3410.0,273.0
3411.0,146.0
3412.0,381.0
3413.0,80.0
3414.0,111.0
3415.0,164.0
3416.0,203.0
3417.0,289.0
3418.0,145.0
3419.0,153.0
3420.0,378.0
3421.0,249.0
3422.0,311.0
3423.0,303.0
3424.0,191.0
3425.0,290.0
3426.0,288.0
3427.0,236.0
3428.0,305.0
3429.0,285.0
3430.0,373.0
3431.0,255.0
3432.0,221.0
3433.0,242.0
3434.0,140.0
3435.0,393.0
3436.0,333.0
3437.0,205.0
3438.0,289.0
3439.0,184.0
3440.0,218.0
3441.0,291.0
3442.0,248.0
3443.0,209.0
3444.0,216.0
3445.0,275.0
3446.0,211.0
3447.0,206.0
3448.0,256.0
3449.0,284.0
3450.0,193.0
3451.0,186.0
3452.0,302.0
3453.0,166.0
3454.0,202.0
3455.0,198.0
3456.0,198.0
3457.0,113.0
3458.0,117.0
3459.0,154.0
3460.0,135.0
3461.0,178.0
3462.0,263.0
3463.0,193.0
3464.0,270.0
3465.0,137.0
3466.0,168.0
3467.0,121.0
3468.0,151.0
3469.0,204.0
3470.0,231.0
3471.0,115.0
3472.0,197.0
3473.0,128.0
3474.0,174.0
3475.0,230.0
3476.0,435.0
3477.0,116.0
3478.0,169.0
3479.0,218.0
3480.0,230.0
3481.0,191.0
3482.0,199.0
3483.0,194.0
3484.0,76.0
3485.0,191.0
3486.0,306.0
3487.0,122.0
3488.0,205.0
3489.0,189.0
3490.0,234.0
3491.0,252.0
3492.0,164.0
3493.0,220.0
3494.0,116.0
3495.0,326.0
3496.0,234.0
3497.0,224.0
3498.0,222.0
3499.0,227.0
3500.0,216.0
3501.0,272.0
3502.0,319.0
3503.0,132.0
3504.0,298.0
3505.0,322.0
3506.0,221.0
3507.0,246.0
3508.0,96.0
3509.0,271.0
3510.0,371.0
3511.0,203.0
3512.0,214.0
3513.0,452.0
3514.0,362.0
3515.0,325.0
3516.0,112.0
3517.0,326.0
3518.0,207.0
3519.0,298.0
3520.0,181.0
3521.0,192.0
3522.0,294.0
3523.0,261.0
3524.0,177.0
3525.0,226.0
3526.0,197.0
3527.0,472.0
3528.0,108.0
3529.0,249.0
3530.0,259.0
3531.0,179.0
3532.0,386.0
3533.0,272.0
3534.0,328.0
3535.0,111.0
3536.0,332.0
3537.0,323.0
3538.0,412.0
3539.0,237.0
3540.0,196.0
3541.0,145.0
3542.0,494.0
3543.0,537.0
3544.0,244.0
3545.0,191.0
3546.0,399.0
3547.0,283.0
3548.0,217.0
3549.0,266.0
3550.0,297.0
3551.0,265.0
3552.0,307.0
3553.0,282.0
3554.0,144.0
3555.0,328.0
3556.0,125.0
3557.0,325.0
3558.0,466.0
3559.0,149.0
3560.0,79.0
3561.0,132.0
3562.0,256.0
3563.0,228.0
3564.0,252.0
3565.0,206.0
3566.0,449.0
3567.0,179.0
3568.0,314.0
3569.0,248.0
3570.0,297.0
3571.0,360.0
3572.0,228.0
3573.0,221.0
3574.0,611.0
3575.0,274.0
3576.0,290.0
3577.0,429.0
3578.0,544.0
3579.0,236.0
3580.0,336.0
3581.0,569.0
3582.0,315.0
3583.0,366.0
3584.0,257.0
3585.0,245.0
3586.0,253.0
3587.0,234.0
3588.0,342.0
3589.0,211.0
3590.0,439.0
3591.0,464.0
3592.0,102.0
3593.0,234.0
3594.0,201.0
3595.0,161.0
3596.0,239.0
3597.0,394.0
3598.0,232.0
3599.0,289.0
3600.0,266.0
3601.0,197.0
3602.0,206.0
3603.0,233.0
3604.0,162.0
3605.0,216.0
3606.0,480.0
3607.0,218.0
3608.0,297.0
3609.0,261.0
3610.0,289.0
3611.0,152.0
3612.0,183.0
3613.0,262.0
3614.0,213.0
3615.0,195.0
3616.0,347.0
3617.0,349.0
3618.0,328.0
3619.0,327.0
3620.0,164.0
3621.0,314.0
3622.0,440.0
3623.0,415.0
3624.0,860.0
3625.0,686.0
3626.0,478.0
3627.0,172.0
3628.0,288.0
3629.0,357.0
3630.0,213.0
3631.0,251.0
3632.0,433.0
3633.0,413.0
3634.0,600.0
3635.0,240.0
3636.0,215.0
3637.0,373.0
3638.0,190.0
3639.0,224.0
3640.0,467.0
3641.0,210.0
3642.0,281.0
3643.0,243.0
3644.0,277.0
3645.0,161.0
3646.0,266.0
3647.0,278.0
3648.0,306.0
3649.0,466.0
3650.0,245.0
3651.0,364.0
3652.0,250.0
3653.0,435.0
3654.0,165.0
3655.0,224.0
3656.0,187.0
3657.0,379.0
3658.0,214.0
3659.0,561.0
3660.0,228.0
3661.0,287.0
3662.0,577.0
3663.0,486.0
3664.0,372.0
3665.0,265.0
3666.0,329.0
3667.0,349.0
3668.0,342.0
3669.0,170.0
3670.0,306.0
3671.0,291.0
3672.0,295.0
3673.0,359.0
3674.0,622.0
3675.0,590.0
3676.0,456.0
3677.0,260.0
3678.0,331.0
3679.0,330.0
3680.0,210.0
3681.0,368.0
3682.0,282.0
3683.0,436.0
3684.0,257.0
3685.0,223.0
3686.0,89.0
3687.0,191.0
3688.0,240.0
3689.0,160.0
3690.0,492.0
3691.0,267.0
3692.0,239.0
3693.0,278.0
3694.0,560.0
3695.0,228.0
3696.0,246.0
3697.0,419.0
3698.0,282.0
3699.0,128.0
3700.0,187.0
3701.0,329.0
3702.0,427.0
3703.0,441.0
3704.0,592.0
3705.0,326.0
3706.0,388.0
3707.0,152.0
3708.0,146.0
3709.0,249.0
3710.0,198.0
3711.0,350.0
3712.0,305.0
3713.0,232.0
3714.0,97.0
3715.0,283.0
3716.0,236.0
3717.0,180.0
3718.0,230.0
3719.0,225.0
3720.0,370.0
3721.0,901.0
3722.0,352.0
3723.0,282.0
3724.0,186.0
3725.0,279.0
3726.0,192.0
3727.0,127.0
3728.0,460.0
3729.0,254.0
3730.0,263.0
3731.0,186.0
3732.0,390.0
3733.0,218.0
3734.0,132.0
3735.0,218.0
3736.0,300.0
3737.0,172.0
3738.0,291.0
3739.0,196.0
3740.0,213.0
3741.0,160.0
3742.0,198.0
3743.0,105.0
3744.0,212.0
3745.0,155.0
3746.0,192.0
3747.0,212.0
3748.0,278.0
3749.0,289.0
3750.0,270.0
3751.0,188.0
3752.0,195.0
3753.0,177.0
3754.0,209.0
3755.0,234.0
3756.0,101.0
3757.0,289.0
3758.0,359.0
3759.0,94.0
3760.0,177.0
3761.0,216.0
3762.0,319.0
3763.0,212.0
3764.0,190.0
3765.0,208.0
3766.0,221.0
3767.0,304.0
3768.0,170.0
3769.0,164.0
3770.0,176.0
3771.0,137.0
3772.0,202.0
3773.0,173.0
3774.0,164.0
3775.0,187.0
3776.0,208.0
3777.0,301.0
3778.0,200.0
3779.0,181.0
3780.0,222.0
3781.0,160.0
3782.0,205.0
3783.0,153.0
3784.0,188.0
3785.0,373.0
3786.0,380.0
3787.0,155.0
3788.0,197.0
3789.0,462.0
3790.0,437.0
3791.0,168.0
3792.0,165.0
3793.0,272.0
3794.0,652.0
3795.0,184.0
3796.0,443.0
3797.0,239.0
3798.0,302.0
3799.0,343.0
3800.0,388.0
3801.0,257.0
3802.0,625.0
3803.0,456.0
3804.0,152.0
3805.0,268.0
3806.0,362.0
3807.0,431.0
3808.0,226.0
3809.0,352.0
3810.0,233.0
3811.0,384.0
3812.0,318.0
3813.0,147.0
3814.0,355.0
3815.0,387.0
3816.0,310.0
3817.0,650.0
3818.0,415.0
3819.0,223.0
3820.0,234.0
3821.0,137.0
3822.0,943.0
3823.0,285.0
3824.0,359.0
3825.0,306.0
3826.0,327.0
3827.0,301.0
3828.0,625.0
3829.0,198.0
3830.0,369.0
3831.0,181.0
3832.0,222.0
3833.0,270.0
3834.0,339.0
3835.0,289.0
3836.0,165.0
3837.0,417.0
3838.0,286.0
3839.0,741.0
3840.0,413.0
3841.0,450.0
3842.0,323.0
3843.0,346.0
3844.0,744.0
3845.0,399.0
3846.0,364.0
3847.0,224.0
3848.0,283.0
3849.0,160.0
3850.0,218.0
3851.0,370.0
3852.0,596.0
3853.0,364.0
3854.0,231.0
3855.0,641.0
3856.0,265.0
3857.0,999.0
3858.0,167.0
3859.0,283.0
3860.0,161.0
3861.0,544.0
3862.0,609.0
3863.0,693.0
3864.0,376.0
3865.0,686.0
3866.0,177.0
3867.0,326.0
3868.0,438.0
3869.0,429.0
3870.0,260.0
3871.0,597.0
3872.0,512.0
3873.0,511.0
3874.0,485.0
3875.0,208.0
3876.0,223.0
3877.0,506.0
3878.0,279.0
3879.0,274.0
3880.0,320.0
3881.0,262.0
3882.0,295.0
3883.0,440.0
3884.0,276.0
3885.0,352.0
3886.0,157.0
3887.0,269.0
3888.0,226.0
3889.0,344.0
3890.0,259.0
3891.0,212.0
3892.0,240.0
3893.0,364.0
3894.0,339.0
3895.0,376.0
3896.0,418.0
3897.0,230.0
3898.0,241.0
3899.0,252.0
3900.0,561.0
3901.0,645.0
3902.0,177.0
3903.0,188.0
3904.0,232.0
3905.0,380.0
3906.0,699.0
3907.0,468.0
3908.0,299.0
3909.0,206.0
3910.0,260.0
3911.0,244.0
3912.0,377.0
3913.0,411.0
3914.0,301.0
3915.0,121.0
3916.0,228.0
3917.0,606.0
3918.0,504.0
3919.0,386.0
3920.0,172.0
3921.0,680.0
3922.0,539.0
3923.0,413.0
3924.0,494.0
3925.0,297.0
3926.0,375.0
3927.0,265.0
3928.0,780.0
3929.0,385.0
3930.0,998.0
3931.0,412.0
3932.0,555.0
3933.0,157.0
3934.0,243.0
3935.0,319.0
3936.0,241.0
3937.0,275.0
3938.0,558.0
3939.0,742.0
3940.0,340.0
3941.0,262.0
3942.0,231.0
3943.0,550.0
3944.0,790.0
3945.0,388.0
3946.0,217.0
3947.0,272.0
3948.0,337.0
3949.0,540.0
3950.0,938.0
3951.0,484.0
3952.0,253.0
3953.0,860.0
3954.0,197.0
3955.0,523.0
3956.0,281.0
3957.0,291.0
3958.0,159.0
3959.0,224.0
3960.0,225.0
3961.0,209.0
3962.0,545.0
3963.0,285.0
3964.0,999.0
3965.0,445.0
3966.0,999.0
3967.0,299.0
3968.0,544.0
3969.0,377.0
3970.0,810.0
3971.0,466.0
3972.0,537.0
3973.0,999.0
3974.0,187.0
3975.0,409.0
3976.0,391.0
3977.0,325.0
3978.0,385.0
3979.0,527.0
3980.0,413.0
3981.0,678.0
3982.0,999.0
3983.0,323.0
3984.0,613.0
3985.0,520.0
3986.0,670.0
3987.0,477.0
3988.0,535.0
3989.0,731.0
3990.0,392.0
3991.0,646.0
3992.0,372.0
3993.0,368.0
3994.0,210.0
3995.0,261.0
3996.0,297.0
3997.0,581.0
3998.0,421.0
3999.0,212.0
4000.0,345.0
4001.0,253.0
4002.0,299.0
4003.0,206.0
4004.0,211.0
4005.0,486.0
4006.0,319.0
4007.0,606.0
4008.0,414.0
4009.0,362.0
4010.0,236.0
4011.0,199.0
4012.0,315.0
4013.0,216.0
4014.0,262.0
4015.0,273.0
4016.0,399.0
4017.0,202.0
4018.0,218.0
4019.0,300.0
4020.0,309.0
4021.0,360.0
4022.0,268.0
4023.0,246.0
4024.0,658.0
4025.0,312.0
4026.0,227.0
4027.0,656.0
4028.0,586.0
4029.0,179.0
4030.0,364.0
4031.0,401.0
4032.0,436.0
4033.0,543.0
4034.0,320.0
4035.0,594.0
4036.0,255.0
4037.0,505.0
4038.0,273.0
4039.0,453.0
4040.0,565.0
4041.0,412.0
4042.0,135.0
4043.0,399.0
4044.0,541.0
4045.0,586.0
4046.0,292.0
4047.0,365.0
4048.0,234.0
4049.0,428.0
4050.0,324.0
4051.0,812.0
4052.0,281.0
4053.0,337.0
4054.0,245.0
4055.0,217.0
4056.0,162.0
4057.0,303.0
4058.0,317.0
4059.0,166.0
4060.0,156.0
4061.0,292.0
4062.0,443.0
4063.0,163.0
4064.0,214.0
4065.0,569.0
4066.0,496.0
4067.0,305.0
4068.0,374.0
4069.0,600.0
4070.0,182.0
4071.0,269.0
4072.0,434.0
4073.0,493.0
4074.0,121.0
4075.0,559.0
4076.0,386.0
4077.0,560.0
4078.0,362.0
4079.0,331.0
4080.0,451.0
4081.0,304.0
4082.0,211.0
4083.0,390.0
4084.0,450.0
4085.0,378.0
4086.0,667.0
4087.0,347.0
4088.0,331.0
4089.0,107.0
4090.0,799.0
4091.0,507.0
4092.0,650.0
4093.0,216.0
4094.0,586.0
4095.0,801.0
4096.0,858.0
4097.0,471.0
4098.0,999.0
4099.0,936.0
4100.0,200.0
4101.0,247.0
4102.0,106.0
4103.0,119.0
4104.0,465.0
4105.0,280.0
4106.0,423.0
4107.0,412.0
4108.0,196.0
4109.0,298.0
4110.0,357.0
4111.0,104.0
4112.0,224.0
4113.0,168.0
4114.0,503.0
4115.0,284.0
4116.0,289.0
4117.0,195.0
4118.0,211.0
4119.0,340.0
4120.0,279.0
4121.0,256.0
4122.0,272.0
4123.0,341.0
4124.0,265.0
4125.0,283.0
4126.0,233.0
4127.0,436.0
4128.0,331.0
4129.0,218.0
4130.0,208.0
4131.0,314.0
4132.0,322.0
4133.0,395.0
4134.0,226.0
4135.0,230.0
4136.0,213.0
4137.0,289.0
4138.0,279.0
4139.0,224.0
4140.0,321.0
4141.0,358.0
4142.0,276.0
4143.0,424.0
4144.0,345.0
4145.0,255.0
4146.0,320.0
4147.0,382.0
4148.0,693.0
4149.0,294.0
4150.0,533.0
4151.0,344.0
4152.0,279.0
4153.0,679.0
4154.0,349.0
4155.0,188.0
4156.0,403.0
4157.0,337.0
4158.0,754.0
4159.0,378.0
4160.0,340.0
4161.0,349.0
4162.0,416.0
4163.0,554.0
4164.0,999.0
4165.0,974.0
4166.0,219.0
4167.0,680.0
4168.0,408.0
4169.0,819.0
4170.0,745.0
4171.0,858.0
4172.0,937.0
4173.0,999.0
4174.0,293.0
4175.0,999.0
4176.0,999.0
4177.0,490.0
4178.0,470.0
4179.0,209.0
4180.0,838.0
4181.0,618.0
4182.0,277.0
4183.0,227.0
4184.0,272.0
4185.0,408.0
4186.0,999.0
4187.0,194.0
4188.0,557.0
4189.0,270.0
4190.0,248.0
4191.0,219.0
4192.0,297.0
4193.0,271.0
4194.0,306.0
4195.0,328.0
4196.0,354.0
4197.0,473.0
4198.0,301.0
4199.0,203.0
4200.0,442.0
4201.0,258.0
4202.0,291.0
4203.0,206.0
4204.0,319.0
4205.0,256.0
4206.0,363.0
4207.0,534.0
4208.0,280.0
4209.0,246.0
4210.0,267.0
4211.0,216.0
4212.0,240.0
4213.0,231.0
4214.0,485.0
4215.0,315.0
4216.0,170.0
4217.0,504.0
4218.0,401.0
4219.0,248.0
4220.0,423.0
4221.0,684.0
4222.0,710.0
4223.0,737.0
4224.0,621.0
4225.0,427.0
4226.0,396.0
4227.0,556.0
4228.0,609.0
4229.0,258.0
4230.0,294.0
4231.0,244.0
4232.0,273.0
4233.0,508.0
4234.0,250.0
4235.0,353.0
4236.0,412.0
4237.0,432.0
4238.0,312.0
4239.0,438.0
4240.0,694.0
4241.0,550.0
4242.0,680.0
4243.0,212.0
4244.0,261.0
4245.0,473.0
4246.0,469.0
4247.0,260.0
4248.0,282.0
4249.0,459.0
4250.0,495.0
4251.0,233.0
4252.0,321.0
4253.0,415.0
4254.0,497.0
4255.0,362.0
4256.0,346.0
4257.0,223.0
4258.0,322.0
4259.0,410.0
4260.0,182.0
4261.0,162.0
4262.0,301.0
4263.0,228.0
4264.0,197.0
4265.0,508.0
4266.0,163.0
4267.0,441.0
4268.0,301.0
4269.0,516.0
4270.0,257.0
4271.0,342.0
4272.0,315.0
4273.0,198.0
4274.0,301.0
4275.0,304.0
4276.0,287.0
4277.0,401.0
4278.0,125.0
4279.0,464.0
4280.0,736.0
4281.0,552.0
4282.0,209.0
4283.0,396.0
4284.0,309.0
4285.0,325.0
4286.0,492.0
4287.0,287.0
4288.0,702.0
4289.0,609.0
4290.0,307.0
4291.0,373.0
4292.0,999.0
4293.0,348.0
4294.0,495.0
4295.0,895.0
4296.0,219.0
4297.0,343.0
4298.0,511.0
4299.0,813.0
4300.0,241.0
4301.0,273.0
4302.0,432.0
4303.0,316.0
4304.0,468.0
4305.0,191.0
4306.0,779.0
4307.0,670.0
4308.0,368.0
4309.0,557.0
4310.0,909.0
4311.0,348.0
4312.0,930.0
4313.0,999.0
4314.0,443.0
4315.0,999.0
4316.0,999.0
4317.0,513.0
4318.0,492.0
4319.0,428.0
4320.0,285.0
4321.0,560.0
4322.0,398.0
4323.0,648.0
4324.0,179.0
4325.0,563.0
4326.0,590.0
4327.0,777.0
4328.0,330.0
4329.0,300.0
4330.0,395.0
4331.0,215.0
4332.0,844.0
4333.0,505.0
4334.0,438.0
4335.0,520.0
4336.0,334.0
4337.0,868.0
4338.0,341.0
4339.0,327.0
4340.0,533.0
4341.0,570.0
4342.0,258.0
4343.0,589.0
4344.0,870.0
4345.0,262.0
4346.0,999.0
4347.0,481.0
4348.0,289.0
4349.0,345.0
4350.0,397.0
4351.0,679.0
4352.0,323.0
4353.0,343.0
4354.0,365.0
4355.0,465.0
4356.0,361.0
4357.0,582.0
4358.0,633.0
4359.0,336.0
4360.0,476.0
4361.0,796.0
4362.0,725.0
4363.0,691.0
4364.0,349.0
4365.0,145.0
4366.0,273.0
4367.0,556.0
4368.0,953.0
4369.0,577.0
4370.0,379.0
4371.0,585.0
4372.0,471.0
4373.0,161.0
4374.0,590.0
4375.0,587.0
4376.0,807.0
4377.0,412.0
4378.0,286.0
4379.0,244.0
4380.0,953.0
4381.0,999.0
4382.0,415.0
4383.0,999.0
4384.0,999.0
4385.0,404.0
4386.0,376.0
4387.0,863.0
4388.0,866.0
4389.0,286.0
4390.0,999.0
4391.0,292.0
4392.0,999.0
4393.0,165.0
4394.0,805.0
4395.0,999.0
4396.0,801.0
4397.0,568.0
4398.0,770.0
4399.0,310.0
4400.0,999.0
4401.0,303.0
4402.0,999.0
4403.0,895.0
4404.0,358.0
4405.0,324.0
4406.0,928.0
4407.0,599.0
4408.0,296.0
4409.0,999.0
4410.0,243.0
4411.0,358.0
4412.0,340.0
4413.0,343.0
4414.0,284.0
4415.0,317.0
4416.0,375.0
4417.0,219.0
4418.0,578.0
4419.0,721.0
4420.0,999.0
4421.0,429.0
4422.0,301.0
4423.0,397.0
4424.0,512.0
4425.0,451.0
4426.0,999.0
4427.0,999.0
4428.0,251.0
4429.0,568.0
4430.0,457.0
4431.0,217.0
4432.0,696.0
4433.0,999.0
4434.0,351.0
4435.0,675.0
4436.0,526.0
4437.0,999.0
4438.0,934.0
4439.0,986.0
4440.0,663.0
4441.0,630.0
4442.0,583.0
4443.0,726.0
4444.0,410.0
4445.0,393.0
4446.0,999.0
4447.0,458.0
4448.0,738.0
4449.0,259.0
4450.0,390.0
4451.0,999.0
4452.0,376.0
4453.0,999.0
4454.0,355.0
4455.0,376.0
4456.0,394.0
4457.0,469.0
4458.0,881.0
4459.0,280.0
4460.0,266.0
4461.0,338.0
4462.0,382.0
4463.0,999.0
4464.0,546.0
4465.0,845.0
4466.0,396.0
4467.0,320.0
4468.0,299.0
4469.0,425.0
4470.0,449.0
4471.0,249.0
4472.0,623.0
4473.0,373.0
4474.0,276.0
4475.0,278.0
4476.0,228.0
4477.0,629.0
4478.0,261.0
4479.0,296.0
4480.0,433.0
4481.0,152.0
4482.0,566.0
4483.0,477.0
4484.0,417.0
4485.0,443.0
4486.0,424.0
4487.0,485.0
4488.0,340.0
4489.0,219.0
4490.0,558.0
4491.0,466.0
4492.0,344.0
4493.0,430.0
4494.0,400.0
4495.0,883.0
4496.0,849.0
4497.0,441.0
4498.0,999.0
4499.0,472.0
4500.0,754.0
4501.0,325.0
4502.0,339.0
4503.0,672.0
4504.0,298.0
4505.0,391.0
4506.0,999.0
4507.0,425.0
4508.0,999.0
4509.0,999.0
4510.0,392.0
4511.0,715.0
4512.0,999.0
4513.0,331.0
4514.0,770.0
4515.0,358.0
4516.0,610.0
4517.0,999.0
4518.0,668.0
4519.0,999.0
4520.0,988.0
4521.0,421.0
4522.0,227.0
4523.0,999.0
4524.0,218.0
4525.0,499.0
4526.0,338.0
4527.0,820.0
4528.0,597.0
4529.0,370.0
4530.0,454.0
4531.0,447.0
4532.0,908.0
4533.0,641.0
4534.0,255.0
4535.0,478.0
4536.0,608.0
4537.0,371.0
4538.0,388.0
4539.0,449.0
4540.0,999.0
4541.0,575.0
4542.0,260.0
4543.0,999.0
4544.0,330.0
4545.0,999.0
4546.0,767.0
4547.0,758.0
4548.0,367.0
4549.0,368.0
4550.0,290.0
4551.0,511.0
4552.0,181.0
4553.0,473.0
4554.0,522.0
4555.0,999.0
4556.0,226.0
4557.0,485.0
4558.0,999.0
4559.0,957.0
4560.0,423.0
4561.0,771.0
4562.0,579.0
4563.0,828.0
4564.0,547.0
4565.0,808.0
4566.0,442.0
4567.0,439.0
4568.0,999.0
4569.0,477.0
4570.0,999.0
4571.0,999.0
4572.0,292.0
4573.0,999.0
4574.0,526.0
4575.0,446.0
4576.0,869.0
4577.0,450.0
4578.0,504.0
4579.0,665.0
4580.0,534.0
4581.0,999.0
4582.0,242.0
4583.0,278.0
4584.0,999.0
4585.0,93.0
4586.0,317.0
4587.0,574.0
4588.0,568.0
4589.0,999.0
4590.0,262.0
4591.0,604.0
4592.0,490.0
4593.0,286.0
4594.0,544.0
4595.0,427.0
4596.0,999.0
4597.0,818.0
4598.0,345.0
4599.0,999.0
4600.0,938.0
4601.0,973.0
4602.0,999.0
4603.0,275.0
4604.0,394.0
4605.0,449.0
4606.0,506.0
4607.0,434.0
4608.0,385.0
4609.0,343.0
4610.0,999.0
4611.0,227.0
4612.0,456.0
4613.0,461.0
4614.0,609.0
4615.0,337.0
4616.0,601.0
4617.0,636.0
4618.0,223.0
4619.0,648.0
4620.0,455.0
4621.0,353.0
4622.0,601.0
4623.0,121.0
4624.0,228.0
4625.0,402.0
4626.0,272.0
4627.0,351.0
4628.0,743.0
4629.0,299.0
4630.0,463.0
4631.0,668.0
4632.0,759.0
4633.0,787.0
4634.0,502.0
4635.0,482.0
4636.0,990.0
4637.0,427.0
4638.0,458.0
4639.0,999.0
4640.0,700.0
4641.0,448.0
4642.0,575.0
4643.0,519.0
4644.0,732.0
4645.0,398.0
4646.0,595.0
4647.0,999.0
4648.0,999.0
4649.0,577.0
4650.0,999.0
4651.0,332.0
4652.0,819.0
4653.0,607.0
4654.0,250.0
4655.0,438.0
4656.0,489.0
4657.0,455.0
4658.0,719.0
4659.0,662.0
4660.0,393.0
4661.0,618.0
4662.0,408.0
4663.0,800.0
4664.0,369.0
4665.0,521.0
4666.0,372.0
4667.0,278.0
4668.0,347.0
4669.0,582.0
4670.0,272.0
4671.0,447.0
4672.0,516.0
4673.0,673.0
4674.0,296.0
4675.0,533.0
4676.0,372.0
4677.0,634.0
4678.0,669.0
4679.0,482.0
4680.0,951.0
4681.0,499.0
4682.0,999.0
4683.0,247.0
4684.0,999.0
4685.0,372.0
4686.0,620.0
4687.0,932.0
4688.0,291.0
4689.0,753.0
4690.0,730.0
4691.0,256.0
4692.0,476.0
4693.0,308.0
4694.0,999.0
4695.0,851.0
4696.0,999.0
4697.0,454.0
4698.0,787.0
4699.0,523.0
4700.0,623.0
4701.0,598.0
4702.0,975.0
4703.0,260.0
4704.0,317.0
4705.0,999.0
4706.0,603.0
4707.0,999.0
4708.0,653.0
4709.0,996.0
4710.0,999.0
4711.0,995.0
4712.0,505.0
4713.0,540.0
4714.0,797.0
4715.0,582.0
4716.0,999.0
4717.0,678.0
4718.0,999.0
4719.0,705.0
4720.0,717.0
4721.0,213.0
4722.0,472.0
4723.0,744.0
4724.0,477.0
4725.0,999.0
4726.0,999.0
4727.0,512.0
4728.0,999.0
4729.0,557.0
4730.0,999.0
4731.0,999.0
4732.0,891.0
4733.0,694.0
4734.0,370.0
4735.0,999.0
4736.0,568.0
4737.0,385.0
4738.0,373.0
4739.0,369.0
4740.0,999.0
4741.0,858.0
4742.0,999.0
4743.0,845.0
4744.0,807.0
4745.0,999.0
4746.0,381.0
4747.0,354.0
4748.0,999.0
4749.0,999.0
4750.0,369.0
4751.0,377.0
4752.0,365.0
4753.0,821.0
4754.0,136.0
4755.0,381.0
4756.0,519.0
4757.0,657.0
4758.0,999.0
4759.0,310.0
4760.0,386.0
4761.0,883.0
4762.0,650.0
4763.0,440.0
4764.0,314.0
4765.0,449.0
4766.0,500.0
4767.0,200.0
4768.0,528.0
4769.0,295.0
4770.0,154.0
4771.0,794.0
4772.0,842.0
4773.0,599.0
4774.0,566.0
4775.0,447.0
4776.0,128.0
4777.0,444.0
4778.0,546.0
4779.0,346.0
4780.0,805.0
4781.0,936.0
4782.0,672.0
4783.0,522.0
4784.0,702.0
4785.0,500.0
4786.0,241.0
4787.0,572.0
4788.0,523.0
4789.0,744.0
4790.0,608.0
4791.0,999.0
4792.0,631.0
4793.0,921.0
4794.0,184.0
4795.0,739.0
4796.0,626.0
4797.0,999.0
4798.0,649.0
4799.0,443.0
4800.0,774.0
4801.0,999.0
4802.0,743.0
4803.0,695.0
4804.0,999.0
4805.0,607.0
4806.0,227.0
4807.0,890.0
4808.0,999.0
4809.0,361.0
4810.0,774.0
4811.0,999.0
4812.0,435.0
4813.0,386.0
4814.0,999.0
4815.0,999.0
4816.0,999.0
4817.0,999.0
4818.0,999.0
4819.0,999.0
4820.0,431.0
4821.0,999.0
4822.0,361.0
4823.0,999.0
4824.0,568.0
4825.0,999.0
4826.0,195.0
4827.0,712.0
4828.0,445.0
4829.0,784.0
4830.0,512.0
4831.0,246.0
4832.0,999.0
4833.0,999.0
4834.0,677.0
4835.0,999.0
4836.0,692.0
4837.0,999.0
4838.0,999.0
4839.0,999.0
4840.0,374.0
4841.0,810.0
4842.0,999.0
4843.0,999.0
4844.0,999.0
4845.0,298.0
4846.0,759.0
4847.0,732.0
4848.0,999.0
4849.0,732.0
4850.0,781.0
4851.0,999.0
4852.0,999.0
4853.0,965.0
4854.0,999.0
4855.0,485.0
4856.0,999.0
4857.0,999.0
4858.0,869.0
4859.0,192.0
4860.0,999.0
4861.0,714.0
4862.0,367.0
4863.0,697.0
4864.0,760.0
4865.0,999.0
4866.0,685.0
4867.0,808.0
4868.0,799.0
4869.0,846.0
4870.0,999.0
4871.0,665.0
4872.0,246.0
4873.0,999.0
4874.0,912.0
4875.0,231.0
4876.0,675.0
4877.0,544.0
4878.0,149.0
4879.0,999.0
4880.0,721.0
4881.0,409.0
4882.0,999.0
4883.0,999.0
4884.0,529.0
4885.0,999.0
4886.0,698.0
4887.0,882.0
4888.0,840.0
4889.0,301.0
4890.0,999.0
4891.0,566.0
4892.0,765.0
4893.0,999.0
4894.0,793.0
4895.0,698.0
4896.0,205.0
4897.0,999.0
4898.0,243.0
4899.0,999.0
4900.0,771.0
4901.0,548.0
4902.0,336.0
4903.0,714.0
4904.0,797.0
4905.0,615.0
4906.0,999.0
4907.0,793.0
4908.0,647.0
4909.0,692.0
4910.0,382.0
4911.0,549.0
4912.0,999.0
4913.0,922.0
4914.0,180.0
4915.0,343.0
4916.0,447.0
4917.0,452.0
4918.0,523.0
4919.0,759.0
4920.0,234.0
4921.0,364.0
4922.0,758.0
4923.0,194.0
4924.0,999.0
4925.0,308.0
4926.0,425.0
4927.0,733.0
4928.0,999.0
4929.0,999.0
4930.0,524.0
4931.0,305.0
4932.0,999.0
4933.0,420.0
4934.0,877.0
4935.0,520.0
4936.0,769.0
4937.0,950.0
4938.0,379.0
4939.0,689.0
4940.0,666.0
4941.0,999.0
4942.0,499.0
4943.0,494.0
4944.0,589.0
4945.0,285.0
4946.0,999.0
4947.0,455.0
4948.0,724.0
4949.0,421.0
4950.0,999.0
4951.0,363.0
4952.0,585.0
4953.0,891.0
4954.0,379.0
4955.0,468.0
4956.0,701.0
4957.0,999.0
4958.0,906.0
4959.0,400.0
4960.0,628.0
4961.0,999.0
4962.0,205.0
4963.0,999.0
4964.0,999.0
4965.0,435.0
4966.0,369.0
4967.0,999.0
4968.0,999.0
4969.0,859.0
4970.0,999.0
4971.0,999.0
4972.0,402.0
4973.0,999.0
4974.0,999.0
4975.0,778.0
4976.0,247.0
4977.0,967.0
4978.0,463.0
4979.0,485.0
4980.0,999.0
4981.0,927.0
4982.0,686.0
4983.0,235.0
4984.0,574.0
4985.0,677.0
4986.0,345.0
4987.0,736.0
4988.0,999.0
4989.0,328.0
4990.0,999.0
4991.0,543.0
4992.0,580.0
4993.0,518.0
4994.0,619.0
4995.0,420.0
4996.0,828.0
4997.0,328.0
4998.0,378.0
4999.0,655.0
5000.0,296.0
5001.0,343.0
5002.0,430.0
5003.0,364.0
5004.0,672.0
5005.0,360.0
5006.0,816.0
5007.0,999.0
5008.0,999.0
5009.0,536.0
5010.0,999.0
5011.0,777.0
5012.0,583.0
5013.0,868.0
5014.0,641.0
5015.0,655.0
5016.0,999.0
5017.0,341.0
5018.0,793.0
5019.0,393.0
5020.0,234.0
5021.0,999.0
5022.0,999.0
5023.0,999.0
5024.0,999.0
5025.0,258.0
5026.0,999.0
5027.0,999.0
5028.0,999.0
5029.0,999.0
5030.0,719.0
5031.0,709.0
5032.0,470.0
5033.0,500.0
5034.0,224.0
5035.0,999.0
5036.0,999.0
5037.0,710.0
5038.0,999.0
5039.0,999.0
5040.0,511.0
5041.0,999.0
5042.0,999.0
5043.0,999.0
5044.0,999.0
5045.0,999.0
5046.0,197.0
5047.0,999.0
5048.0,999.0
5049.0,999.0
5050.0,999.0
5051.0,855.0
5052.0,231.0
5053.0,999.0
5054.0,999.0
5055.0,999.0
5056.0,999.0
5057.0,999.0
5058.0,517.0
5059.0,999.0
5060.0,999.0
5061.0,999.0
5062.0,357.0
5063.0,999.0
5064.0,999.0
5065.0,505.0
5066.0,999.0
5067.0,346.0
5068.0,911.0
5069.0,999.0
5070.0,999.0
5071.0,999.0
5072.0,681.0
5073.0,999.0
5074.0,999.0
5075.0,724.0
5076.0,999.0
5077.0,580.0
5078.0,826.0
5079.0,999.0
5080.0,446.0
5081.0,999.0
5082.0,999.0
5083.0,999.0
5084.0,999.0
5085.0,999.0
5086.0,999.0
5087.0,926.0
5088.0,999.0
5089.0,597.0
5090.0,410.0
5091.0,999.0
5092.0,999.0
5093.0,999.0
5094.0,999.0
5095.0,988.0
5096.0,355.0
5097.0,999.0
5098.0,999.0
5099.0,999.0
5100.0,999.0
5101.0,999.0
5102.0,377.0
5103.0,999.0
5104.0,999.0
5105.0,999.0
5106.0,999.0
5107.0,999.0
5108.0,999.0
5109.0,581.0
5110.0,692.0
5111.0,757.0
5112.0,635.0
5113.0,999.0
5114.0,547.0
5115.0,707.0
5116.0,787.0
5117.0,237.0
5118.0,356.0
5119.0,935.0
5120.0,470.0
5121.0,999.0
5122.0,999.0
5123.0,517.0
5124.0,332.0
5125.0,440.0
5126.0,791.0
5127.0,383.0
5128.0,699.0
5129.0,760.0
5130.0,194.0
5131.0,999.0
5132.0,587.0
5133.0,911.0
5134.0,547.0
5135.0,497.0
5136.0,941.0
5137.0,999.0
5138.0,697.0
5139.0,564.0
5140.0,632.0
5141.0,999.0
5142.0,999.0
5143.0,999.0
5144.0,999.0
5145.0,954.0
5146.0,564.0
5147.0,999.0
5148.0,999.0
5149.0,999.0
5150.0,488.0
5151.0,999.0
5152.0,774.0
5153.0,668.0
5154.0,720.0
5155.0,999.0
5156.0,742.0
5157.0,999.0
5158.0,296.0
5159.0,150.0
5160.0,594.0
5161.0,637.0
5162.0,999.0
5163.0,578.0
5164.0,486.0
5165.0,999.0
5166.0,311.0
5167.0,747.0
5168.0,999.0
5169.0,337.0
5170.0,250.0
5171.0,973.0
5172.0,999.0
5173.0,777.0
5174.0,678.0
5175.0,192.0
5176.0,460.0
5177.0,813.0
5178.0,999.0
5179.0,728.0
5180.0,999.0
5181.0,652.0
5182.0,247.0
5183.0,999.0
5184.0,753.0
5185.0,999.0
5186.0,999.0
5187.0,552.0
5188.0,658.0
5189.0,527.0
5190.0,617.0
5191.0,999.0
5192.0,999.0
5193.0,397.0
5194.0,901.0
5195.0,999.0
5196.0,999.0
5197.0,999.0
5198.0,999.0
5199.0,999.0
5200.0,365.0
5201.0,999.0
5202.0,999.0
5203.0,999.0
5204.0,999.0
5205.0,602.0
5206.0,999.0
5207.0,604.0
5208.0,999.0
5209.0,999.0
5210.0,999.0
5211.0,999.0
5212.0,999.0
5213.0,999.0
5214.0,999.0
5215.0,293.0
5216.0,999.0
5217.0,733.0
5218.0,999.0
5219.0,182.0
5220.0,999.0
5221.0,999.0
5222.0,999.0
5223.0,999.0
5224.0,999.0
5225.0,999.0
5226.0,999.0
5227.0,999.0
5228.0,999.0
5229.0,999.0
5230.0,999.0
5231.0,999.0
5232.0,958.0
5233.0,999.0
5234.0,999.0
5235.0,999.0
5236.0,999.0
5237.0,759.0
5238.0,819.0
5239.0,999.0
5240.0,999.0
5241.0,999.0
5242.0,999.0
5243.0,999.0
5244.0,999.0
5245.0,342.0
5246.0,999.0
5247.0,532.0
5248.0,999.0
5249.0,999.0
5250.0,795.0
5251.0,418.0
5252.0,999.0
5253.0,682.0
5254.0,999.0
5255.0,999.0
5256.0,456.0
5257.0,970.0
5258.0,999.0
5259.0,999.0
5260.0,911.0
5261.0,272.0
5262.0,999.0
5263.0,999.0
5264.0,999.0
5265.0,945.0
5266.0,999.0
5267.0,999.0
5268.0,999.0
5269.0,999.0
5270.0,489.0
5271.0,999.0
5272.0,962.0
5273.0,999.0
5274.0,601.0
5275.0,999.0
5276.0,999.0
5277.0,322.0
5278.0,962.0
5279.0,999.0
5280.0,646.0
5281.0,999.0
5282.0,999.0
5283.0,999.0
5284.0,999.0
5285.0,999.0
5286.0,999.0
5287.0,999.0
5288.0,530.0
5289.0,118.0
5290.0,316.0
5291.0,999.0
5292.0,999.0
5293.0,999.0
5294.0,999.0
5295.0,999.0
5296.0,999.0
5297.0,436.0
5298.0,648.0
5299.0,921.0
5300.0,758.0
5301.0,999.0
5302.0,999.0
5303.0,903.0
5304.0,731.0
5305.0,999.0
5306.0,999.0
5307.0,999.0
5308.0,999.0
5309.0,125.0
5310.0,871.0
5311.0,999.0
5312.0,202.0
5313.0,999.0
5314.0,999.0
5315.0,987.0
5316.0,999.0
5317.0,999.0
5318.0,999.0
5319.0,999.0
5320.0,902.0
5321.0,999.0
5322.0,999.0
5323.0,863.0
5324.0,751.0
5325.0,866.0
5326.0,999.0
5327.0,417.0
5328.0,549.0
5329.0,317.0
5330.0,461.0
5331.0,619.0
5332.0,999.0
5333.0,654.0
5334.0,999.0
5335.0,343.0
5336.0,999.0
5337.0,999.0
5338.0,999.0
5339.0,999.0
5340.0,999.0
5341.0,539.0
5342.0,999.0
5343.0,999.0
5344.0,390.0
5345.0,999.0
5346.0,999.0
5347.0,999.0
5348.0,999.0
5349.0,999.0
5350.0,999.0
5351.0,163.0
5352.0,997.0
5353.0,999.0
5354.0,999.0
5355.0,999.0
5356.0,999.0
5357.0,999.0
5358.0,999.0
5359.0,283.0
5360.0,999.0
5361.0,999.0
5362.0,585.0
5363.0,999.0
5364.0,999.0
5365.0,999.0
5366.0,999.0
5367.0,999.0
5368.0,999.0
5369.0,999.0
5370.0,999.0
5371.0,999.0
5372.0,999.0
5373.0,999.0
5374.0,999.0
5375.0,999.0
5376.0,999.0
5377.0,999.0
5378.0,999.0
5379.0,999.0
5380.0,999.0
5381.0,999.0
5382.0,431.0
5383.0,999.0
5384.0,801.0
5385.0,999.0
5386.0,999.0
5387.0,999.0
5388.0,576.0
5389.0,508.0
5390.0,999.0
5391.0,805.0
5392.0,268.0
5393.0,999.0
5394.0,999.0
5395.0,760.0
5396.0,999.0
5397.0,969.0
5398.0,999.0
5399.0,999.0
5400.0,462.0
5401.0,292.0
5402.0,999.0
5403.0,999.0
5404.0,999.0
5405.0,999.0
5406.0,225.0
5407.0,999.0
5408.0,283.0
5409.0,999.0
5410.0,999.0
5411.0,999.0
5412.0,999.0
5413.0,999.0
5414.0,999.0
5415.0,449.0
5416.0,999.0
5417.0,999.0
5418.0,649.0
5419.0,854.0
5420.0,999.0
5421.0,999.0
5422.0,999.0
5423.0,999.0
5424.0,999.0
5425.0,787.0
5426.0,882.0
5427.0,999.0
5428.0,999.0
5429.0,999.0
5430.0,999.0
5431.0,763.0
5432.0,999.0
5433.0,999.0
5434.0,999.0
5435.0,999.0
5436.0,999.0
5437.0,999.0
5438.0,999.0
5439.0,999.0
5440.0,999.0
5441.0,999.0
5442.0,999.0
5443.0,999.0
5444.0,999.0
5445.0,999.0
5446.0,999.0
5447.0,999.0
5448.0,878.0
5449.0,999.0
5450.0,999.0
5451.0,999.0
5452.0,999.0
5453.0,306.0
5454.0,999.0
5455.0,999.0
5456.0,999.0
5457.0,908.0
5458.0,999.0
5459.0,664.0
5460.0,999.0
5461.0,999.0
5462.0,999.0
5463.0,987.0
5464.0,999.0
5465.0,999.0
5466.0,999.0
5467.0,999.0
5468.0,999.0
5469.0,999.0
5470.0,999.0
5471.0,999.0
5472.0,999.0
5473.0,999.0
5474.0,999.0
5475.0,999.0
5476.0,220.0
5477.0,999.0
5478.0,999.0
5479.0,999.0
5480.0,999.0
5481.0,968.0
5482.0,999.0
5483.0,999.0
5484.0,999.0
5485.0,459.0
5486.0,999.0
5487.0,999.0
5488.0,999.0
5489.0,999.0
5490.0,999.0
5491.0,999.0
5492.0,999.0
5493.0,999.0
5494.0,999.0
5495.0,999.0
5496.0,999.0
5497.0,999.0
5498.0,589.0
5499.0,999.0
5500.0,999.0
5501.0,999.0
5502.0,519.0
5503.0,999.0
5504.0,999.0
5505.0,999.0
5506.0,590.0
5507.0,921.0
5508.0,999.0
5509.0,708.0
5510.0,999.0
5511.0,999.0
5512.0,999.0
5513.0,999.0
5514.0,911.0
5515.0,999.0
5516.0,999.0
5517.0,999.0
5518.0,999.0
5519.0,999.0
5520.0,999.0
5521.0,500.0
5522.0,999.0
5523.0,999.0
5524.0,999.0
5525.0,999.0
5526.0,999.0
5527.0,999.0
5528.0,999.0
5529.0,991.0
5530.0,420.0
5531.0,460.0
5532.0,999.0
5533.0,920.0
5534.0,482.0
5535.0,999.0
5536.0,999.0
5537.0,588.0
5538.0,999.0
5539.0,999.0
5540.0,771.0
5541.0,386.0
5542.0,999.0
5543.0,999.0
5544.0,585.0
5545.0,310.0
5546.0,999.0
5547.0,338.0
5548.0,427.0
5549.0,521.0
5550.0,709.0
5551.0,700.0
5552.0,412.0
5553.0,655.0
5554.0,812.0
5555.0,548.0
5556.0,189.0
5557.0,572.0
5558.0,273.0
5559.0,772.0
5560.0,198.0
5561.0,244.0
5562.0,829.0
5563.0,999.0
5564.0,999.0
5565.0,298.0
5566.0,244.0
5567.0,930.0
5568.0,744.0
5569.0,999.0
5570.0,685.0
5571.0,567.0
5572.0,999.0
5573.0,527.0
5574.0,999.0
5575.0,646.0
5576.0,999.0
5577.0,999.0
5578.0,999.0
5579.0,999.0
5580.0,999.0
5581.0,999.0
5582.0,999.0
5583.0,999.0
5584.0,999.0
5585.0,985.0
5586.0,999.0
5587.0,999.0
5588.0,999.0
5589.0,484.0
5590.0,999.0
5591.0,999.0
5592.0,999.0
5593.0,999.0
5594.0,999.0
5595.0,999.0
5596.0,999.0
5597.0,359.0
5598.0,999.0
5599.0,999.0
5600.0,999.0
5601.0,251.0
5602.0,999.0
5603.0,918.0
5604.0,999.0
5605.0,999.0
5606.0,999.0
5607.0,999.0
5608.0,518.0
5609.0,999.0
5610.0,651.0
5611.0,999.0
5612.0,999.0
5613.0,846.0
5614.0,935.0
5615.0,442.0
5616.0,550.0
5617.0,999.0
5618.0,496.0
5619.0,999.0
5620.0,371.0
5621.0,999.0
5622.0,701.0
5623.0,999.0
5624.0,999.0
5625.0,999.0
5626.0,591.0
5627.0,647.0
5628.0,999.0
5629.0,557.0
5630.0,658.0
5631.0,551.0
5632.0,540.0
5633.0,999.0
5634.0,999.0
5635.0,404.0
5636.0,977.0
5637.0,636.0
5638.0,882.0
5639.0,999.0
5640.0,999.0
5641.0,999.0
5642.0,605.0
5643.0,226.0
5644.0,999.0
5645.0,673.0
5646.0,490.0
5647.0,299.0
5648.0,498.0
5649.0,999.0
5650.0,999.0
5651.0,999.0
5652.0,999.0
5653.0,942.0
5654.0,999.0
5655.0,780.0
5656.0,270.0
5657.0,999.0
5658.0,999.0
5659.0,999.0
5660.0,999.0
5661.0,999.0
5662.0,999.0
5663.0,999.0
5664.0,599.0
5665.0,999.0
5666.0,524.0
5667.0,999.0
5668.0,999.0
5669.0,999.0
5670.0,999.0
5671.0,999.0
5672.0,840.0
5673.0,999.0
5674.0,999.0
5675.0,999.0
5676.0,280.0
5677.0,999.0
5678.0,190.0
5679.0,999.0
5680.0,744.0
5681.0,999.0
5682.0,999.0
5683.0,999.0
5684.0,999.0
5685.0,999.0
5686.0,999.0
5687.0,999.0
5688.0,999.0
5689.0,803.0
5690.0,999.0
5691.0,999.0
5692.0,999.0
5693.0,602.0
5694.0,999.0
5695.0,999.0
5696.0,999.0
5697.0,587.0
5698.0,999.0
5699.0,999.0
5700.0,729.0
5701.0,528.0
5702.0,403.0
5703.0,999.0
5704.0,837.0
5705.0,999.0
5706.0,999.0
5707.0,999.0
5708.0,999.0
5709.0,999.0
5710.0,513.0
5711.0,999.0
5712.0,999.0
5713.0,999.0
5714.0,575.0
5715.0,999.0
5716.0,784.0
5717.0,999.0
5718.0,548.0
5719.0,743.0
5720.0,498.0
5721.0,411.0
5722.0,406.0
5723.0,265.0
5724.0,999.0
5725.0,999.0
5726.0,405.0
5727.0,999.0
5728.0,999.0
5729.0,972.0
5730.0,678.0
5731.0,999.0
5732.0,999.0
5733.0,814.0
5734.0,999.0
5735.0,952.0
5736.0,999.0
5737.0,343.0
5738.0,999.0
5739.0,832.0
5740.0,999.0
5741.0,999.0
5742.0,999.0
5743.0,315.0
5744.0,906.0
5745.0,999.0
5746.0,999.0
5747.0,999.0
5748.0,477.0
5749.0,551.0
5750.0,999.0
5751.0,558.0
5752.0,999.0
5753.0,466.0
5754.0,210.0
5755.0,999.0
5756.0,999.0
5757.0,999.0
5758.0,935.0
5759.0,999.0
5760.0,999.0
5761.0,999.0
5762.0,999.0
5763.0,999.0
5764.0,999.0
5765.0,999.0
5766.0,962.0
5767.0,999.0
5768.0,999.0
5769.0,999.0
5770.0,999.0
5771.0,999.0
5772.0,999.0
5773.0,999.0
5774.0,646.0
5775.0,999.0
5776.0,999.0
5777.0,999.0
5778.0,999.0
5779.0,999.0
5780.0,605.0
5781.0,999.0
5782.0,999.0
5783.0,696.0
5784.0,375.0
5785.0,999.0
5786.0,999.0
5787.0,999.0
5788.0,581.0
5789.0,999.0
5790.0,999.0
5791.0,999.0
5792.0,999.0
5793.0,999.0
5794.0,999.0
5795.0,822.0
5796.0,999.0
5797.0,999.0
5798.0,999.0
5799.0,999.0
5800.0,999.0
5801.0,999.0
5802.0,999.0
5803.0,999.0
5804.0,999.0
5805.0,999.0
5806.0,453.0
5807.0,999.0
5808.0,999.0
5809.0,999.0
5810.0,681.0
5811.0,999.0
5812.0,436.0
5813.0,356.0
5814.0,419.0
5815.0,838.0
5816.0,999.0
5817.0,999.0
5818.0,999.0
5819.0,999.0
5820.0,999.0
5821.0,853.0
5822.0,999.0
5823.0,856.0
5824.0,999.0
5825.0,999.0
5826.0,999.0
5827.0,673.0
5828.0,522.0
5829.0,958.0
5830.0,999.0
5831.0,999.0
5832.0,696.0
5833.0,264.0
5834.0,999.0
5835.0,188.0
5836.0,544.0
5837.0,363.0
5838.0,808.0
5839.0,999.0
5840.0,999.0
5841.0,539.0
5842.0,887.0
5843.0,688.0
5844.0,999.0
5845.0,338.0
5846.0,544.0
5847.0,510.0
5848.0,999.0
5849.0,498.0
5850.0,999.0
5851.0,999.0
5852.0,999.0
5853.0,562.0
5854.0,999.0
5855.0,999.0
5856.0,999.0
5857.0,330.0
5858.0,999.0
5859.0,658.0
5860.0,999.0
5861.0,211.0
5862.0,999.0
5863.0,999.0
5864.0,999.0
5865.0,999.0
5866.0,999.0
5867.0,999.0
5868.0,999.0
5869.0,999.0
5870.0,999.0
5871.0,999.0
5872.0,203.0
5873.0,310.0
5874.0,999.0
5875.0,800.0
5876.0,999.0
5877.0,999.0
5878.0,999.0
5879.0,999.0
5880.0,999.0
5881.0,589.0
5882.0,999.0
5883.0,999.0
5884.0,999.0
5885.0,431.0
5886.0,885.0
5887.0,830.0
5888.0,999.0
5889.0,553.0
5890.0,999.0
5891.0,164.0
5892.0,472.0
5893.0,918.0
5894.0,687.0
5895.0,403.0
5896.0,216.0
5897.0,459.0
5898.0,518.0
5899.0,436.0
5900.0,568.0
5901.0,631.0
5902.0,999.0
5903.0,999.0
5904.0,999.0
5905.0,619.0
5906.0,474.0
5907.0,999.0
5908.0,999.0
5909.0,510.0
5910.0,999.0
5911.0,611.0
5912.0,913.0
5913.0,755.0
5914.0,715.0
5915.0,999.0
5916.0,999.0
5917.0,999.0
5918.0,999.0
5919.0,250.0
5920.0,999.0
5921.0,999.0
5922.0,775.0
5923.0,999.0
5924.0,999.0
5925.0,999.0
5926.0,815.0
5927.0,999.0
5928.0,999.0
5929.0,999.0
5930.0,999.0
5931.0,355.0
5932.0,999.0
5933.0,999.0
5934.0,999.0
5935.0,946.0
5936.0,559.0
5937.0,957.0
5938.0,999.0
5939.0,999.0
5940.0,999.0
5941.0,999.0
5942.0,999.0
5943.0,999.0
5944.0,999.0
5945.0,999.0
5946.0,999.0
5947.0,999.0
5948.0,999.0
5949.0,999.0
5950.0,999.0
5951.0,999.0
5952.0,999.0
5953.0,891.0
5954.0,999.0
5955.0,855.0
5956.0,999.0
5957.0,999.0
5958.0,999.0
5959.0,999.0
5960.0,999.0
5961.0,999.0
5962.0,999.0
5963.0,999.0
5964.0,999.0
5965.0,999.0
5966.0,999.0
5967.0,999.0
5968.0,861.0
5969.0,999.0
5970.0,999.0
5971.0,999.0
5972.0,999.0
5973.0,999.0
5974.0,999.0
5975.0,999.0
5976.0,999.0
5977.0,999.0
5978.0,999.0
5979.0,454.0
5980.0,766.0
5981.0,999.0
5982.0,999.0
5983.0,999.0
5984.0,999.0
5985.0,999.0
5986.0,999.0
5987.0,999.0
5988.0,631.0
5989.0,999.0
5990.0,999.0
5991.0,999.0
5992.0,999.0
5993.0,999.0
5994.0,999.0
5995.0,999.0
5996.0,999.0
5997.0,999.0
5998.0,999.0
5999.0,999.0
6000.0,999.0
