Episode,Agent 6
1.0,8.8
2.0,12.8
3.0,5.4
4.0,9.4
5.0,6.2
6.0,6.0
7.0,5.0
8.0,5.8
9.0,11.2
10.0,7.6
11.0,7.6
12.0,8.6
13.0,9.4
14.0,9.6
15.0,8.6
16.0,5.8
17.0,6.0
18.0,10.4
19.0,11.0
20.0,12.0
21.0,10.2
22.0,7.0
23.0,8.8
24.0,10.0
25.0,12.2
26.0,7.0
27.0,6.2
28.0,5.0
29.0,8.8
30.0,7.8
31.0,7.0
32.0,7.2
33.0,7.6
34.0,5.6
35.0,7.4
36.0,9.2
37.0,6.8
38.0,8.0
39.0,7.8
40.0,6.6
41.0,11.2
42.0,6.2
43.0,7.4
44.0,6.6
45.0,8.2
46.0,12.0
47.0,7.4
48.0,5.4
49.0,8.0
50.0,8.0
51.0,5.6
52.0,6.2
53.0,6.2
54.0,6.2
55.0,9.4
56.0,6.2
57.0,9.2
58.0,9.8
59.0,6.2
60.0,10.0
61.0,8.4
62.0,10.8
63.0,8.2
64.0,12.2
65.0,8.2
66.0,6.0
67.0,8.0
68.0,6.6
69.0,11.2
70.0,9.2
71.0,7.2
72.0,10.6
73.0,12.8
74.0,9.6
75.0,9.0
76.0,7.2
77.0,10.4
78.0,11.4
79.0,9.2
80.0,7.8
81.0,9.6
82.0,8.0
83.0,9.6
84.0,6.8
85.0,13.0
86.0,8.4
87.0,7.6
88.0,10.2
89.0,11.0
90.0,6.6
91.0,8.2
92.0,11.6
93.0,8.0
94.0,13.4
95.0,8.0
96.0,7.6
97.0,10.6
98.0,6.2
99.0,7.6
100.0,16.4
101.0,10.0
102.0,9.2
103.0,9.2
104.0,9.4
105.0,10.8
106.0,10.2
107.0,8.0
108.0,10.6
109.0,12.2
110.0,10.0
111.0,7.6
112.0,9.6
113.0,11.2
114.0,9.8
115.0,9.6
116.0,12.6
117.0,8.6
118.0,9.8
119.0,9.0
120.0,15.6
121.0,9.6
122.0,10.2
123.0,9.4
124.0,8.2
125.0,8.4
126.0,7.8
127.0,8.0
128.0,8.8
129.0,12.4
130.0,12.4
131.0,13.6
132.0,9.0
133.0,6.6
134.0,9.6
135.0,10.8
136.0,9.8
137.0,6.4
138.0,5.8
139.0,8.0
140.0,8.6
141.0,11.6
142.0,22.2
143.0,6.6
144.0,13.4
145.0,9.0
146.0,12.0
147.0,7.2
148.0,15.2
149.0,14.8
150.0,15.2
151.0,7.4
152.0,6.4
153.0,13.0
154.0,15.0
155.0,10.0
156.0,5.0
157.0,11.2
158.0,11.8
159.0,14.0
160.0,8.0
161.0,7.8
162.0,13.0
163.0,12.6
164.0,12.4
165.0,11.0
166.0,9.2
167.0,10.8
168.0,8.8
169.0,7.4
170.0,9.0
171.0,14.8
172.0,8.0
173.0,14.2
174.0,15.8
175.0,10.0
176.0,9.2
177.0,9.8
178.0,11.6
179.0,16.0
180.0,17.4
181.0,28.6
182.0,13.8
183.0,11.0
184.0,13.0
185.0,10.8
186.0,8.0
187.0,11.8
188.0,14.0
189.0,11.6
190.0,10.0
191.0,14.2
192.0,10.4
193.0,11.0
194.0,16.0
195.0,11.0
196.0,10.8
197.0,10.6
198.0,15.6
199.0,16.2
200.0,19.4
201.0,15.2
202.0,11.6
203.0,11.0
204.0,15.0
205.0,12.2
206.0,19.0
207.0,20.4
208.0,8.6
209.0,17.6
210.0,6.6
211.0,19.0
212.0,12.8
213.0,14.0
214.0,15.2
215.0,18.8
216.0,11.6
217.0,15.2
218.0,19.4
219.0,20.8
220.0,18.8
221.0,13.8
222.0,9.0
223.0,15.2
224.0,14.0
225.0,16.0
226.0,13.6
227.0,11.0
228.0,13.0
229.0,14.0
230.0,14.8
231.0,17.6
232.0,9.2
233.0,20.4
234.0,12.8
235.0,16.2
236.0,16.6
237.0,14.8
238.0,9.0
239.0,19.0
240.0,24.2
241.0,17.4
242.0,19.4
243.0,23.4
244.0,18.2
245.0,16.4
246.0,17.2
247.0,12.6
248.0,20.0
249.0,14.6
250.0,18.0
251.0,12.6
252.0,14.6
253.0,14.4
254.0,20.0
255.0,13.8
256.0,17.8
257.0,16.8
258.0,15.4
259.0,19.0
260.0,23.0
261.0,17.0
262.0,10.0
263.0,24.4
264.0,15.2
265.0,14.2
266.0,13.4
267.0,20.0
268.0,18.8
269.0,17.2
270.0,12.4
271.0,21.8
272.0,16.6
273.0,15.2
274.0,23.0
275.0,11.8
276.0,14.8
277.0,16.2
278.0,16.4
279.0,14.2
280.0,17.0
281.0,15.4
282.0,13.0
283.0,13.0
284.0,18.8
285.0,16.8
286.0,13.8
287.0,13.8
288.0,24.8
289.0,16.6
290.0,22.6
291.0,34.8
292.0,12.6
293.0,16.6
294.0,14.2
295.0,13.0
296.0,15.8
297.0,16.2
298.0,15.8
299.0,12.2
300.0,17.8
301.0,17.8
302.0,28.4
303.0,20.2
304.0,15.2
305.0,18.0
306.0,14.2
307.0,20.4
308.0,20.0
309.0,29.6
310.0,13.6
311.0,13.2
312.0,19.2
313.0,24.8
314.0,17.2
315.0,15.0
316.0,19.6
317.0,23.6
318.0,8.2
319.0,24.0
320.0,15.2
321.0,16.6
322.0,20.0
323.0,15.2
324.0,22.8
325.0,21.2
326.0,19.0
327.0,10.2
328.0,20.0
329.0,17.2
330.0,17.0
331.0,21.2
332.0,16.0
333.0,18.4
334.0,18.6
335.0,13.2
336.0,19.6
337.0,10.2
338.0,21.0
339.0,19.8
340.0,28.2
341.0,32.2
342.0,18.4
343.0,28.2
344.0,17.2
345.0,16.0
346.0,28.2
347.0,14.6
348.0,19.2
349.0,11.8
350.0,24.4
351.0,16.8
352.0,21.0
353.0,16.2
354.0,21.6
355.0,16.2
356.0,23.8
357.0,29.4
358.0,18.6
359.0,23.8
360.0,14.6
361.0,23.0
362.0,24.6
363.0,17.6
364.0,20.6
365.0,18.2
366.0,22.8
367.0,23.0
368.0,26.4
369.0,18.2
370.0,17.2
371.0,20.6
372.0,12.8
373.0,25.2
374.0,30.4
375.0,10.4
376.0,20.0
377.0,19.8
378.0,28.8
379.0,27.6
380.0,18.8
381.0,14.2
382.0,18.4
383.0,12.0
384.0,32.2
385.0,17.2
386.0,20.4
387.0,38.8
388.0,15.0
389.0,13.6
390.0,20.6
391.0,24.2
392.0,24.0
393.0,22.0
394.0,14.8
395.0,20.2
396.0,20.6
397.0,36.6
398.0,24.2
399.0,23.6
400.0,21.0
401.0,18.4
402.0,21.8
403.0,22.0
404.0,18.8
405.0,23.0
406.0,27.8
407.0,17.4
408.0,24.4
409.0,15.2
410.0,23.6
411.0,23.0
412.0,27.0
413.0,29.2
414.0,24.8
415.0,22.6
416.0,17.4
417.0,25.0
418.0,24.4
419.0,27.0
420.0,19.6
421.0,27.8
422.0,17.0
423.0,23.6
424.0,21.6
425.0,22.8
426.0,31.0
427.0,18.0
428.0,23.6
429.0,24.0
430.0,27.4
431.0,20.6
432.0,37.2
433.0,19.4
434.0,27.4
435.0,33.0
436.0,28.4
437.0,23.4
438.0,18.8
439.0,20.4
440.0,27.2
441.0,20.0
442.0,24.0
443.0,21.2
444.0,22.4
445.0,20.6
446.0,25.4
447.0,14.8
448.0,23.2
449.0,21.6
450.0,27.6
451.0,23.2
452.0,31.8
453.0,23.2
454.0,24.0
455.0,21.6
456.0,29.4
457.0,23.6
458.0,22.6
459.0,35.4
460.0,19.2
461.0,37.2
462.0,25.4
463.0,25.2
464.0,27.0
465.0,19.0
466.0,24.2
467.0,24.2
468.0,20.8
469.0,24.8
470.0,31.4
471.0,23.8
472.0,23.4
473.0,24.6
474.0,22.2
475.0,16.0
476.0,29.0
477.0,21.6
478.0,23.6
479.0,26.4
480.0,24.6
481.0,24.8
482.0,14.4
483.0,37.0
484.0,24.4
485.0,25.0
486.0,26.6
487.0,31.6
488.0,26.0
489.0,28.8
490.0,43.0
491.0,35.6
492.0,40.4
493.0,16.4
494.0,28.8
495.0,36.0
496.0,35.6
497.0,29.0
498.0,23.8
499.0,20.8
500.0,29.8
501.0,23.4
502.0,30.4
503.0,26.4
504.0,20.8
505.0,31.0
506.0,30.8
507.0,25.8
508.0,40.6
509.0,16.8
510.0,22.6
511.0,24.4
512.0,26.2
513.0,30.0
514.0,19.6
515.0,15.8
516.0,29.0
517.0,21.6
518.0,30.6
519.0,27.2
520.0,20.6
521.0,24.2
522.0,29.4
523.0,30.8
524.0,35.8
525.0,24.0
526.0,30.0
527.0,20.8
528.0,23.4
529.0,31.6
530.0,43.4
531.0,20.0
532.0,16.4
533.0,38.0
534.0,32.8
535.0,17.8
536.0,29.2
537.0,32.2
538.0,29.6
539.0,32.6
540.0,24.0
541.0,38.0
542.0,30.6
543.0,22.4
544.0,13.0
545.0,27.8
546.0,24.6
547.0,22.4
548.0,32.8
549.0,20.0
550.0,33.4
551.0,30.6
552.0,21.8
553.0,31.4
554.0,27.8
555.0,26.6
556.0,41.6
557.0,32.4
558.0,17.4
559.0,34.8
560.0,40.6
561.0,23.4
562.0,32.8
563.0,31.6
564.0,53.8
565.0,38.4
566.0,21.4
567.0,34.6
568.0,33.4
569.0,32.4
570.0,38.2
571.0,34.6
572.0,34.8
573.0,27.2
574.0,28.4
575.0,30.2
576.0,29.8
577.0,29.8
578.0,33.2
579.0,31.6
580.0,41.4
581.0,34.6
582.0,24.2
583.0,35.4
584.0,22.8
585.0,28.8
586.0,41.8
587.0,27.0
588.0,27.4
589.0,31.2
590.0,22.8
591.0,31.2
592.0,34.0
593.0,23.6
594.0,35.0
595.0,44.8
596.0,31.6
597.0,23.4
598.0,24.0
599.0,19.4
600.0,34.4
601.0,43.6
602.0,22.8
603.0,49.0
604.0,44.8
605.0,26.6
606.0,34.8
607.0,34.0
608.0,45.2
609.0,25.6
610.0,26.6
611.0,40.4
612.0,33.8
613.0,29.8
614.0,17.4
615.0,16.2
616.0,46.4
617.0,34.0
618.0,45.0
619.0,31.0
620.0,36.8
621.0,39.2
622.0,35.4
623.0,33.0
624.0,46.6
625.0,28.2
626.0,33.8
627.0,30.2
628.0,34.0
629.0,40.2
630.0,47.4
631.0,39.6
632.0,31.6
633.0,36.0
634.0,43.4
635.0,44.4
636.0,30.0
637.0,34.8
638.0,42.0
639.0,26.2
640.0,40.6
641.0,38.8
642.0,29.6
643.0,35.8
644.0,34.0
645.0,39.4
646.0,38.8
647.0,31.0
648.0,30.0
649.0,25.6
650.0,29.2
651.0,31.4
652.0,31.8
653.0,38.8
654.0,37.2
655.0,28.4
656.0,59.2
657.0,37.2
658.0,41.2
659.0,44.6
660.0,36.8
661.0,40.8
662.0,50.8
663.0,43.4
664.0,27.6
665.0,44.2
666.0,41.0
667.0,49.6
668.0,28.8
669.0,38.6
670.0,33.6
671.0,34.6
672.0,42.4
673.0,31.8
674.0,44.8
675.0,33.0
676.0,35.6
677.0,56.8
678.0,29.6
679.0,46.8
680.0,31.2
681.0,63.6
682.0,29.2
683.0,28.0
684.0,37.6
685.0,62.6
686.0,29.4
687.0,50.8
688.0,31.0
689.0,44.8
690.0,46.6
691.0,42.8
692.0,39.2
693.0,27.8
694.0,39.0
695.0,47.0
696.0,45.2
697.0,37.2
698.0,37.2
699.0,50.6
700.0,46.6
701.0,38.8
702.0,53.6
703.0,44.0
704.0,33.4
705.0,30.8
706.0,35.2
707.0,48.0
708.0,49.4
709.0,44.4
710.0,34.8
711.0,39.4
712.0,43.0
713.0,34.2
714.0,41.8
715.0,41.4
716.0,40.8
717.0,29.0
718.0,41.2
719.0,41.4
720.0,42.4
721.0,30.4
722.0,47.8
723.0,34.6
724.0,39.4
725.0,50.0
726.0,49.8
727.0,42.0
728.0,56.2
729.0,38.4
730.0,46.0
731.0,59.6
732.0,29.0
733.0,28.8
734.0,44.2
735.0,49.6
736.0,45.4
737.0,30.8
738.0,47.4
739.0,46.6
740.0,47.0
741.0,34.4
742.0,52.4
743.0,45.0
744.0,68.6
745.0,61.8
746.0,35.8
747.0,39.4
748.0,45.0
749.0,55.8
750.0,54.6
751.0,60.6
752.0,45.4
753.0,48.8
754.0,48.0
755.0,55.8
756.0,45.6
757.0,53.0
758.0,30.8
759.0,45.4
760.0,43.8
761.0,48.6
762.0,62.2
763.0,63.2
764.0,53.2
765.0,39.2
766.0,49.0
767.0,45.0
768.0,37.8
769.0,60.0
770.0,48.4
771.0,43.4
772.0,37.4
773.0,57.0
774.0,54.0
775.0,43.2
776.0,39.6
777.0,46.0
778.0,48.8
779.0,39.8
780.0,42.0
781.0,45.0
782.0,40.4
783.0,47.6
784.0,45.6
785.0,61.8
786.0,56.4
787.0,38.8
788.0,61.0
789.0,64.4
790.0,48.2
791.0,44.2
792.0,54.2
793.0,45.2
794.0,58.4
795.0,45.6
796.0,46.2
797.0,67.6
798.0,48.6
799.0,59.2
800.0,54.0
801.0,70.2
802.0,66.0
803.0,32.0
804.0,38.8
805.0,50.6
806.0,48.6
807.0,46.6
808.0,50.8
809.0,72.8
810.0,51.0
811.0,49.6
812.0,43.4
813.0,52.4
814.0,60.8
815.0,46.4
816.0,63.4
817.0,45.2
818.0,43.0
819.0,46.0
820.0,54.6
821.0,47.6
822.0,57.6
823.0,57.2
824.0,62.0
825.0,59.4
826.0,56.4
827.0,49.8
828.0,38.6
829.0,69.4
830.0,49.6
831.0,50.6
832.0,57.8
833.0,70.4
834.0,52.2
835.0,67.8
836.0,59.8
837.0,47.4
838.0,66.4
839.0,62.6
840.0,70.0
841.0,54.6
842.0,60.0
843.0,60.0
844.0,74.6
845.0,45.2
846.0,65.0
847.0,67.6
848.0,59.8
849.0,55.2
850.0,47.4
851.0,63.6
852.0,62.4
853.0,38.0
854.0,71.2
855.0,41.0
856.0,47.0
857.0,67.2
858.0,65.0
859.0,59.0
860.0,75.8
861.0,41.4
862.0,60.4
863.0,85.8
864.0,58.6
865.0,54.6
866.0,99.4
867.0,62.6
868.0,63.4
869.0,55.0
870.0,61.0
871.0,65.2
872.0,64.4
873.0,67.0
874.0,77.6
875.0,64.8
876.0,69.2
877.0,65.2
878.0,67.0
879.0,51.4
880.0,81.2
881.0,62.2
882.0,60.8
883.0,82.2
884.0,54.6
885.0,71.2
886.0,82.8
887.0,83.6
888.0,93.4
889.0,67.6
890.0,77.8
891.0,58.2
892.0,45.2
893.0,71.0
894.0,59.8
895.0,56.4
896.0,79.8
897.0,61.4
898.0,80.2
899.0,111.6
900.0,67.2
901.0,56.8
902.0,54.2
903.0,72.2
904.0,93.0
905.0,63.4
906.0,58.2
907.0,92.8
908.0,50.6
909.0,59.8
910.0,63.4
911.0,67.6
912.0,74.8
913.0,73.8
914.0,68.0
915.0,69.4
916.0,76.0
917.0,89.0
918.0,46.6
919.0,67.8
920.0,68.0
921.0,61.2
922.0,61.6
923.0,70.4
924.0,64.8
925.0,68.0
926.0,70.2
927.0,73.6
928.0,76.2
929.0,68.8
930.0,59.8
931.0,68.4
932.0,49.2
933.0,63.0
934.0,48.8
935.0,79.6
936.0,69.4
937.0,58.6
938.0,70.6
939.0,48.0
940.0,93.0
941.0,54.2
942.0,52.6
943.0,78.2
944.0,60.6
945.0,64.2
946.0,61.8
947.0,73.4
948.0,59.0
949.0,107.6
950.0,56.8
951.0,65.8
952.0,75.2
953.0,58.4
954.0,99.6
955.0,87.2
956.0,82.6
957.0,67.8
958.0,103.8
959.0,82.2
960.0,68.0
961.0,82.6
962.0,57.2
963.0,93.6
964.0,62.4
965.0,54.0
966.0,77.8
967.0,80.2
968.0,62.4
969.0,72.8
970.0,89.0
971.0,60.8
972.0,64.0
973.0,67.2
974.0,71.0
975.0,75.0
976.0,58.0
977.0,63.8
978.0,69.6
979.0,77.2
980.0,57.0
981.0,39.8
982.0,72.0
983.0,85.2
984.0,91.2
985.0,61.4
986.0,54.6
987.0,65.4
988.0,111.0
989.0,76.2
990.0,71.0
991.0,73.2
992.0,63.4
993.0,49.8
994.0,70.4
995.0,84.8
996.0,63.6
997.0,64.4
998.0,66.8
999.0,60.4
1000.0,77.8
1001.0,60.2
1002.0,59.0
1003.0,70.2
1004.0,69.6
1005.0,71.4
1006.0,77.6
1007.0,72.2
1008.0,63.6
1009.0,87.2
1010.0,70.4
1011.0,78.0
1012.0,56.2
1013.0,68.2
1014.0,56.6
1015.0,58.2
1016.0,62.0
1017.0,92.4
1018.0,81.8
1019.0,63.6
1020.0,68.2
1021.0,85.6
1022.0,106.4
1023.0,80.0
1024.0,87.8
1025.0,78.2
1026.0,66.4
1027.0,75.4
1028.0,110.4
1029.0,91.4
1030.0,104.0
1031.0,70.4
1032.0,86.8
1033.0,74.2
1034.0,84.2
1035.0,86.0
1036.0,56.0
1037.0,87.6
1038.0,52.4
1039.0,67.6
1040.0,81.2
1041.0,67.6
1042.0,70.6
1043.0,87.2
1044.0,66.2
1045.0,109.8
1046.0,74.2
1047.0,75.6
1048.0,74.6
1049.0,106.0
1050.0,74.2
1051.0,80.6
1052.0,81.0
1053.0,75.8
1054.0,67.8
1055.0,75.6
1056.0,70.2
1057.0,52.6
1058.0,56.4
1059.0,99.2
1060.0,75.4
1061.0,61.8
1062.0,67.0
1063.0,66.6
1064.0,94.4
1065.0,75.6
1066.0,69.4
1067.0,67.6
1068.0,76.2
1069.0,65.0
1070.0,76.2
1071.0,69.8
1072.0,89.0
1073.0,63.6
1074.0,80.8
1075.0,81.4
1076.0,86.6
1077.0,70.4
1078.0,86.2
1079.0,70.2
1080.0,87.2
1081.0,55.6
1082.0,85.4
1083.0,114.0
1084.0,75.4
1085.0,55.8
1086.0,68.6
1087.0,82.6
1088.0,65.6
1089.0,64.8
1090.0,100.2
1091.0,128.0
1092.0,86.4
1093.0,98.8
1094.0,89.6
1095.0,105.2
1096.0,66.0
1097.0,62.8
1098.0,125.6
1099.0,58.6
1100.0,81.4
1101.0,94.2
1102.0,84.6
1103.0,100.6
1104.0,66.2
1105.0,75.4
1106.0,52.0
1107.0,58.4
1108.0,71.8
1109.0,50.4
1110.0,66.4
1111.0,85.0
1112.0,75.8
1113.0,61.8
1114.0,98.6
1115.0,74.8
1116.0,82.2
1117.0,77.6
1118.0,59.2
1119.0,99.0
1120.0,67.2
1121.0,104.2
1122.0,90.6
1123.0,66.0
1124.0,64.6
1125.0,90.6
1126.0,83.2
1127.0,96.6
1128.0,68.4
1129.0,75.0
1130.0,82.0
1131.0,68.0
1132.0,74.2
1133.0,61.6
1134.0,83.8
1135.0,75.0
1136.0,83.6
1137.0,78.8
1138.0,88.8
1139.0,85.6
1140.0,83.4
1141.0,63.0
1142.0,81.2
1143.0,109.2
1144.0,72.0
1145.0,86.2
1146.0,87.8
1147.0,58.6
1148.0,66.0
1149.0,60.2
1150.0,82.0
1151.0,59.8
1152.0,78.4
1153.0,77.6
1154.0,83.6
1155.0,99.8
1156.0,110.2
1157.0,64.2
1158.0,89.0
1159.0,78.2
1160.0,92.4
1161.0,99.8
1162.0,69.8
1163.0,98.2
1164.0,74.4
1165.0,83.4
1166.0,86.0
1167.0,100.8
1168.0,106.4
1169.0,68.8
1170.0,73.8
1171.0,111.8
1172.0,57.0
1173.0,70.6
1174.0,105.4
1175.0,94.6
1176.0,120.8
1177.0,95.8
1178.0,77.6
1179.0,78.0
1180.0,83.6
1181.0,81.4
1182.0,97.4
1183.0,96.4
1184.0,112.2
1185.0,113.2
1186.0,76.2
1187.0,82.6
1188.0,73.6
1189.0,79.0
1190.0,86.6
1191.0,92.8
1192.0,63.6
1193.0,69.4
1194.0,87.8
1195.0,72.2
1196.0,88.8
1197.0,133.6
1198.0,64.4
1199.0,107.4
1200.0,78.0
1201.0,104.4
1202.0,81.2
1203.0,74.2
1204.0,101.2
1205.0,64.6
1206.0,111.0
1207.0,79.6
1208.0,93.6
1209.0,74.2
1210.0,63.8
1211.0,105.6
1212.0,97.8
1213.0,99.4
1214.0,68.8
1215.0,90.2
1216.0,95.8
1217.0,91.8
1218.0,87.2
1219.0,95.0
1220.0,96.2
1221.0,73.2
1222.0,83.2
1223.0,106.4
1224.0,84.2
1225.0,79.0
1226.0,107.2
1227.0,71.6
1228.0,109.6
1229.0,86.2
1230.0,108.6
1231.0,102.0
1232.0,88.8
1233.0,81.6
1234.0,103.4
1235.0,104.4
1236.0,90.6
1237.0,87.4
1238.0,99.2
1239.0,89.0
1240.0,94.8
1241.0,80.2
1242.0,73.2
1243.0,94.6
1244.0,91.4
1245.0,86.6
1246.0,80.0
1247.0,80.4
1248.0,129.6
1249.0,98.6
1250.0,108.2
1251.0,117.0
1252.0,103.8
1253.0,112.0
1254.0,139.0
1255.0,97.0
1256.0,98.6
1257.0,113.8
1258.0,88.8
1259.0,89.8
1260.0,97.4
1261.0,119.0
1262.0,120.6
1263.0,75.8
1264.0,67.8
1265.0,71.2
1266.0,85.2
1267.0,108.0
1268.0,110.2
1269.0,115.8
1270.0,87.2
1271.0,95.2
1272.0,98.0
1273.0,93.2
1274.0,97.8
1275.0,124.6
1276.0,85.4
1277.0,97.6
1278.0,77.8
1279.0,94.2
1280.0,118.2
1281.0,75.2
1282.0,71.4
1283.0,80.0
1284.0,87.2
1285.0,115.0
1286.0,91.6
1287.0,82.6
1288.0,117.0
1289.0,81.2
1290.0,81.8
1291.0,110.6
1292.0,78.6
1293.0,81.4
1294.0,89.6
1295.0,68.4
1296.0,117.0
1297.0,82.8
1298.0,100.8
1299.0,113.4
1300.0,102.6
1301.0,117.0
1302.0,87.8
1303.0,133.8
1304.0,95.4
1305.0,117.8
1306.0,129.2
1307.0,96.0
1308.0,107.2
1309.0,105.4
1310.0,105.8
1311.0,114.0
1312.0,107.6
1313.0,140.8
1314.0,101.0
1315.0,135.6
1316.0,145.2
1317.0,114.4
1318.0,115.0
1319.0,139.6
1320.0,80.6
1321.0,102.0
1322.0,73.8
1323.0,105.4
1324.0,90.8
1325.0,115.0
1326.0,86.0
1327.0,111.2
1328.0,68.2
1329.0,100.6
1330.0,81.2
1331.0,96.4
1332.0,133.8
1333.0,97.4
1334.0,94.2
1335.0,104.8
1336.0,112.6
1337.0,97.4
1338.0,120.0
1339.0,143.0
1340.0,122.2
1341.0,100.6
1342.0,81.8
1343.0,112.4
1344.0,119.0
1345.0,124.2
1346.0,110.0
1347.0,97.6
1348.0,103.6
1349.0,108.4
1350.0,127.6
1351.0,97.8
1352.0,84.2
1353.0,100.8
1354.0,87.6
1355.0,87.6
1356.0,128.4
1357.0,112.0
1358.0,62.6
1359.0,84.4
1360.0,87.0
1361.0,128.6
1362.0,111.2
1363.0,94.2
1364.0,116.0
1365.0,101.4
1366.0,80.2
1367.0,99.6
1368.0,108.0
1369.0,121.0
1370.0,92.0
1371.0,77.8
1372.0,110.0
1373.0,111.6
1374.0,106.4
1375.0,89.6
1376.0,109.0
1377.0,70.8
1378.0,128.8
1379.0,128.4
1380.0,147.8
1381.0,106.8
1382.0,113.8
1383.0,105.0
1384.0,75.8
1385.0,143.6
1386.0,99.0
1387.0,140.4
1388.0,121.2
1389.0,88.8
1390.0,130.4
1391.0,120.8
1392.0,112.4
1393.0,108.4
1394.0,109.4
1395.0,107.0
1396.0,128.8
1397.0,120.8
1398.0,120.8
1399.0,119.6
1400.0,111.8
1401.0,108.4
1402.0,118.0
1403.0,97.6
1404.0,105.2
1405.0,98.4
1406.0,129.6
1407.0,83.6
1408.0,128.2
1409.0,135.2
1410.0,115.8
1411.0,95.2
1412.0,185.8
1413.0,114.2
1414.0,104.4
1415.0,120.2
1416.0,127.6
1417.0,102.2
1418.0,149.2
1419.0,139.8
1420.0,106.0
1421.0,88.2
1422.0,113.8
1423.0,121.8
1424.0,106.8
1425.0,123.0
1426.0,105.2
1427.0,139.6
1428.0,111.4
1429.0,85.8
1430.0,140.2
1431.0,120.0
1432.0,97.2
1433.0,128.0
1434.0,115.8
1435.0,105.4
1436.0,116.0
1437.0,112.0
1438.0,131.6
1439.0,94.2
1440.0,99.4
1441.0,107.6
1442.0,140.8
1443.0,113.6
1444.0,112.2
1445.0,108.0
1446.0,98.8
1447.0,107.6
1448.0,136.8
1449.0,123.2
1450.0,154.4
1451.0,141.8
1452.0,142.0
1453.0,100.8
1454.0,73.0
1455.0,132.2
1456.0,99.8
1457.0,190.6
1458.0,133.6
1459.0,80.8
1460.0,97.6
1461.0,103.4
1462.0,120.6
1463.0,104.8
1464.0,124.0
1465.0,143.6
1466.0,179.2
1467.0,128.2
1468.0,95.6
1469.0,126.6
1470.0,170.0
1471.0,114.8
1472.0,108.0
1473.0,101.0
1474.0,80.0
1475.0,128.0
1476.0,133.0
1477.0,136.4
1478.0,142.8
1479.0,124.0
1480.0,95.0
1481.0,152.2
1482.0,114.0
1483.0,83.6
1484.0,87.8
1485.0,138.8
1486.0,105.2
1487.0,132.8
1488.0,97.8
1489.0,86.0
1490.0,106.6
1491.0,107.4
1492.0,140.2
1493.0,141.2
1494.0,94.4
1495.0,97.8
1496.0,136.4
1497.0,92.8
1498.0,97.4
1499.0,112.0
1500.0,103.8
1501.0,84.0
1502.0,102.0
1503.0,139.0
1504.0,154.4
1505.0,114.8
1506.0,113.6
1507.0,142.4
1508.0,111.0
1509.0,109.8
1510.0,116.8
1511.0,122.8
1512.0,156.4
1513.0,119.6
1514.0,110.2
1515.0,112.2
1516.0,149.8
1517.0,117.2
1518.0,110.2
1519.0,117.2
1520.0,85.2
1521.0,123.6
1522.0,106.4
1523.0,111.2
1524.0,88.8
1525.0,142.2
1526.0,159.8
1527.0,130.0
1528.0,115.4
1529.0,100.8
1530.0,118.8
1531.0,113.2
1532.0,123.6
1533.0,142.4
1534.0,143.0
1535.0,122.2
1536.0,109.6
1537.0,125.6
1538.0,119.4
1539.0,106.0
1540.0,153.0
1541.0,91.2
1542.0,140.4
1543.0,163.8
1544.0,126.8
1545.0,163.4
1546.0,93.2
1547.0,103.2
1548.0,127.0
1549.0,88.2
1550.0,95.6
1551.0,116.2
1552.0,122.6
1553.0,106.2
1554.0,125.0
1555.0,130.2
1556.0,92.2
1557.0,155.2
1558.0,142.2
1559.0,110.8
1560.0,125.8
1561.0,125.0
1562.0,80.8
1563.0,165.4
1564.0,141.4
1565.0,120.4
1566.0,97.8
1567.0,137.2
1568.0,119.8
1569.0,124.0
1570.0,123.6
1571.0,135.8
1572.0,94.0
1573.0,112.0
1574.0,170.6
1575.0,128.2
1576.0,130.2
1577.0,145.8
1578.0,159.8
1579.0,159.6
1580.0,138.8
1581.0,111.8
1582.0,96.4
1583.0,134.0
1584.0,122.6
1585.0,142.4
1586.0,133.0
1587.0,122.2
1588.0,132.0
1589.0,146.4
1590.0,116.4
1591.0,100.6
1592.0,110.4
1593.0,137.6
1594.0,143.4
1595.0,113.6
1596.0,114.6
1597.0,156.0
1598.0,114.0
1599.0,178.6
1600.0,119.6
1601.0,145.8
1602.0,118.2
1603.0,165.8
1604.0,116.6
1605.0,107.6
1606.0,122.0
1607.0,140.0
1608.0,140.6
1609.0,88.8
1610.0,124.2
1611.0,98.4
1612.0,106.2
1613.0,114.2
1614.0,122.0
1615.0,133.0
1616.0,143.4
1617.0,79.6
1618.0,75.6
1619.0,131.4
1620.0,133.0
1621.0,128.6
1622.0,99.6
1623.0,95.2
1624.0,119.6
1625.0,103.4
1626.0,81.8
1627.0,102.4
1628.0,124.0
1629.0,135.0
1630.0,97.8
1631.0,102.0
1632.0,99.0
1633.0,125.4
1634.0,114.2
1635.0,104.4
1636.0,93.8
1637.0,135.2
1638.0,133.0
1639.0,117.0
1640.0,95.4
1641.0,124.8
1642.0,102.8
1643.0,132.2
1644.0,90.0
1645.0,132.4
1646.0,163.6
1647.0,107.0
1648.0,156.2
1649.0,165.8
1650.0,104.6
1651.0,138.4
1652.0,120.2
1653.0,134.2
1654.0,166.2
1655.0,113.4
1656.0,104.6
1657.0,165.6
1658.0,101.4
1659.0,136.4
1660.0,129.8
1661.0,147.6
1662.0,107.2
1663.0,130.0
1664.0,154.0
1665.0,122.2
1666.0,189.2
1667.0,97.6
1668.0,118.2
1669.0,139.4
1670.0,163.6
1671.0,123.0
1672.0,155.8
1673.0,163.6
1674.0,133.2
1675.0,153.8
1676.0,131.6
1677.0,127.2
1678.0,158.8
1679.0,211.6
1680.0,113.0
1681.0,146.4
1682.0,113.8
1683.0,171.2
1684.0,147.0
1685.0,115.6
1686.0,111.0
1687.0,161.8
1688.0,179.2
1689.0,116.4
1690.0,186.2
1691.0,139.4
1692.0,107.8
1693.0,114.8
1694.0,147.2
1695.0,182.2
1696.0,158.8
1697.0,105.8
1698.0,100.0
1699.0,121.2
1700.0,141.2
1701.0,147.2
1702.0,110.4
1703.0,132.8
1704.0,135.8
1705.0,142.2
1706.0,125.0
1707.0,113.8
1708.0,134.6
1709.0,145.6
1710.0,121.6
1711.0,109.6
1712.0,129.6
1713.0,99.4
1714.0,100.4
1715.0,134.6
1716.0,113.0
1717.0,136.0
1718.0,94.4
1719.0,140.0
1720.0,123.0
1721.0,92.8
1722.0,105.6
1723.0,113.0
1724.0,136.2
1725.0,160.8
1726.0,134.2
1727.0,121.6
1728.0,105.4
1729.0,114.8
1730.0,107.6
1731.0,95.2
1732.0,167.6
1733.0,117.0
1734.0,111.8
1735.0,122.0
1736.0,125.6
1737.0,192.4
1738.0,92.4
1739.0,140.2
1740.0,147.8
1741.0,126.2
1742.0,137.2
1743.0,95.4
1744.0,163.8
1745.0,132.2
1746.0,173.6
1747.0,126.6
1748.0,145.4
1749.0,142.8
1750.0,161.0
1751.0,141.6
1752.0,128.0
1753.0,124.6
1754.0,103.4
1755.0,109.4
1756.0,106.8
1757.0,133.6
1758.0,117.0
1759.0,132.8
1760.0,142.6
1761.0,143.2
1762.0,137.4
1763.0,146.4
1764.0,138.6
1765.0,117.8
1766.0,119.2
1767.0,156.8
1768.0,174.4
1769.0,155.8
1770.0,159.6
1771.0,151.6
1772.0,116.2
1773.0,112.0
1774.0,126.2
1775.0,183.0
1776.0,149.0
1777.0,136.0
1778.0,137.0
1779.0,125.8
1780.0,126.2
1781.0,157.8
1782.0,122.2
1783.0,143.2
1784.0,137.6
1785.0,156.4
1786.0,181.2
1787.0,126.6
1788.0,134.6
1789.0,164.0
1790.0,175.4
1791.0,114.0
1792.0,124.6
1793.0,148.6
1794.0,147.6
1795.0,160.4
1796.0,145.0
1797.0,137.0
1798.0,210.8
1799.0,147.2
1800.0,127.4
1801.0,164.6
1802.0,127.2
1803.0,143.4
1804.0,179.0
1805.0,141.4
1806.0,156.4
1807.0,133.2
1808.0,127.4
1809.0,156.2
1810.0,190.2
1811.0,154.4
1812.0,134.4
1813.0,136.2
1814.0,152.6
1815.0,130.2
1816.0,116.6
1817.0,143.2
1818.0,114.2
1819.0,141.2
1820.0,132.2
1821.0,140.4
1822.0,126.6
1823.0,133.2
1824.0,190.6
1825.0,196.0
1826.0,145.2
1827.0,165.6
1828.0,158.8
1829.0,155.4
1830.0,141.0
1831.0,167.4
1832.0,140.8
1833.0,140.2
1834.0,140.0
1835.0,163.0
1836.0,180.8
1837.0,110.8
1838.0,148.4
1839.0,163.0
1840.0,162.6
1841.0,130.8
1842.0,176.8
1843.0,140.8
1844.0,153.6
1845.0,148.6
1846.0,157.2
1847.0,169.2
1848.0,146.6
1849.0,169.6
1850.0,130.6
1851.0,138.8
1852.0,167.8
1853.0,130.2
1854.0,163.8
1855.0,140.4
1856.0,154.4
1857.0,172.4
1858.0,115.8
1859.0,166.2
1860.0,151.4
1861.0,148.6
1862.0,169.4
1863.0,144.2
1864.0,148.6
1865.0,163.0
1866.0,147.0
1867.0,217.0
1868.0,110.2
1869.0,160.4
1870.0,136.6
1871.0,149.0
1872.0,168.4
1873.0,200.8
1874.0,152.4
1875.0,187.2
1876.0,193.2
1877.0,205.2
1878.0,150.6
1879.0,171.6
1880.0,171.4
1881.0,166.2
1882.0,129.6
1883.0,132.6
1884.0,197.8
1885.0,127.8
1886.0,182.2
1887.0,131.4
1888.0,134.4
1889.0,154.2
1890.0,155.0
1891.0,157.2
1892.0,172.4
1893.0,185.4
1894.0,149.0
1895.0,196.0
1896.0,139.4
1897.0,133.6
1898.0,128.0
1899.0,135.4
1900.0,127.0
1901.0,203.6
1902.0,119.8
1903.0,141.4
1904.0,158.2
1905.0,122.0
1906.0,133.2
1907.0,168.8
1908.0,169.0
1909.0,150.0
1910.0,171.6
1911.0,193.6
1912.0,128.6
1913.0,190.4
1914.0,161.2
1915.0,162.6
1916.0,146.2
1917.0,125.6
1918.0,184.6
1919.0,189.6
1920.0,129.6
1921.0,193.0
1922.0,135.4
1923.0,133.4
1924.0,148.0
1925.0,185.0
1926.0,142.2
1927.0,224.0
1928.0,139.0
1929.0,138.4
1930.0,126.2
1931.0,171.8
1932.0,131.0
1933.0,168.8
1934.0,147.8
1935.0,168.4
1936.0,158.0
1937.0,165.8
1938.0,148.6
1939.0,154.6
1940.0,136.2
1941.0,133.6
1942.0,153.6
1943.0,128.0
1944.0,176.8
1945.0,185.4
1946.0,157.8
1947.0,139.0
1948.0,113.2
1949.0,156.8
1950.0,129.6
1951.0,121.0
1952.0,138.2
1953.0,148.0
1954.0,165.0
1955.0,211.0
1956.0,137.4
1957.0,156.8
1958.0,191.0
1959.0,138.2
1960.0,153.2
1961.0,200.2
1962.0,137.0
1963.0,169.2
1964.0,178.4
1965.0,146.2
1966.0,189.2
1967.0,131.4
1968.0,142.4
1969.0,147.4
1970.0,158.0
1971.0,149.4
1972.0,154.2
1973.0,158.6
1974.0,126.8
1975.0,112.2
1976.0,135.0
1977.0,132.4
1978.0,157.6
1979.0,155.0
1980.0,112.4
1981.0,185.2
1982.0,148.0
1983.0,170.0
1984.0,170.2
1985.0,141.0
1986.0,143.0
1987.0,157.2
1988.0,133.4
1989.0,139.2
1990.0,148.2
1991.0,169.6
1992.0,138.0
1993.0,186.0
1994.0,179.0
1995.0,175.8
1996.0,125.0
1997.0,151.2
1998.0,134.2
1999.0,161.2
2000.0,158.0
2001.0,169.8
2002.0,161.4
2003.0,161.6
2004.0,132.0
2005.0,152.6
2006.0,167.0
2007.0,194.2
2008.0,168.8
2009.0,183.2
2010.0,118.0
2011.0,155.0
2012.0,169.0
2013.0,177.2
2014.0,127.4
2015.0,186.6
2016.0,178.8
2017.0,197.4
2018.0,159.6
2019.0,201.4
2020.0,139.8
2021.0,130.4
2022.0,171.4
2023.0,155.4
2024.0,188.4
2025.0,131.2
2026.0,174.4
2027.0,132.4
2028.0,194.2
2029.0,148.2
2030.0,128.8
2031.0,168.0
2032.0,129.8
2033.0,199.0
2034.0,130.6
2035.0,158.6
2036.0,158.8
2037.0,151.0
2038.0,157.0
2039.0,141.8
2040.0,224.8
2041.0,194.0
2042.0,174.4
2043.0,193.6
2044.0,148.2
2045.0,161.2
2046.0,133.6
2047.0,135.0
2048.0,166.4
2049.0,170.6
2050.0,135.4
2051.0,145.8
2052.0,152.8
2053.0,140.6
2054.0,134.6
2055.0,184.2
2056.0,213.0
2057.0,153.0
2058.0,179.0
2059.0,126.6
2060.0,173.2
2061.0,229.8
2062.0,183.4
2063.0,148.0
2064.0,198.2
2065.0,167.2
2066.0,159.8
2067.0,184.2
2068.0,185.0
2069.0,209.4
2070.0,153.0
2071.0,136.4
2072.0,221.0
2073.0,149.8
2074.0,138.0
2075.0,174.4
2076.0,168.2
2077.0,165.0
2078.0,191.8
2079.0,127.6
2080.0,181.6
2081.0,130.6
2082.0,136.4
2083.0,143.8
2084.0,156.6
2085.0,133.6
2086.0,139.8
2087.0,126.6
2088.0,162.0
2089.0,173.4
2090.0,133.4
2091.0,153.6
2092.0,156.2
2093.0,136.8
2094.0,155.0
2095.0,172.0
2096.0,134.0
2097.0,133.6
2098.0,135.2
2099.0,122.8
2100.0,152.6
2101.0,128.6
2102.0,166.2
2103.0,159.4
2104.0,148.2
2105.0,115.6
2106.0,152.4
2107.0,183.6
2108.0,124.8
2109.0,102.4
2110.0,146.2
2111.0,173.8
2112.0,127.0
2113.0,127.0
2114.0,116.2
2115.0,161.6
2116.0,174.4
2117.0,143.8
2118.0,166.0
2119.0,137.2
2120.0,127.4
2121.0,154.6
2122.0,164.4
2123.0,102.0
2124.0,156.4
2125.0,170.2
2126.0,164.8
2127.0,133.8
2128.0,173.8
2129.0,136.8
2130.0,161.8
2131.0,114.2
2132.0,105.6
2133.0,126.8
2134.0,172.0
2135.0,135.2
2136.0,150.6
2137.0,143.2
2138.0,134.6
2139.0,114.6
2140.0,137.2
2141.0,140.6
2142.0,135.6
2143.0,161.0
2144.0,124.4
2145.0,136.0
2146.0,129.6
2147.0,127.0
2148.0,136.0
2149.0,119.8
2150.0,125.2
2151.0,169.6
2152.0,218.4
2153.0,123.8
2154.0,122.0
2155.0,130.6
2156.0,177.2
2157.0,157.8
2158.0,150.2
2159.0,112.4
2160.0,160.2
2161.0,127.2
2162.0,152.6
2163.0,123.6
2164.0,150.8
2165.0,156.2
2166.0,195.2
2167.0,117.8
2168.0,161.8
2169.0,181.8
2170.0,242.4
2171.0,158.6
2172.0,227.4
2173.0,144.4
2174.0,142.0
2175.0,221.0
2176.0,173.6
2177.0,181.0
2178.0,187.0
2179.0,197.8
2180.0,148.2
2181.0,165.6
2182.0,169.2
2183.0,206.0
2184.0,301.8
2185.0,172.4
2186.0,158.4
2187.0,172.4
2188.0,225.6
2189.0,195.8
2190.0,147.4
2191.0,170.6
2192.0,180.4
2193.0,191.8
2194.0,172.2
2195.0,199.6
2196.0,157.2
2197.0,169.0
2198.0,210.4
2199.0,157.0
2200.0,165.2
2201.0,156.2
2202.0,190.4
2203.0,172.2
2204.0,173.0
2205.0,153.6
2206.0,214.2
2207.0,177.2
2208.0,154.6
2209.0,185.2
2210.0,162.8
2211.0,176.0
2212.0,173.2
2213.0,193.2
2214.0,199.2
2215.0,135.6
2216.0,142.4
2217.0,188.0
2218.0,140.0
2219.0,196.2
2220.0,181.6
2221.0,139.6
2222.0,221.2
2223.0,196.8
2224.0,160.4
2225.0,208.4
2226.0,145.0
2227.0,162.8
2228.0,167.0
2229.0,122.4
2230.0,300.2
2231.0,161.2
2232.0,141.8
2233.0,174.4
2234.0,192.6
2235.0,241.0
2236.0,220.4
2237.0,174.2
2238.0,181.8
2239.0,162.6
2240.0,225.4
2241.0,155.4
2242.0,222.4
2243.0,158.6
2244.0,174.8
2245.0,191.6
2246.0,195.2
2247.0,186.8
2248.0,170.6
2249.0,180.6
2250.0,143.8
2251.0,197.6
2252.0,206.8
2253.0,188.8
2254.0,207.0
2255.0,165.4
2256.0,253.8
2257.0,192.6
2258.0,188.4
2259.0,179.2
2260.0,225.2
2261.0,161.8
2262.0,174.8
2263.0,144.6
2264.0,160.6
2265.0,185.0
2266.0,200.4
2267.0,151.6
2268.0,240.6
2269.0,233.6
2270.0,196.6
2271.0,216.6
2272.0,220.6
2273.0,175.4
2274.0,273.4
2275.0,194.0
2276.0,178.8
2277.0,158.4
2278.0,213.6
2279.0,162.0
2280.0,171.8
2281.0,143.6
2282.0,153.8
2283.0,189.4
2284.0,162.8
2285.0,202.0
2286.0,196.8
2287.0,165.4
2288.0,198.0
2289.0,175.0
2290.0,160.8
2291.0,176.8
2292.0,175.0
2293.0,214.4
2294.0,188.8
2295.0,183.8
2296.0,181.0
2297.0,181.4
2298.0,158.4
2299.0,196.4
2300.0,195.2
2301.0,172.0
2302.0,167.0
2303.0,169.4
2304.0,163.6
2305.0,211.0
2306.0,194.4
2307.0,203.4
2308.0,169.6
2309.0,228.6
2310.0,193.2
2311.0,176.2
2312.0,170.2
2313.0,193.2
2314.0,159.0
2315.0,211.2
2316.0,194.8
2317.0,140.6
2318.0,274.8
2319.0,155.8
2320.0,136.2
2321.0,156.8
2322.0,173.2
2323.0,152.0
2324.0,162.2
2325.0,154.6
2326.0,151.0
2327.0,159.6
2328.0,222.8
2329.0,189.4
2330.0,220.2
2331.0,194.2
2332.0,233.2
2333.0,171.6
2334.0,191.2
2335.0,180.8
2336.0,181.6
2337.0,144.8
2338.0,295.2
2339.0,144.4
2340.0,156.6
2341.0,191.4
2342.0,140.2
2343.0,198.8
2344.0,214.2
2345.0,196.8
2346.0,207.4
2347.0,194.2
2348.0,328.8
2349.0,163.8
2350.0,165.2
2351.0,143.4
2352.0,148.8
2353.0,198.2
2354.0,212.6
2355.0,198.0
2356.0,232.2
2357.0,206.0
2358.0,182.6
2359.0,187.6
2360.0,188.0
2361.0,382.4
2362.0,205.4
2363.0,161.2
2364.0,237.4
2365.0,183.8
2366.0,173.4
2367.0,218.2
2368.0,172.4
2369.0,242.2
2370.0,168.0
2371.0,178.4
2372.0,128.2
2373.0,222.2
2374.0,249.4
2375.0,162.0
2376.0,243.2
2377.0,180.2
2378.0,206.4
2379.0,210.8
2380.0,213.2
2381.0,146.2
2382.0,258.6
2383.0,185.4
2384.0,178.6
2385.0,215.6
2386.0,143.2
2387.0,159.6
2388.0,204.0
2389.0,192.8
2390.0,163.0
2391.0,157.2
2392.0,144.6
2393.0,182.0
2394.0,234.6
2395.0,178.2
2396.0,164.8
2397.0,320.2
2398.0,141.0
2399.0,223.8
2400.0,205.4
2401.0,219.8
2402.0,224.0
2403.0,184.2
2404.0,216.8
2405.0,208.6
2406.0,142.6
2407.0,192.2
2408.0,138.4
2409.0,224.6
2410.0,194.8
2411.0,187.6
2412.0,186.4
2413.0,203.0
2414.0,212.2
2415.0,284.8
2416.0,171.8
2417.0,142.8
2418.0,231.0
2419.0,177.0
2420.0,144.6
2421.0,173.6
2422.0,166.2
2423.0,120.8
2424.0,175.4
2425.0,164.4
2426.0,146.2
2427.0,173.0
2428.0,187.8
2429.0,152.4
2430.0,202.0
2431.0,148.8
2432.0,144.8
2433.0,161.0
2434.0,134.4
2435.0,141.0
2436.0,133.8
2437.0,138.0
2438.0,154.4
2439.0,145.2
2440.0,218.8
2441.0,119.4
2442.0,190.6
2443.0,151.6
2444.0,148.4
2445.0,189.0
2446.0,169.4
2447.0,163.8
2448.0,135.2
2449.0,177.2
2450.0,201.0
2451.0,210.2
2452.0,181.0
2453.0,197.8
2454.0,164.8
2455.0,230.2
2456.0,185.8
2457.0,231.2
2458.0,242.8
2459.0,201.8
2460.0,185.8
2461.0,202.0
2462.0,221.6
2463.0,205.8
2464.0,233.2
2465.0,252.0
2466.0,215.8
2467.0,169.6
2468.0,212.6
2469.0,198.6
2470.0,151.8
2471.0,192.8
2472.0,288.2
2473.0,176.6
2474.0,196.0
2475.0,171.8
2476.0,188.0
2477.0,155.4
2478.0,189.8
2479.0,161.8
2480.0,205.0
2481.0,241.6
2482.0,190.2
2483.0,146.2
2484.0,214.8
2485.0,214.0
2486.0,189.0
2487.0,199.4
2488.0,158.6
2489.0,240.6
2490.0,190.0
2491.0,151.6
2492.0,199.0
2493.0,206.8
2494.0,182.0
2495.0,187.8
2496.0,137.4
2497.0,181.0
2498.0,231.6
2499.0,317.6
2500.0,197.2
2501.0,143.0
2502.0,148.4
2503.0,193.6
2504.0,144.8
2505.0,182.6
2506.0,217.0
2507.0,143.0
2508.0,173.8
2509.0,284.6
2510.0,142.0
2511.0,190.0
2512.0,217.6
2513.0,206.6
2514.0,161.4
2515.0,202.0
2516.0,183.2
2517.0,179.8
2518.0,189.2
2519.0,215.8
2520.0,188.6
2521.0,164.2
2522.0,213.8
2523.0,219.2
2524.0,180.8
2525.0,206.4
2526.0,173.0
2527.0,216.6
2528.0,210.0
2529.0,298.6
2530.0,240.6
2531.0,259.6
2532.0,165.0
2533.0,191.8
2534.0,214.4
2535.0,201.0
2536.0,220.2
2537.0,234.2
2538.0,255.2
2539.0,210.8
2540.0,183.8
2541.0,147.4
2542.0,212.6
2543.0,149.2
2544.0,173.8
2545.0,212.6
2546.0,186.2
2547.0,217.0
2548.0,179.6
2549.0,198.4
2550.0,159.4
2551.0,203.6
2552.0,187.2
2553.0,220.6
2554.0,151.0
2555.0,174.4
2556.0,143.2
2557.0,212.6
2558.0,215.8
2559.0,186.2
2560.0,198.4
2561.0,265.4
2562.0,230.0
2563.0,173.2
2564.0,248.2
2565.0,160.2
2566.0,248.2
2567.0,194.8
2568.0,239.6
2569.0,202.2
2570.0,176.4
2571.0,218.6
2572.0,185.8
2573.0,190.6
2574.0,155.0
2575.0,206.6
2576.0,186.4
2577.0,193.8
2578.0,207.6
2579.0,177.6
2580.0,253.4
2581.0,224.8
2582.0,249.4
2583.0,187.2
2584.0,204.6
2585.0,241.6
2586.0,176.6
2587.0,190.4
2588.0,169.6
2589.0,199.0
2590.0,242.8
2591.0,290.4
2592.0,209.0
2593.0,192.2
2594.0,298.8
2595.0,241.4
2596.0,212.6
2597.0,362.2
2598.0,216.6
2599.0,181.0
2600.0,247.0
2601.0,168.6
2602.0,250.2
2603.0,228.2
2604.0,290.8
2605.0,205.8
2606.0,155.0
2607.0,244.2
2608.0,299.2
2609.0,243.4
2610.0,200.8
2611.0,202.8
2612.0,181.0
2613.0,279.0
2614.0,312.2
2615.0,273.6
2616.0,264.8
2617.0,264.2
2618.0,169.2
2619.0,252.8
2620.0,240.6
2621.0,306.6
2622.0,268.4
2623.0,321.0
2624.0,256.4
2625.0,214.2
2626.0,244.0
2627.0,286.2
2628.0,165.4
2629.0,152.8
2630.0,265.8
2631.0,207.2
2632.0,195.0
2633.0,331.8
2634.0,149.4
2635.0,291.4
2636.0,156.6
2637.0,226.0
2638.0,291.0
2639.0,276.2
2640.0,266.8
2641.0,340.2
2642.0,217.6
2643.0,163.8
2644.0,212.4
2645.0,267.8
2646.0,262.8
2647.0,212.8
2648.0,249.8
2649.0,253.2
2650.0,209.8
2651.0,220.2
2652.0,244.2
2653.0,215.2
2654.0,193.8
2655.0,186.0
2656.0,268.8
2657.0,183.2
2658.0,261.8
2659.0,259.8
2660.0,205.0
2661.0,274.0
2662.0,275.8
2663.0,259.4
2664.0,204.2
2665.0,255.4
2666.0,205.6
2667.0,269.0
2668.0,193.6
2669.0,346.2
2670.0,346.6
2671.0,222.2
2672.0,197.8
2673.0,221.8
2674.0,228.0
2675.0,259.8
2676.0,241.8
2677.0,201.2
2678.0,248.0
2679.0,202.6
2680.0,246.0
2681.0,391.4
2682.0,294.2
2683.0,204.4
2684.0,197.6
2685.0,383.4
2686.0,278.2
2687.0,229.4
2688.0,193.4
2689.0,280.8
2690.0,208.6
2691.0,154.0
2692.0,267.8
2693.0,279.0
2694.0,165.6
2695.0,310.8
2696.0,303.8
2697.0,358.4
2698.0,218.4
2699.0,140.4
2700.0,208.0
2701.0,266.6
2702.0,239.6
2703.0,220.2
2704.0,196.8
2705.0,204.0
2706.0,299.4
2707.0,379.0
2708.0,203.8
2709.0,230.0
2710.0,216.0
2711.0,246.0
2712.0,142.8
2713.0,300.2
2714.0,280.8
2715.0,279.2
2716.0,197.0
2717.0,170.4
2718.0,194.4
2719.0,170.6
2720.0,201.6
2721.0,243.6
2722.0,280.0
2723.0,182.6
2724.0,178.0
2725.0,202.6
2726.0,176.6
2727.0,158.2
2728.0,247.4
2729.0,260.4
2730.0,270.0
2731.0,294.6
2732.0,194.2
2733.0,163.6
2734.0,231.4
2735.0,226.0
2736.0,203.0
2737.0,204.0
2738.0,165.0
2739.0,198.8
2740.0,195.8
2741.0,179.2
2742.0,233.0
2743.0,196.2
2744.0,234.4
2745.0,212.8
2746.0,240.8
2747.0,213.8
2748.0,207.0
2749.0,185.8
2750.0,190.6
2751.0,268.2
2752.0,277.2
2753.0,238.0
2754.0,180.4
2755.0,202.6
2756.0,232.4
2757.0,223.4
2758.0,227.6
2759.0,260.2
2760.0,199.0
2761.0,269.2
2762.0,180.2
2763.0,208.6
2764.0,186.0
2765.0,214.8
2766.0,206.2
2767.0,151.0
2768.0,174.8
2769.0,189.2
2770.0,166.2
2771.0,239.4
2772.0,183.0
2773.0,251.4
2774.0,330.4
2775.0,219.6
2776.0,206.0
2777.0,156.0
2778.0,204.8
2779.0,225.4
2780.0,210.0
2781.0,229.0
2782.0,172.4
2783.0,264.8
2784.0,266.2
2785.0,284.6
2786.0,252.2
2787.0,272.6
2788.0,220.0
2789.0,248.4
2790.0,159.0
2791.0,246.4
2792.0,239.2
2793.0,180.0
2794.0,198.0
2795.0,237.8
2796.0,320.2
2797.0,177.4
2798.0,242.6
2799.0,281.0
2800.0,253.2
2801.0,234.2
2802.0,186.2
2803.0,243.2
2804.0,218.0
2805.0,205.6
2806.0,245.2
2807.0,168.8
2808.0,173.4
2809.0,265.8
2810.0,200.6
2811.0,210.0
2812.0,211.4
2813.0,212.6
2814.0,242.0
2815.0,177.6
2816.0,288.0
2817.0,205.8
2818.0,232.2
2819.0,224.8
2820.0,199.0
2821.0,272.2
2822.0,164.8
2823.0,235.2
2824.0,218.6
2825.0,178.2
2826.0,193.6
2827.0,215.4
2828.0,181.6
2829.0,185.2
2830.0,163.4
2831.0,252.0
2832.0,260.6
2833.0,216.8
2834.0,189.0
2835.0,266.2
2836.0,336.6
2837.0,227.4
2838.0,365.6
2839.0,194.2
2840.0,199.6
2841.0,214.2
2842.0,247.0
2843.0,232.0
2844.0,387.0
2845.0,240.6
2846.0,199.2
2847.0,192.6
2848.0,269.0
2849.0,280.8
2850.0,276.2
2851.0,237.2
2852.0,198.2
2853.0,299.2
2854.0,255.8
2855.0,331.4
2856.0,360.8
2857.0,236.8
2858.0,273.2
2859.0,197.0
2860.0,241.2
2861.0,341.6
2862.0,354.2
2863.0,160.4
2864.0,438.2
2865.0,189.2
2866.0,197.2
2867.0,286.0
2868.0,313.0
2869.0,279.0
2870.0,246.6
2871.0,254.4
2872.0,234.8
2873.0,209.2
2874.0,216.0
2875.0,257.8
2876.0,318.6
2877.0,216.6
2878.0,247.2
2879.0,268.6
2880.0,356.0
2881.0,228.4
2882.0,191.2
2883.0,249.6
2884.0,362.0
2885.0,329.2
2886.0,219.4
2887.0,279.2
2888.0,237.0
2889.0,208.2
2890.0,243.8
2891.0,371.2
2892.0,223.4
2893.0,231.8
2894.0,283.6
2895.0,332.2
2896.0,386.0
2897.0,227.8
2898.0,214.4
2899.0,231.0
2900.0,332.0
2901.0,316.8
2902.0,249.0
2903.0,267.2
2904.0,269.6
2905.0,219.6
2906.0,213.8
2907.0,210.8
2908.0,223.0
2909.0,277.8
2910.0,318.8
2911.0,191.2
2912.0,220.4
2913.0,349.0
2914.0,279.4
2915.0,178.2
2916.0,259.8
2917.0,289.6
2918.0,236.8
2919.0,344.2
2920.0,389.4
2921.0,347.2
2922.0,229.0
2923.0,318.6
2924.0,232.4
2925.0,227.4
2926.0,348.4
2927.0,322.6
2928.0,283.6
2929.0,340.8
2930.0,307.6
2931.0,402.8
2932.0,372.4
2933.0,227.8
2934.0,412.4
2935.0,238.4
2936.0,292.2
2937.0,256.0
2938.0,212.2
2939.0,235.4
2940.0,235.8
2941.0,230.4
2942.0,309.8
2943.0,208.0
2944.0,377.2
2945.0,194.4
2946.0,212.4
2947.0,353.0
2948.0,183.8
2949.0,217.0
2950.0,233.0
2951.0,298.2
2952.0,213.8
2953.0,229.2
2954.0,215.0
2955.0,251.0
2956.0,236.0
2957.0,226.8
2958.0,278.0
2959.0,202.2
2960.0,224.0
2961.0,272.8
2962.0,285.4
2963.0,183.8
2964.0,259.2
2965.0,264.2
2966.0,236.2
2967.0,277.0
2968.0,244.4
2969.0,314.4
2970.0,228.0
2971.0,234.6
2972.0,211.2
2973.0,235.2
2974.0,209.6
2975.0,270.6
2976.0,263.2
2977.0,198.2
2978.0,173.0
2979.0,269.8
2980.0,238.0
2981.0,293.6
2982.0,175.4
2983.0,274.4
2984.0,206.4
2985.0,295.2
2986.0,229.8
2987.0,358.4
2988.0,252.4
2989.0,252.0
2990.0,238.0
2991.0,376.8
2992.0,227.2
2993.0,418.0
2994.0,225.4
2995.0,262.6
2996.0,244.0
2997.0,276.6
2998.0,296.0
2999.0,344.6
3000.0,276.6
3001.0,280.2
3002.0,232.8
3003.0,200.4
3004.0,371.4
3005.0,348.4
3006.0,285.8
3007.0,262.4
3008.0,292.0
3009.0,270.4
3010.0,291.0
3011.0,212.8
3012.0,311.4
3013.0,328.0
3014.0,182.0
3015.0,351.4
3016.0,253.6
3017.0,270.6
3018.0,208.2
3019.0,263.2
3020.0,353.8
3021.0,346.8
3022.0,201.6
3023.0,377.6
3024.0,382.2
3025.0,336.4
3026.0,313.6
3027.0,282.8
3028.0,259.4
3029.0,267.6
3030.0,238.6
3031.0,241.0
3032.0,319.6
3033.0,310.8
3034.0,231.0
3035.0,469.0
3036.0,312.2
3037.0,231.4
3038.0,330.4
3039.0,331.6
3040.0,385.6
3041.0,410.0
3042.0,354.2
3043.0,277.6
3044.0,240.2
3045.0,398.6
3046.0,273.4
3047.0,216.4
3048.0,313.2
3049.0,281.4
3050.0,274.6
3051.0,183.6
3052.0,261.8
3053.0,343.6
3054.0,188.8
3055.0,289.4
3056.0,226.4
3057.0,244.2
3058.0,262.4
3059.0,262.4
3060.0,277.4
3061.0,304.2
3062.0,213.4
3063.0,221.8
3064.0,218.2
3065.0,204.0
3066.0,198.2
3067.0,179.8
3068.0,202.2
3069.0,222.2
3070.0,231.6
3071.0,218.6
3072.0,281.2
3073.0,268.8
3074.0,225.4
3075.0,202.4
3076.0,202.8
3077.0,169.6
3078.0,200.4
3079.0,176.6
3080.0,249.2
3081.0,287.4
3082.0,232.0
3083.0,223.2
3084.0,233.0
3085.0,243.0
3086.0,188.4
3087.0,267.4
3088.0,237.4
3089.0,276.6
3090.0,284.2
3091.0,340.2
3092.0,246.6
3093.0,268.2
3094.0,409.6
3095.0,291.4
3096.0,170.0
3097.0,237.4
3098.0,242.6
3099.0,350.6
3100.0,212.8
3101.0,254.0
3102.0,322.8
3103.0,265.0
3104.0,336.6
3105.0,301.6
3106.0,313.8
3107.0,376.0
3108.0,218.0
3109.0,328.4
3110.0,278.4
3111.0,391.4
3112.0,310.6
3113.0,412.2
3114.0,366.0
3115.0,300.0
3116.0,263.2
3117.0,375.0
3118.0,385.0
3119.0,364.0
3120.0,370.0
3121.0,310.6
3122.0,355.4
3123.0,282.6
3124.0,324.6
3125.0,350.0
3126.0,204.6
3127.0,188.8
3128.0,254.2
3129.0,221.2
3130.0,374.8
3131.0,247.6
3132.0,304.6
3133.0,256.6
3134.0,233.6
3135.0,335.4
3136.0,229.4
3137.0,279.0
3138.0,210.2
3139.0,222.2
3140.0,295.2
3141.0,350.8
3142.0,317.0
3143.0,196.4
3144.0,216.0
3145.0,207.0
3146.0,286.6
3147.0,210.2
3148.0,290.6
3149.0,274.2
3150.0,240.8
3151.0,260.6
3152.0,340.4
3153.0,331.0
3154.0,368.8
3155.0,302.8
3156.0,333.8
3157.0,416.6
3158.0,359.0
3159.0,204.8
3160.0,384.4
3161.0,264.4
3162.0,315.0
3163.0,352.6
3164.0,231.8
3165.0,362.0
3166.0,399.8
3167.0,290.4
3168.0,351.2
3169.0,232.4
3170.0,271.6
3171.0,322.4
3172.0,289.0
3173.0,399.8
3174.0,319.2
3175.0,242.8
3176.0,259.6
3177.0,236.8
3178.0,286.4
3179.0,228.6
3180.0,211.8
3181.0,260.8
3182.0,228.4
3183.0,222.6
3184.0,241.4
3185.0,241.2
3186.0,221.0
3187.0,197.6
3188.0,232.2
3189.0,274.2
3190.0,194.4
3191.0,181.2
3192.0,201.0
3193.0,238.6
3194.0,175.0
3195.0,198.4
3196.0,189.4
3197.0,210.8
3198.0,181.8
3199.0,205.4
3200.0,238.6
3201.0,181.2
3202.0,221.2
3203.0,158.0
3204.0,182.6
3205.0,206.8
3206.0,235.2
3207.0,179.4
3208.0,236.4
3209.0,192.0
3210.0,201.0
3211.0,180.8
3212.0,169.4
3213.0,210.2
3214.0,250.0
3215.0,153.6
3216.0,263.2
3217.0,256.0
3218.0,212.2
3219.0,251.8
3220.0,192.4
3221.0,219.2
3222.0,237.8
3223.0,204.8
3224.0,206.0
3225.0,204.0
3226.0,199.2
3227.0,249.4
3228.0,296.6
3229.0,266.4
3230.0,194.8
3231.0,260.0
3232.0,169.8
3233.0,359.2
3234.0,206.8
3235.0,211.0
3236.0,241.4
3237.0,214.0
3238.0,240.0
3239.0,244.2
3240.0,261.6
3241.0,226.2
3242.0,191.6
3243.0,249.2
3244.0,226.8
3245.0,294.8
3246.0,238.8
3247.0,271.0
3248.0,326.4
3249.0,272.6
3250.0,361.4
3251.0,247.2
3252.0,221.4
3253.0,263.2
3254.0,252.4
3255.0,267.4
3256.0,222.0
3257.0,350.6
3258.0,175.4
3259.0,267.8
3260.0,273.4
3261.0,265.6
3262.0,219.6
3263.0,306.0
3264.0,256.0
3265.0,417.0
3266.0,421.6
3267.0,305.4
3268.0,354.6
3269.0,271.6
3270.0,259.4
3271.0,379.8
3272.0,271.8
3273.0,194.2
3274.0,309.8
3275.0,297.8
3276.0,263.0
3277.0,331.0
3278.0,248.2
3279.0,333.6
3280.0,324.6
3281.0,263.6
3282.0,450.0
3283.0,378.0
3284.0,369.8
3285.0,279.8
3286.0,236.6
3287.0,352.4
3288.0,290.6
3289.0,375.2
3290.0,435.4
3291.0,547.2
3292.0,297.4
3293.0,230.6
3294.0,205.4
3295.0,282.0
3296.0,393.4
3297.0,214.8
3298.0,237.4
3299.0,280.4
3300.0,264.2
3301.0,223.4
3302.0,443.2
3303.0,406.8
3304.0,368.0
3305.0,408.2
3306.0,242.0
3307.0,275.6
3308.0,201.2
3309.0,319.4
3310.0,331.8
3311.0,392.8
3312.0,402.0
3313.0,247.6
3314.0,293.8
3315.0,250.0
3316.0,355.4
3317.0,389.0
3318.0,331.6
3319.0,210.8
3320.0,348.4
3321.0,318.4
3322.0,235.6
3323.0,264.4
3324.0,416.4
3325.0,492.4
3326.0,302.4
3327.0,392.0
3328.0,313.8
3329.0,264.8
3330.0,374.6
3331.0,424.0
3332.0,220.8
3333.0,437.8
3334.0,389.4
3335.0,366.8
3336.0,407.2
3337.0,454.4
3338.0,378.4
3339.0,373.6
3340.0,421.0
3341.0,372.4
3342.0,402.0
3343.0,345.6
3344.0,332.8
3345.0,282.4
3346.0,239.4
3347.0,431.8
3348.0,316.0
3349.0,355.4
3350.0,248.0
3351.0,364.4
3352.0,295.6
3353.0,309.6
3354.0,406.4
3355.0,288.8
3356.0,339.0
3357.0,436.4
3358.0,241.2
3359.0,310.0
3360.0,324.4
3361.0,398.0
3362.0,308.4
3363.0,360.4
3364.0,323.2
3365.0,398.4
3366.0,278.6
3367.0,329.8
3368.0,269.6
3369.0,279.8
3370.0,339.2
3371.0,285.0
3372.0,386.0
3373.0,301.2
3374.0,223.4
3375.0,470.6
3376.0,334.0
3377.0,318.8
3378.0,284.0
3379.0,230.4
3380.0,299.8
3381.0,444.2
3382.0,385.2
3383.0,322.4
3384.0,261.4
3385.0,324.2
3386.0,319.4
3387.0,345.8
3388.0,256.8
3389.0,304.8
3390.0,367.8
3391.0,364.0
3392.0,456.6
3393.0,405.6
3394.0,368.6
3395.0,348.0
3396.0,337.8
3397.0,414.2
3398.0,296.0
3399.0,309.6
3400.0,364.6
3401.0,306.8
3402.0,321.4
3403.0,244.0
3404.0,342.0
3405.0,289.2
3406.0,300.0
3407.0,513.8
3408.0,319.6
3409.0,495.6
3410.0,214.2
3411.0,371.2
3412.0,361.6
3413.0,259.4
3414.0,307.0
3415.0,318.6
3416.0,352.8
3417.0,291.6
3418.0,221.0
3419.0,361.4
3420.0,298.2
3421.0,308.6
3422.0,272.8
3423.0,363.4
3424.0,369.8
3425.0,296.4
3426.0,226.2
3427.0,305.2
3428.0,339.0
3429.0,293.0
3430.0,430.2
3431.0,306.0
3432.0,339.4
3433.0,282.8
3434.0,367.8
3435.0,441.8
3436.0,339.8
3437.0,295.8
3438.0,343.2
3439.0,333.0
3440.0,341.0
3441.0,411.6
3442.0,233.6
3443.0,395.0
3444.0,453.0
3445.0,261.2
3446.0,382.0
3447.0,299.0
3448.0,392.6
3449.0,391.0
3450.0,376.4
3451.0,294.2
3452.0,335.0
3453.0,299.2
3454.0,263.8
3455.0,310.6
3456.0,459.0
3457.0,446.0
3458.0,330.6
3459.0,308.2
3460.0,361.0
3461.0,299.8
3462.0,403.0
3463.0,319.4
3464.0,252.8
3465.0,520.6
3466.0,260.0
3467.0,332.6
3468.0,262.4
3469.0,319.4
3470.0,289.8
3471.0,376.8
3472.0,322.6
3473.0,440.6
3474.0,420.6
3475.0,385.2
3476.0,339.4
3477.0,385.2
3478.0,458.0
3479.0,399.0
3480.0,446.2
3481.0,339.4
3482.0,443.2
3483.0,434.2
3484.0,209.4
3485.0,265.2
3486.0,314.4
3487.0,263.6
3488.0,309.2
3489.0,319.2
3490.0,384.4
3491.0,324.8
3492.0,340.8
3493.0,276.2
3494.0,332.0
3495.0,452.4
3496.0,381.0
3497.0,364.4
3498.0,261.6
3499.0,319.2
3500.0,518.8
3501.0,422.4
3502.0,305.6
3503.0,389.8
3504.0,469.0
3505.0,473.0
3506.0,324.4
3507.0,386.0
3508.0,187.0
3509.0,372.8
3510.0,369.0
3511.0,391.4
3512.0,433.2
3513.0,378.6
3514.0,296.0
3515.0,333.4
3516.0,285.6
3517.0,305.4
3518.0,276.2
3519.0,253.0
3520.0,250.6
3521.0,456.6
3522.0,344.6
3523.0,396.0
3524.0,274.0
3525.0,267.8
3526.0,290.0
3527.0,424.8
3528.0,315.2
3529.0,297.6
3530.0,350.6
3531.0,295.0
3532.0,227.6
3533.0,363.2
3534.0,422.6
3535.0,239.4
3536.0,321.4
3537.0,343.2
3538.0,296.0
3539.0,335.6
3540.0,360.2
3541.0,370.4
3542.0,309.2
3543.0,317.0
3544.0,380.6
3545.0,334.4
3546.0,394.8
3547.0,247.2
3548.0,373.6
3549.0,323.8
3550.0,422.8
3551.0,395.2
3552.0,384.6
3553.0,320.8
3554.0,307.6
3555.0,339.4
3556.0,298.0
3557.0,285.2
3558.0,454.8
3559.0,402.8
3560.0,244.0
3561.0,464.4
3562.0,278.8
3563.0,339.2
3564.0,339.4
3565.0,350.0
3566.0,251.6
3567.0,373.2
3568.0,420.0
3569.0,349.4
3570.0,337.4
3571.0,367.0
3572.0,283.8
3573.0,264.4
3574.0,477.4
3575.0,397.6
3576.0,348.8
3577.0,322.6
3578.0,276.0
3579.0,220.0
3580.0,380.2
3581.0,286.0
3582.0,351.2
3583.0,495.6
3584.0,411.0
3585.0,324.6
3586.0,493.2
3587.0,331.8
3588.0,355.4
3589.0,397.4
3590.0,446.6
3591.0,300.8
3592.0,426.4
3593.0,325.2
3594.0,273.0
3595.0,523.4
3596.0,357.8
3597.0,317.8
3598.0,285.6
3599.0,291.6
3600.0,281.2
3601.0,239.0
3602.0,323.0
3603.0,256.2
3604.0,260.2
3605.0,430.6
3606.0,330.6
3607.0,339.8
3608.0,287.2
3609.0,330.2
3610.0,396.4
3611.0,220.4
3612.0,322.8
3613.0,402.0
3614.0,209.2
3615.0,253.0
3616.0,416.4
3617.0,303.0
3618.0,371.8
3619.0,344.2
3620.0,426.4
3621.0,380.4
3622.0,247.4
3623.0,334.0
3624.0,309.6
3625.0,222.0
3626.0,260.2
3627.0,413.4
3628.0,298.8
3629.0,300.6
3630.0,280.8
3631.0,287.2
3632.0,335.6
3633.0,367.8
3634.0,402.2
3635.0,386.2
3636.0,454.4
3637.0,343.0
3638.0,448.4
3639.0,419.8
3640.0,365.4
3641.0,289.2
3642.0,440.4
3643.0,379.8
3644.0,274.0
3645.0,441.8
3646.0,297.8
3647.0,348.6
3648.0,577.2
3649.0,321.4
3650.0,353.6
3651.0,379.8
3652.0,256.6
3653.0,215.2
3654.0,417.0
3655.0,307.2
3656.0,406.8
3657.0,428.0
3658.0,399.4
3659.0,453.4
3660.0,281.6
3661.0,385.0
3662.0,449.2
3663.0,409.4
3664.0,428.8
3665.0,354.8
3666.0,363.0
3667.0,275.8
3668.0,435.2
3669.0,344.0
3670.0,225.0
3671.0,364.2
3672.0,433.2
3673.0,365.0
3674.0,390.0
3675.0,449.0
3676.0,395.4
3677.0,436.6
3678.0,338.8
3679.0,255.0
3680.0,364.8
3681.0,458.2
3682.0,349.6
3683.0,335.6
3684.0,213.6
3685.0,232.4
3686.0,305.2
3687.0,326.0
3688.0,381.4
3689.0,338.2
3690.0,382.4
3691.0,257.4
3692.0,514.6
3693.0,304.6
3694.0,356.4
3695.0,372.8
3696.0,355.0
3697.0,285.8
3698.0,357.2
3699.0,280.4
3700.0,209.8
3701.0,456.0
3702.0,479.6
3703.0,440.8
3704.0,296.0
3705.0,360.6
3706.0,368.8
3707.0,439.2
3708.0,327.2
3709.0,356.4
3710.0,314.8
3711.0,347.2
3712.0,430.4
3713.0,271.6
3714.0,526.2
3715.0,446.4
3716.0,438.6
3717.0,410.0
3718.0,354.2
3719.0,503.6
3720.0,257.2
3721.0,394.2
3722.0,324.2
3723.0,454.2
3724.0,360.8
3725.0,247.2
3726.0,375.0
3727.0,480.4
3728.0,520.8
3729.0,432.6
3730.0,483.8
3731.0,458.6
3732.0,370.8
3733.0,469.8
3734.0,478.8
3735.0,414.2
3736.0,401.2
3737.0,316.4
3738.0,398.0
3739.0,514.4
3740.0,444.8
3741.0,372.2
3742.0,493.0
3743.0,426.0
3744.0,404.6
3745.0,474.8
3746.0,506.2
3747.0,429.0
3748.0,496.8
3749.0,487.6
3750.0,284.6
3751.0,330.8
3752.0,327.4
3753.0,407.0
3754.0,433.6
3755.0,456.4
3756.0,381.6
3757.0,295.2
3758.0,448.6
3759.0,477.2
3760.0,280.4
3761.0,484.6
3762.0,424.0
3763.0,402.8
3764.0,345.6
3765.0,370.8
3766.0,220.4
3767.0,299.6
3768.0,460.2
3769.0,418.6
3770.0,391.2
3771.0,358.0
3772.0,371.4
3773.0,525.8
3774.0,406.6
3775.0,452.4
3776.0,281.4
3777.0,432.4
3778.0,443.0
3779.0,455.6
3780.0,284.0
3781.0,419.4
3782.0,419.6
3783.0,431.4
3784.0,435.8
3785.0,332.0
3786.0,298.6
3787.0,311.0
3788.0,436.0
3789.0,387.0
3790.0,463.6
3791.0,447.0
3792.0,464.8
3793.0,457.6
3794.0,330.8
3795.0,262.2
3796.0,379.0
3797.0,364.8
3798.0,388.6
3799.0,481.8
3800.0,240.8
3801.0,209.0
3802.0,424.4
3803.0,376.4
3804.0,224.8
3805.0,370.4
3806.0,361.2
3807.0,444.8
3808.0,372.0
3809.0,374.8
3810.0,389.2
3811.0,326.6
3812.0,442.4
3813.0,377.6
3814.0,396.8
3815.0,484.6
3816.0,182.8
3817.0,402.6
3818.0,430.2
3819.0,234.0
3820.0,205.2
3821.0,238.8
3822.0,405.0
3823.0,228.0
3824.0,413.0
3825.0,380.6
3826.0,426.6
3827.0,376.8
3828.0,361.8
3829.0,269.6
3830.0,418.0
3831.0,393.0
3832.0,419.4
3833.0,398.0
3834.0,359.2
3835.0,400.8
3836.0,347.2
3837.0,447.6
3838.0,249.0
3839.0,286.8
3840.0,268.4
3841.0,297.0
3842.0,267.2
3843.0,437.4
3844.0,253.8
3845.0,422.6
3846.0,306.4
3847.0,377.6
3848.0,458.2
3849.0,228.4
3850.0,275.4
3851.0,305.6
3852.0,328.2
3853.0,271.6
3854.0,377.8
3855.0,289.4
3856.0,280.2
3857.0,411.6
3858.0,265.8
3859.0,393.4
3860.0,414.2
3861.0,272.6
3862.0,402.0
3863.0,282.0
3864.0,381.8
3865.0,390.0
3866.0,425.4
3867.0,466.8
3868.0,382.0
3869.0,334.0
3870.0,298.6
3871.0,449.0
3872.0,255.6
3873.0,327.6
3874.0,426.6
3875.0,352.6
3876.0,265.2
3877.0,493.8
3878.0,301.2
3879.0,314.8
3880.0,258.4
3881.0,396.8
3882.0,373.4
3883.0,217.8
3884.0,314.8
3885.0,458.6
3886.0,397.8
3887.0,345.2
3888.0,255.0
3889.0,400.2
3890.0,400.4
3891.0,407.0
3892.0,503.4
3893.0,375.0
3894.0,239.0
3895.0,186.8
3896.0,498.4
3897.0,438.6
3898.0,335.0
3899.0,334.0
3900.0,409.8
3901.0,332.4
3902.0,380.4
3903.0,557.4
3904.0,355.4
3905.0,422.4
3906.0,390.0
3907.0,303.2
3908.0,395.2
3909.0,403.2
3910.0,317.8
3911.0,274.6
3912.0,349.2
3913.0,426.2
3914.0,380.6
3915.0,480.6
3916.0,351.2
3917.0,274.2
3918.0,322.6
3919.0,258.8
3920.0,393.2
3921.0,242.0
3922.0,318.6
3923.0,292.0
3924.0,337.6
3925.0,355.8
3926.0,239.0
3927.0,229.0
3928.0,391.0
3929.0,341.4
3930.0,313.6
3931.0,326.0
3932.0,376.8
3933.0,359.6
3934.0,397.6
3935.0,224.6
3936.0,343.8
3937.0,311.0
3938.0,362.2
3939.0,246.4
3940.0,358.0
3941.0,374.2
3942.0,377.6
3943.0,383.6
3944.0,261.6
3945.0,358.0
3946.0,363.4
3947.0,422.8
3948.0,394.2
3949.0,365.6
3950.0,352.8
3951.0,416.0
3952.0,318.4
3953.0,353.0
3954.0,359.4
3955.0,303.6
3956.0,460.2
3957.0,339.0
3958.0,360.6
3959.0,371.6
3960.0,344.8
3961.0,255.2
3962.0,407.4
3963.0,292.8
3964.0,434.2
3965.0,239.2
3966.0,417.0
3967.0,414.6
3968.0,280.0
3969.0,391.0
3970.0,369.8
3971.0,476.2
3972.0,476.8
3973.0,400.4
3974.0,311.6
3975.0,391.2
3976.0,416.0
3977.0,444.4
3978.0,288.2
3979.0,402.4
3980.0,382.2
3981.0,424.8
3982.0,269.8
3983.0,423.2
3984.0,447.8
3985.0,274.8
3986.0,376.6
3987.0,355.0
3988.0,270.8
3989.0,425.6
3990.0,397.6
3991.0,409.2
3992.0,425.6
3993.0,408.2
3994.0,406.4
3995.0,401.6
3996.0,484.4
3997.0,445.0
3998.0,497.6
3999.0,454.4
4000.0,354.4
4001.0,342.0
4002.0,431.8
4003.0,421.2
4004.0,411.2
4005.0,464.2
4006.0,402.0
4007.0,400.8
4008.0,430.0
4009.0,371.2
4010.0,395.2
4011.0,422.8
4012.0,317.4
4013.0,266.8
4014.0,364.2
4015.0,433.6
4016.0,295.2
4017.0,408.4
4018.0,382.8
4019.0,324.0
4020.0,406.2
4021.0,487.4
4022.0,407.8
4023.0,389.4
4024.0,461.0
4025.0,393.2
4026.0,433.2
4027.0,392.6
4028.0,449.6
4029.0,420.6
4030.0,430.6
4031.0,358.6
4032.0,463.8
4033.0,314.8
4034.0,393.8
4035.0,345.4
4036.0,317.4
4037.0,377.8
4038.0,286.6
4039.0,350.4
4040.0,403.8
4041.0,360.8
4042.0,374.8
4043.0,394.0
4044.0,363.6
4045.0,456.0
4046.0,480.0
4047.0,436.8
4048.0,230.2
4049.0,352.6
4050.0,254.6
4051.0,350.4
4052.0,371.6
4053.0,399.0
4054.0,261.6
4055.0,454.6
4056.0,325.8
4057.0,347.4
4058.0,329.6
4059.0,312.4
4060.0,437.6
4061.0,468.2
4062.0,285.0
4063.0,269.6
4064.0,390.0
4065.0,404.6
4066.0,342.4
4067.0,442.6
4068.0,356.0
4069.0,409.6
4070.0,386.6
4071.0,291.0
4072.0,419.6
4073.0,490.2
4074.0,503.2
4075.0,293.6
4076.0,439.8
4077.0,323.8
4078.0,402.2
4079.0,354.2
4080.0,404.2
4081.0,355.8
4082.0,393.8
4083.0,284.2
4084.0,321.8
4085.0,356.4
4086.0,505.0
4087.0,366.4
4088.0,328.8
4089.0,392.6
4090.0,290.4
4091.0,449.4
4092.0,260.2
4093.0,461.4
4094.0,238.4
4095.0,486.4
4096.0,500.2
4097.0,489.2
4098.0,399.2
4099.0,384.0
4100.0,419.0
4101.0,450.2
4102.0,462.2
4103.0,486.4
4104.0,475.6
4105.0,345.8
4106.0,355.6
4107.0,433.8
4108.0,384.8
4109.0,452.8
4110.0,415.0
4111.0,323.0
4112.0,405.6
4113.0,333.4
4114.0,454.0
4115.0,410.2
4116.0,348.6
4117.0,369.6
4118.0,321.8
4119.0,402.8
4120.0,402.2
4121.0,406.6
4122.0,556.8
4123.0,386.4
4124.0,427.8
4125.0,414.2
4126.0,498.0
4127.0,468.4
4128.0,432.2
4129.0,409.4
4130.0,436.6
4131.0,393.4
4132.0,600.8
4133.0,387.0
4134.0,422.2
4135.0,460.2
4136.0,502.6
4137.0,414.8
4138.0,473.6
4139.0,383.6
4140.0,564.6
4141.0,484.8
4142.0,307.6
4143.0,490.0
4144.0,629.6
4145.0,478.4
4146.0,524.4
4147.0,403.4
4148.0,568.6
4149.0,527.4
4150.0,506.4
4151.0,460.4
4152.0,654.4
4153.0,576.6
4154.0,321.4
4155.0,475.0
4156.0,412.8
4157.0,362.6
4158.0,438.4
4159.0,434.0
4160.0,473.4
4161.0,322.6
4162.0,454.2
4163.0,306.0
4164.0,361.4
4165.0,345.0
4166.0,420.4
4167.0,473.8
4168.0,459.6
4169.0,402.4
4170.0,432.8
4171.0,478.8
4172.0,387.8
4173.0,460.2
4174.0,529.8
4175.0,525.0
4176.0,508.6
4177.0,586.8
4178.0,487.2
4179.0,296.4
4180.0,505.2
4181.0,514.6
4182.0,573.8
4183.0,365.6
4184.0,422.4
4185.0,550.2
4186.0,419.0
4187.0,462.4
4188.0,399.2
4189.0,481.4
4190.0,394.8
4191.0,600.4
4192.0,432.8
4193.0,380.4
4194.0,437.6
4195.0,463.2
4196.0,580.8
4197.0,529.8
4198.0,411.6
4199.0,447.2
4200.0,503.6
4201.0,445.2
4202.0,571.8
4203.0,558.8
4204.0,489.8
4205.0,498.0
4206.0,508.6
4207.0,361.2
4208.0,531.6
4209.0,525.0
4210.0,654.2
4211.0,480.0
4212.0,502.2
4213.0,605.6
4214.0,296.2
4215.0,484.8
4216.0,365.4
4217.0,398.6
4218.0,404.8
4219.0,492.2
4220.0,377.4
4221.0,471.8
4222.0,418.2
4223.0,492.6
4224.0,417.8
4225.0,570.4
4226.0,588.0
4227.0,364.8
4228.0,359.2
4229.0,408.0
4230.0,478.6
4231.0,505.2
4232.0,458.6
4233.0,423.4
4234.0,603.0
4235.0,324.2
4236.0,468.6
4237.0,678.6
4238.0,441.8
4239.0,489.4
4240.0,599.8
4241.0,521.8
4242.0,689.2
4243.0,480.4
4244.0,410.8
4245.0,455.4
4246.0,498.6
4247.0,493.8
4248.0,425.6
4249.0,380.2
4250.0,538.8
4251.0,523.4
4252.0,404.4
4253.0,542.6
4254.0,537.8
4255.0,453.6
4256.0,485.8
4257.0,468.8
4258.0,528.4
4259.0,488.2
4260.0,615.2
4261.0,457.6
4262.0,555.4
4263.0,516.8
4264.0,414.0
4265.0,564.2
4266.0,446.2
4267.0,455.0
4268.0,396.8
4269.0,671.6
4270.0,490.0
4271.0,388.8
4272.0,506.4
4273.0,464.0
4274.0,550.4
4275.0,382.2
4276.0,424.4
4277.0,500.4
4278.0,430.8
4279.0,380.2
4280.0,444.0
4281.0,382.8
4282.0,353.0
4283.0,568.4
4284.0,428.0
4285.0,453.2
4286.0,542.4
4287.0,410.8
4288.0,517.6
4289.0,442.8
4290.0,474.0
4291.0,447.6
4292.0,382.4
4293.0,538.2
4294.0,630.0
4295.0,454.8
4296.0,493.2
4297.0,480.4
4298.0,383.6
4299.0,471.8
4300.0,533.8
4301.0,436.8
4302.0,400.2
4303.0,474.0
4304.0,584.8
4305.0,527.0
4306.0,523.8
4307.0,462.6
4308.0,526.6
4309.0,384.6
4310.0,371.2
4311.0,425.0
4312.0,473.6
4313.0,517.2
4314.0,478.2
4315.0,676.4
4316.0,449.0
4317.0,481.4
4318.0,406.6
4319.0,528.2
4320.0,494.0
4321.0,582.8
4322.0,525.8
4323.0,558.8
4324.0,546.4
4325.0,570.8
4326.0,492.0
4327.0,563.4
4328.0,625.2
4329.0,560.4
4330.0,488.2
4331.0,490.6
4332.0,506.4
4333.0,632.0
4334.0,455.6
4335.0,530.4
4336.0,550.4
4337.0,476.8
4338.0,472.8
4339.0,447.6
4340.0,597.6
4341.0,425.4
4342.0,550.8
4343.0,400.8
4344.0,464.4
4345.0,591.2
4346.0,455.4
4347.0,535.0
4348.0,547.2
4349.0,577.4
4350.0,461.6
4351.0,682.6
4352.0,450.4
4353.0,374.4
4354.0,568.6
4355.0,657.2
4356.0,624.0
4357.0,459.4
4358.0,574.8
4359.0,695.8
4360.0,509.4
4361.0,697.4
4362.0,578.4
4363.0,421.6
4364.0,582.0
4365.0,445.0
4366.0,712.8
4367.0,430.8
4368.0,509.0
4369.0,344.4
4370.0,582.6
4371.0,407.0
4372.0,549.4
4373.0,620.2
4374.0,553.8
4375.0,507.2
4376.0,638.8
4377.0,450.6
4378.0,508.4
4379.0,427.0
4380.0,563.2
4381.0,578.2
4382.0,578.6
4383.0,447.4
4384.0,550.6
4385.0,502.0
4386.0,456.4
4387.0,514.4
4388.0,547.2
4389.0,467.0
4390.0,415.4
4391.0,604.8
4392.0,448.6
4393.0,473.0
4394.0,581.2
4395.0,467.0
4396.0,477.6
4397.0,508.0
4398.0,457.6
4399.0,547.2
4400.0,557.0
4401.0,656.0
4402.0,519.4
4403.0,487.2
4404.0,460.6
4405.0,534.0
4406.0,436.6
4407.0,585.4
4408.0,521.8
4409.0,579.8
4410.0,491.8
4411.0,470.0
4412.0,478.6
4413.0,406.2
4414.0,482.6
4415.0,499.6
4416.0,516.4
4417.0,401.4
4418.0,535.6
4419.0,585.8
4420.0,431.4
4421.0,689.8
4422.0,525.0
4423.0,344.6
4424.0,384.6
4425.0,375.0
4426.0,590.4
4427.0,497.0
4428.0,454.0
4429.0,559.0
4430.0,499.0
4431.0,511.8
4432.0,551.4
4433.0,413.0
4434.0,478.2
4435.0,554.4
4436.0,529.8
4437.0,735.2
4438.0,596.6
4439.0,515.2
4440.0,475.6
4441.0,494.6
4442.0,547.8
4443.0,586.2
4444.0,461.2
4445.0,590.8
4446.0,579.6
4447.0,588.0
4448.0,590.0
4449.0,628.6
4450.0,545.6
4451.0,633.4
4452.0,584.2
4453.0,617.6
4454.0,770.2
4455.0,613.0
4456.0,641.0
4457.0,448.4
4458.0,630.0
4459.0,626.4
4460.0,608.4
4461.0,472.0
4462.0,492.2
4463.0,579.2
4464.0,381.0
4465.0,421.8
4466.0,550.6
4467.0,522.8
4468.0,546.6
4469.0,584.8
4470.0,532.2
4471.0,583.0
4472.0,579.8
4473.0,340.4
4474.0,518.2
4475.0,568.0
4476.0,431.2
4477.0,517.4
4478.0,437.6
4479.0,471.4
4480.0,594.8
4481.0,661.8
4482.0,535.0
4483.0,709.2
4484.0,597.0
4485.0,449.2
4486.0,623.0
4487.0,615.6
4488.0,471.0
4489.0,432.8
4490.0,680.0
4491.0,663.0
4492.0,517.8
4493.0,601.6
4494.0,732.8
4495.0,521.0
4496.0,680.6
4497.0,598.6
4498.0,618.2
4499.0,639.0
4500.0,712.6
4501.0,727.6
4502.0,597.2
4503.0,477.2
4504.0,397.8
4505.0,617.6
4506.0,582.6
4507.0,461.0
4508.0,660.6
4509.0,485.0
4510.0,634.8
4511.0,601.6
4512.0,489.4
4513.0,636.6
4514.0,419.4
4515.0,554.0
4516.0,608.8
4517.0,635.8
4518.0,420.2
4519.0,478.0
4520.0,696.8
4521.0,537.8
4522.0,437.2
4523.0,583.0
4524.0,460.6
4525.0,762.4
4526.0,554.4
4527.0,427.0
4528.0,527.8
4529.0,578.8
4530.0,495.2
4531.0,731.0
4532.0,479.2
4533.0,682.6
4534.0,606.2
4535.0,477.2
4536.0,490.4
4537.0,672.0
4538.0,545.2
4539.0,644.4
4540.0,675.6
4541.0,716.2
4542.0,648.8
4543.0,648.0
4544.0,457.8
4545.0,540.0
4546.0,722.8
4547.0,562.2
4548.0,584.0
4549.0,451.8
4550.0,598.2
4551.0,461.6
4552.0,482.0
4553.0,604.6
4554.0,602.6
4555.0,696.0
4556.0,557.8
4557.0,653.6
4558.0,500.8
4559.0,509.2
4560.0,700.4
4561.0,545.2
4562.0,657.0
4563.0,608.2
4564.0,558.6
4565.0,659.6
4566.0,570.6
4567.0,558.8
4568.0,363.6
4569.0,575.4
4570.0,664.0
4571.0,518.8
4572.0,560.4
4573.0,565.8
4574.0,479.8
4575.0,586.4
4576.0,456.2
4577.0,600.0
4578.0,431.8
4579.0,505.8
4580.0,386.8
4581.0,573.8
4582.0,548.2
4583.0,723.0
4584.0,607.6
4585.0,474.4
4586.0,627.2
4587.0,586.4
4588.0,503.0
4589.0,477.2
4590.0,698.6
4591.0,488.6
4592.0,590.8
4593.0,726.0
4594.0,578.2
4595.0,712.0
4596.0,706.6
4597.0,536.4
4598.0,710.0
4599.0,539.0
4600.0,625.0
4601.0,587.0
4602.0,400.2
4603.0,522.8
4604.0,658.6
4605.0,530.6
4606.0,553.4
4607.0,643.6
4608.0,425.4
4609.0,559.6
4610.0,581.6
4611.0,482.8
4612.0,699.6
4613.0,562.2
4614.0,695.4
4615.0,528.4
4616.0,521.6
4617.0,700.0
4618.0,737.8
4619.0,524.4
4620.0,666.2
4621.0,558.0
4622.0,458.4
4623.0,429.0
4624.0,594.6
4625.0,592.4
4626.0,500.2
4627.0,527.6
4628.0,445.6
4629.0,486.0
4630.0,538.4
4631.0,389.0
4632.0,453.4
4633.0,557.4
4634.0,487.2
4635.0,407.2
4636.0,406.6
4637.0,610.0
4638.0,369.4
4639.0,490.2
4640.0,302.2
4641.0,582.6
4642.0,601.0
4643.0,379.8
4644.0,456.0
4645.0,412.2
4646.0,573.8
4647.0,439.0
4648.0,529.8
4649.0,450.4
4650.0,427.6
4651.0,412.8
4652.0,502.0
4653.0,559.0
4654.0,498.2
4655.0,454.8
4656.0,516.8
4657.0,439.0
4658.0,566.4
4659.0,489.0
4660.0,630.0
4661.0,448.8
4662.0,610.4
4663.0,554.4
4664.0,543.6
4665.0,534.0
4666.0,501.0
4667.0,516.8
4668.0,622.0
4669.0,585.2
4670.0,598.8
4671.0,472.2
4672.0,565.6
4673.0,390.4
4674.0,625.4
4675.0,596.4
4676.0,512.8
4677.0,436.2
4678.0,677.8
4679.0,477.6
4680.0,640.2
4681.0,565.6
4682.0,416.6
4683.0,382.2
4684.0,548.6
4685.0,432.6
4686.0,574.8
4687.0,521.8
4688.0,629.4
4689.0,580.2
4690.0,451.6
4691.0,549.6
4692.0,382.6
4693.0,561.0
4694.0,506.6
4695.0,615.6
4696.0,544.2
4697.0,624.4
4698.0,588.2
4699.0,690.0
4700.0,582.2
4701.0,535.4
4702.0,559.2
4703.0,452.0
4704.0,542.8
4705.0,528.4
4706.0,543.0
4707.0,634.2
4708.0,660.8
4709.0,613.8
4710.0,609.0
4711.0,567.4
4712.0,496.8
4713.0,440.8
4714.0,596.2
4715.0,548.4
4716.0,557.6
4717.0,399.4
4718.0,548.2
4719.0,636.8
4720.0,682.4
4721.0,618.4
4722.0,609.8
4723.0,625.2
4724.0,518.0
4725.0,589.2
4726.0,554.4
4727.0,472.2
4728.0,517.0
4729.0,663.8
4730.0,688.8
4731.0,443.0
4732.0,592.2
4733.0,432.0
4734.0,622.6
4735.0,527.6
4736.0,656.6
4737.0,691.8
4738.0,321.8
4739.0,484.2
4740.0,584.6
4741.0,517.4
4742.0,464.4
4743.0,479.0
4744.0,525.8
4745.0,523.6
4746.0,616.0
4747.0,643.8
4748.0,537.2
4749.0,488.6
4750.0,555.0
4751.0,702.4
4752.0,544.8
4753.0,428.4
4754.0,634.2
4755.0,461.2
4756.0,516.8
4757.0,297.4
4758.0,564.2
4759.0,434.2
4760.0,601.6
4761.0,490.2
4762.0,646.0
4763.0,542.8
4764.0,542.4
4765.0,707.6
4766.0,378.0
4767.0,481.8
4768.0,613.4
4769.0,498.6
4770.0,530.8
4771.0,600.2
4772.0,813.0
4773.0,352.4
4774.0,549.0
4775.0,475.8
4776.0,550.0
4777.0,716.2
4778.0,580.8
4779.0,596.2
4780.0,473.0
4781.0,484.4
4782.0,507.4
4783.0,549.2
4784.0,612.0
4785.0,521.2
4786.0,682.4
4787.0,415.8
4788.0,572.6
4789.0,625.8
4790.0,572.8
4791.0,434.0
4792.0,508.8
4793.0,667.0
4794.0,488.4
4795.0,547.6
4796.0,602.6
4797.0,744.6
4798.0,727.2
4799.0,678.8
4800.0,531.8
4801.0,430.4
4802.0,564.4
4803.0,620.2
4804.0,731.2
4805.0,392.4
4806.0,694.0
4807.0,669.2
4808.0,720.8
4809.0,682.2
4810.0,534.8
4811.0,784.0
4812.0,671.4
4813.0,622.0
4814.0,693.4
4815.0,432.8
4816.0,622.0
4817.0,609.2
4818.0,651.4
4819.0,587.0
4820.0,641.0
4821.0,725.8
4822.0,505.4
4823.0,524.2
4824.0,580.4
4825.0,560.2
4826.0,684.0
4827.0,630.4
4828.0,645.0
4829.0,571.6
4830.0,481.0
4831.0,648.8
4832.0,431.8
4833.0,592.4
4834.0,567.4
4835.0,621.6
4836.0,594.6
4837.0,618.4
4838.0,622.4
4839.0,567.0
4840.0,659.4
4841.0,567.4
4842.0,683.6
4843.0,499.6
4844.0,709.0
4845.0,633.8
4846.0,761.6
4847.0,602.4
4848.0,580.4
4849.0,632.8
4850.0,471.8
4851.0,594.6
4852.0,629.0
4853.0,544.8
4854.0,561.0
4855.0,503.6
4856.0,595.2
4857.0,556.0
4858.0,576.8
4859.0,692.8
4860.0,647.0
4861.0,589.4
4862.0,508.0
4863.0,536.8
4864.0,648.0
4865.0,560.6
4866.0,671.8
4867.0,592.4
4868.0,513.0
4869.0,577.4
4870.0,621.8
4871.0,643.4
4872.0,348.2
4873.0,466.2
4874.0,558.2
4875.0,498.4
4876.0,440.6
4877.0,601.8
4878.0,553.4
4879.0,626.0
4880.0,633.8
4881.0,699.8
4882.0,639.2
4883.0,597.4
4884.0,702.0
4885.0,680.0
4886.0,682.8
4887.0,724.0
4888.0,607.6
4889.0,693.0
4890.0,659.2
4891.0,727.0
4892.0,645.8
4893.0,685.8
4894.0,654.2
4895.0,622.8
4896.0,641.0
4897.0,627.2
4898.0,617.6
4899.0,743.6
4900.0,525.0
4901.0,719.8
4902.0,539.4
4903.0,587.6
4904.0,638.8
4905.0,624.0
4906.0,660.4
4907.0,493.8
4908.0,447.6
4909.0,656.8
4910.0,720.6
4911.0,743.8
4912.0,624.2
4913.0,723.0
4914.0,667.0
4915.0,425.0
4916.0,595.4
4917.0,473.8
4918.0,714.2
4919.0,683.4
4920.0,685.6
4921.0,712.6
4922.0,604.0
4923.0,399.0
4924.0,725.6
4925.0,711.0
4926.0,572.6
4927.0,708.2
4928.0,641.8
4929.0,552.0
4930.0,512.2
4931.0,570.6
4932.0,609.0
4933.0,584.6
4934.0,591.8
4935.0,533.4
4936.0,572.0
4937.0,554.0
4938.0,507.0
4939.0,481.6
4940.0,396.6
4941.0,512.0
4942.0,539.0
4943.0,541.0
4944.0,531.8
4945.0,543.2
4946.0,511.4
4947.0,630.0
4948.0,475.8
4949.0,433.2
4950.0,350.2
4951.0,322.8
4952.0,537.6
4953.0,469.0
4954.0,428.6
4955.0,568.4
4956.0,513.2
4957.0,583.2
4958.0,428.0
4959.0,505.8
4960.0,449.2
4961.0,530.0
4962.0,391.6
4963.0,535.8
4964.0,364.4
4965.0,556.2
4966.0,581.8
4967.0,401.2
4968.0,437.0
4969.0,453.6
4970.0,467.6
4971.0,515.6
4972.0,487.2
4973.0,465.4
4974.0,560.2
4975.0,548.8
4976.0,574.4
4977.0,434.4
4978.0,515.0
4979.0,505.2
4980.0,554.0
4981.0,587.0
4982.0,436.0
4983.0,635.6
4984.0,261.2
4985.0,632.6
4986.0,479.4
4987.0,499.6
4988.0,514.6
4989.0,761.2
4990.0,535.0
4991.0,553.8
4992.0,589.8
4993.0,583.8
4994.0,623.0
4995.0,592.4
4996.0,496.2
4997.0,400.4
4998.0,602.0
4999.0,676.6
5000.0,758.4
5001.0,642.8
5002.0,496.2
5003.0,678.0
5004.0,607.0
5005.0,766.8
5006.0,590.4
5007.0,695.0
5008.0,681.4
5009.0,545.4
5010.0,560.2
5011.0,672.2
5012.0,661.8
5013.0,524.6
5014.0,724.2
5015.0,598.2
5016.0,672.0
5017.0,626.0
5018.0,552.6
5019.0,728.2
5020.0,665.4
5021.0,655.4
5022.0,665.2
5023.0,799.8
5024.0,722.4
5025.0,714.6
5026.0,731.0
5027.0,506.0
5028.0,626.2
5029.0,749.6
5030.0,718.8
5031.0,632.8
5032.0,561.2
5033.0,528.6
5034.0,713.4
5035.0,570.8
5036.0,681.0
5037.0,754.2
5038.0,580.2
5039.0,633.4
5040.0,614.6
5041.0,581.0
5042.0,516.0
5043.0,711.8
5044.0,480.4
5045.0,528.6
5046.0,670.2
5047.0,561.2
5048.0,783.2
5049.0,701.0
5050.0,722.0
5051.0,678.2
5052.0,794.2
5053.0,440.0
5054.0,648.4
5055.0,759.4
5056.0,557.4
5057.0,692.0
5058.0,563.4
5059.0,648.4
5060.0,824.0
5061.0,694.8
5062.0,625.6
5063.0,736.0
5064.0,755.8
5065.0,532.4
5066.0,617.2
5067.0,515.2
5068.0,516.0
5069.0,530.8
5070.0,680.6
5071.0,733.4
5072.0,787.6
5073.0,624.4
5074.0,635.4
5075.0,473.2
5076.0,683.4
5077.0,728.6
5078.0,627.4
5079.0,573.8
5080.0,616.8
5081.0,674.2
5082.0,654.4
5083.0,652.8
5084.0,607.6
5085.0,554.6
5086.0,701.8
5087.0,611.2
5088.0,669.2
5089.0,826.4
5090.0,724.8
5091.0,740.6
5092.0,630.4
5093.0,570.4
5094.0,456.2
5095.0,400.6
5096.0,681.4
5097.0,417.8
5098.0,695.8
5099.0,424.8
5100.0,624.8
5101.0,725.2
5102.0,751.4
5103.0,537.2
5104.0,520.8
5105.0,456.6
5106.0,418.4
5107.0,598.6
5108.0,533.4
5109.0,701.2
5110.0,701.2
5111.0,466.6
5112.0,617.0
5113.0,658.8
5114.0,661.0
5115.0,642.4
5116.0,588.2
5117.0,637.8
5118.0,632.6
5119.0,612.2
5120.0,602.4
5121.0,580.0
5122.0,527.6
5123.0,551.2
5124.0,744.4
5125.0,618.8
5126.0,580.0
5127.0,711.0
5128.0,669.6
5129.0,520.2
5130.0,738.6
5131.0,576.0
5132.0,665.2
5133.0,863.6
5134.0,610.6
5135.0,604.2
5136.0,584.0
5137.0,722.2
5138.0,544.6
5139.0,674.0
5140.0,804.2
5141.0,593.0
5142.0,685.4
5143.0,683.8
5144.0,748.0
5145.0,609.6
5146.0,695.4
5147.0,678.2
5148.0,727.6
5149.0,597.2
5150.0,620.2
5151.0,674.4
5152.0,764.2
5153.0,674.0
5154.0,727.4
5155.0,466.8
5156.0,617.4
5157.0,579.6
5158.0,648.8
5159.0,655.2
5160.0,503.6
5161.0,626.8
5162.0,651.0
5163.0,664.4
5164.0,590.0
5165.0,652.0
5166.0,652.4
5167.0,697.0
5168.0,514.2
5169.0,510.0
5170.0,642.4
5171.0,566.4
5172.0,528.8
5173.0,520.0
5174.0,444.0
5175.0,457.8
5176.0,437.8
5177.0,613.2
5178.0,830.6
5179.0,447.2
5180.0,540.8
5181.0,618.8
5182.0,832.0
5183.0,516.2
5184.0,655.8
5185.0,821.2
5186.0,782.0
5187.0,684.0
5188.0,566.8
5189.0,803.8
5190.0,524.2
5191.0,489.2
5192.0,628.2
5193.0,503.2
5194.0,672.4
5195.0,672.8
5196.0,396.2
5197.0,436.2
5198.0,738.6
5199.0,614.4
5200.0,696.0
5201.0,522.2
5202.0,754.0
5203.0,616.6
5204.0,730.0
5205.0,665.8
5206.0,740.8
5207.0,637.2
5208.0,620.8
5209.0,769.8
5210.0,744.8
5211.0,834.4
5212.0,604.0
5213.0,691.8
5214.0,645.2
5215.0,675.0
5216.0,873.0
5217.0,749.4
5218.0,524.2
5219.0,562.8
5220.0,736.4
5221.0,589.8
5222.0,633.6
5223.0,722.8
5224.0,760.4
5225.0,711.4
5226.0,802.0
5227.0,743.2
5228.0,890.4
5229.0,753.0
5230.0,791.4
5231.0,631.0
5232.0,652.2
5233.0,637.2
5234.0,471.6
5235.0,694.6
5236.0,681.0
5237.0,641.2
5238.0,573.6
5239.0,618.2
5240.0,640.4
5241.0,468.4
5242.0,758.2
5243.0,603.4
5244.0,553.2
5245.0,536.2
5246.0,521.0
5247.0,402.8
5248.0,603.2
5249.0,543.2
5250.0,539.0
5251.0,497.6
5252.0,526.2
5253.0,531.8
5254.0,673.8
5255.0,791.4
5256.0,768.0
5257.0,667.2
5258.0,509.8
5259.0,626.8
5260.0,627.8
5261.0,624.4
5262.0,679.2
5263.0,510.8
5264.0,717.6
5265.0,633.4
5266.0,763.0
5267.0,791.8
5268.0,764.8
5269.0,829.0
5270.0,715.2
5271.0,649.8
5272.0,595.4
5273.0,697.4
5274.0,633.6
5275.0,656.0
5276.0,643.4
5277.0,666.0
5278.0,782.6
5279.0,724.4
5280.0,690.2
5281.0,623.2
5282.0,593.4
5283.0,505.4
5284.0,573.6
5285.0,516.6
5286.0,645.6
5287.0,688.8
5288.0,605.6
5289.0,642.4
5290.0,703.2
5291.0,720.6
5292.0,644.4
5293.0,725.6
5294.0,737.0
5295.0,727.0
5296.0,615.2
5297.0,660.0
5298.0,646.6
5299.0,380.2
5300.0,592.0
5301.0,644.8
5302.0,483.2
5303.0,660.6
5304.0,642.8
5305.0,658.4
5306.0,476.8
5307.0,782.4
5308.0,755.8
5309.0,627.4
5310.0,515.4
5311.0,762.4
5312.0,735.0
5313.0,799.2
5314.0,680.4
5315.0,602.0
5316.0,871.8
5317.0,724.0
5318.0,728.8
5319.0,789.8
5320.0,620.4
5321.0,555.6
5322.0,662.0
5323.0,817.2
5324.0,635.6
5325.0,876.6
5326.0,743.6
5327.0,649.8
5328.0,764.0
5329.0,783.6
5330.0,675.6
5331.0,754.8
5332.0,760.8
5333.0,786.6
5334.0,745.0
5335.0,759.2
5336.0,534.2
5337.0,625.2
5338.0,800.4
5339.0,747.0
5340.0,687.8
5341.0,674.0
5342.0,669.0
5343.0,556.2
5344.0,767.6
5345.0,679.4
5346.0,740.4
5347.0,836.0
5348.0,772.8
5349.0,751.4
5350.0,721.4
5351.0,794.4
5352.0,717.6
5353.0,738.2
5354.0,710.8
5355.0,672.2
5356.0,664.6
5357.0,565.4
5358.0,619.0
5359.0,692.8
5360.0,656.8
5361.0,730.0
5362.0,677.4
5363.0,650.0
5364.0,715.8
5365.0,746.4
5366.0,624.8
5367.0,734.2
5368.0,700.6
5369.0,737.4
5370.0,801.4
5371.0,515.6
5372.0,704.2
5373.0,710.2
5374.0,788.2
5375.0,842.4
5376.0,712.8
5377.0,826.4
5378.0,671.6
5379.0,811.4
5380.0,778.4
5381.0,494.2
5382.0,770.0
5383.0,699.8
5384.0,635.4
5385.0,889.8
5386.0,740.4
5387.0,760.6
5388.0,786.8
5389.0,796.0
5390.0,756.4
5391.0,663.0
5392.0,629.6
5393.0,839.6
5394.0,819.4
5395.0,680.0
5396.0,710.0
5397.0,764.0
5398.0,782.2
5399.0,701.0
5400.0,567.2
5401.0,752.0
5402.0,809.4
5403.0,800.0
5404.0,760.0
5405.0,852.4
5406.0,766.8
5407.0,722.6
5408.0,726.8
5409.0,737.6
5410.0,752.4
5411.0,604.0
5412.0,656.2
5413.0,641.6
5414.0,691.8
5415.0,533.2
5416.0,831.6
5417.0,742.2
5418.0,754.4
5419.0,767.2
5420.0,830.8
5421.0,797.4
5422.0,761.4
5423.0,871.2
5424.0,559.2
5425.0,607.2
5426.0,637.4
5427.0,684.2
5428.0,857.8
5429.0,700.6
5430.0,744.4
5431.0,682.6
5432.0,821.4
5433.0,756.6
5434.0,800.0
5435.0,614.8
5436.0,761.6
5437.0,713.0
5438.0,749.4
5439.0,819.6
5440.0,828.2
5441.0,665.0
5442.0,801.4
5443.0,730.4
5444.0,788.8
5445.0,787.0
5446.0,686.0
5447.0,750.2
5448.0,685.0
5449.0,713.2
5450.0,793.0
5451.0,605.8
5452.0,840.8
5453.0,653.0
5454.0,869.6
5455.0,723.8
5456.0,805.6
5457.0,642.2
5458.0,847.0
5459.0,626.6
5460.0,711.4
5461.0,800.0
5462.0,713.4
5463.0,730.6
5464.0,758.2
5465.0,880.6
5466.0,797.6
5467.0,821.0
5468.0,636.6
5469.0,571.2
5470.0,821.8
5471.0,972.0
5472.0,599.0
5473.0,658.0
5474.0,837.0
5475.0,631.4
5476.0,881.4
5477.0,759.8
5478.0,989.8
5479.0,628.4
5480.0,579.6
5481.0,718.4
5482.0,696.4
5483.0,674.0
5484.0,594.6
5485.0,558.0
5486.0,517.4
5487.0,714.8
5488.0,867.4
5489.0,447.4
5490.0,760.6
5491.0,800.8
5492.0,688.2
5493.0,835.8
5494.0,853.2
5495.0,623.4
5496.0,614.2
5497.0,776.4
5498.0,707.6
5499.0,668.6
5500.0,768.6
5501.0,750.4
5502.0,837.6
5503.0,860.8
5504.0,710.2
5505.0,715.0
5506.0,616.8
5507.0,738.2
5508.0,669.4
5509.0,889.0
5510.0,729.2
5511.0,680.6
5512.0,753.0
5513.0,926.0
5514.0,946.2
5515.0,750.4
5516.0,732.8
5517.0,714.6
5518.0,915.4
5519.0,889.8
5520.0,740.4
5521.0,858.2
5522.0,927.2
5523.0,811.2
5524.0,734.8
5525.0,851.2
5526.0,606.4
5527.0,759.2
5528.0,791.8
5529.0,698.6
5530.0,653.0
5531.0,855.8
5532.0,756.2
5533.0,785.0
5534.0,767.0
5535.0,823.4
5536.0,933.4
5537.0,646.2
5538.0,820.4
5539.0,826.0
5540.0,863.2
5541.0,746.6
5542.0,687.0
5543.0,805.0
5544.0,487.4
5545.0,792.6
5546.0,740.4
5547.0,511.8
5548.0,754.4
5549.0,654.6
5550.0,748.0
5551.0,742.0
5552.0,786.0
5553.0,748.0
5554.0,837.8
5555.0,766.8
5556.0,785.0
5557.0,905.8
5558.0,757.6
5559.0,768.4
5560.0,569.2
5561.0,587.8
5562.0,800.6
5563.0,819.6
5564.0,639.8
5565.0,799.0
5566.0,703.6
5567.0,731.2
5568.0,690.8
5569.0,726.8
5570.0,808.2
5571.0,669.0
5572.0,747.6
5573.0,869.4
5574.0,806.4
5575.0,741.8
5576.0,702.8
5577.0,714.0
5578.0,869.8
5579.0,920.0
5580.0,869.0
5581.0,793.6
5582.0,834.6
5583.0,913.6
5584.0,738.4
5585.0,761.6
5586.0,933.2
5587.0,700.4
5588.0,737.8
5589.0,755.8
5590.0,632.6
5591.0,754.8
5592.0,795.8
5593.0,815.0
5594.0,776.0
5595.0,837.0
5596.0,772.0
5597.0,808.4
5598.0,767.6
5599.0,710.0
5600.0,520.4
5601.0,846.0
5602.0,697.2
5603.0,763.2
5604.0,855.8
5605.0,750.2
5606.0,682.6
5607.0,705.8
5608.0,814.8
5609.0,754.4
5610.0,779.2
5611.0,745.4
5612.0,788.0
5613.0,755.8
5614.0,783.2
5615.0,690.0
5616.0,716.2
5617.0,776.2
5618.0,802.8
5619.0,829.2
5620.0,803.0
5621.0,804.8
5622.0,664.6
5623.0,604.4
5624.0,741.6
5625.0,727.0
5626.0,731.8
5627.0,645.4
5628.0,485.6
5629.0,470.4
5630.0,731.4
5631.0,532.6
5632.0,578.0
5633.0,589.0
5634.0,550.2
5635.0,635.6
5636.0,499.0
5637.0,569.8
5638.0,647.4
5639.0,482.6
5640.0,403.4
5641.0,636.0
5642.0,463.8
5643.0,432.6
5644.0,631.2
5645.0,562.0
5646.0,540.8
5647.0,353.4
5648.0,585.2
5649.0,636.0
5650.0,607.8
5651.0,524.0
5652.0,577.8
5653.0,600.0
5654.0,641.8
5655.0,560.2
5656.0,657.2
5657.0,577.2
5658.0,649.6
5659.0,621.6
5660.0,723.0
5661.0,575.2
5662.0,676.8
5663.0,650.2
5664.0,654.6
5665.0,726.4
5666.0,675.2
5667.0,610.2
5668.0,570.0
5669.0,636.6
5670.0,649.0
5671.0,569.4
5672.0,835.8
5673.0,701.2
5674.0,620.0
5675.0,605.8
5676.0,683.4
5677.0,765.4
5678.0,417.4
5679.0,670.6
5680.0,582.8
5681.0,713.8
5682.0,547.2
5683.0,724.6
5684.0,851.0
5685.0,646.4
5686.0,761.2
5687.0,783.6
5688.0,783.2
5689.0,546.4
5690.0,723.2
5691.0,772.4
5692.0,718.2
5693.0,781.0
5694.0,772.0
5695.0,664.0
5696.0,687.2
5697.0,934.8
5698.0,570.4
5699.0,761.6
5700.0,744.4
5701.0,598.8
5702.0,556.2
5703.0,678.4
5704.0,679.4
5705.0,645.8
5706.0,697.0
5707.0,704.0
5708.0,616.0
5709.0,555.8
5710.0,765.2
5711.0,730.0
5712.0,653.6
5713.0,567.8
5714.0,621.4
5715.0,686.6
5716.0,561.6
5717.0,762.4
5718.0,480.4
5719.0,680.0
5720.0,578.6
5721.0,625.0
5722.0,829.0
5723.0,801.6
5724.0,636.4
5725.0,622.2
5726.0,713.0
5727.0,673.0
5728.0,638.8
5729.0,765.6
5730.0,720.6
5731.0,719.0
5732.0,791.6
5733.0,745.2
5734.0,626.6
5735.0,781.8
5736.0,670.2
5737.0,865.4
5738.0,752.8
5739.0,775.0
5740.0,723.6
5741.0,798.2
5742.0,790.0
5743.0,654.0
5744.0,660.8
5745.0,869.8
5746.0,838.6
5747.0,688.4
5748.0,610.4
5749.0,809.8
5750.0,858.8
5751.0,830.8
5752.0,882.8
5753.0,732.0
5754.0,792.8
5755.0,870.4
5756.0,857.2
5757.0,808.0
5758.0,832.6
5759.0,856.4
5760.0,906.6
5761.0,847.2
5762.0,829.2
5763.0,895.0
5764.0,810.6
5765.0,995.2
5766.0,880.4
5767.0,884.4
5768.0,883.0
5769.0,999.0
5770.0,779.6
5771.0,817.6
5772.0,770.2
5773.0,630.2
5774.0,774.6
5775.0,791.0
5776.0,979.2
5777.0,807.0
5778.0,912.0
5779.0,778.8
5780.0,693.4
5781.0,898.4
5782.0,844.6
5783.0,611.4
5784.0,768.2
5785.0,895.0
5786.0,722.0
5787.0,771.2
5788.0,785.8
5789.0,619.8
5790.0,537.4
5791.0,642.6
5792.0,863.8
5793.0,666.6
5794.0,614.8
5795.0,612.0
5796.0,743.6
5797.0,555.8
5798.0,594.4
5799.0,770.2
5800.0,712.4
5801.0,718.8
5802.0,784.0
5803.0,618.2
5804.0,682.2
5805.0,784.8
5806.0,740.2
5807.0,628.6
5808.0,715.0
5809.0,789.6
5810.0,813.8
5811.0,766.0
5812.0,627.0
5813.0,623.4
5814.0,819.6
5815.0,736.4
5816.0,766.8
5817.0,702.6
5818.0,826.0
5819.0,711.4
5820.0,747.8
5821.0,829.0
5822.0,860.0
5823.0,712.8
5824.0,721.8
5825.0,745.2
5826.0,802.8
5827.0,677.0
5828.0,842.0
5829.0,803.8
5830.0,875.6
5831.0,852.2
5832.0,800.8
5833.0,770.0
5834.0,817.4
5835.0,858.4
5836.0,810.6
5837.0,850.8
5838.0,828.8
5839.0,806.8
5840.0,980.0
5841.0,699.6
5842.0,765.6
5843.0,705.6
5844.0,851.8
5845.0,509.4
5846.0,716.8
5847.0,785.4
5848.0,824.4
5849.0,822.0
5850.0,795.6
5851.0,772.0
5852.0,680.0
5853.0,835.6
5854.0,845.2
5855.0,880.8
5856.0,848.4
5857.0,663.2
5858.0,851.2
5859.0,747.2
5860.0,745.6
5861.0,846.4
5862.0,745.0
5863.0,799.2
5864.0,838.2
5865.0,797.0
5866.0,884.0
5867.0,846.2
5868.0,880.0
5869.0,849.0
5870.0,724.8
5871.0,847.0
5872.0,915.6
5873.0,824.2
5874.0,866.0
5875.0,843.6
5876.0,895.0
5877.0,910.2
5878.0,908.0
5879.0,793.6
5880.0,888.6
5881.0,807.4
5882.0,724.2
5883.0,895.8
5884.0,783.4
5885.0,731.0
5886.0,817.4
5887.0,847.8
5888.0,825.4
5889.0,816.6
5890.0,867.0
5891.0,947.6
5892.0,885.4
5893.0,703.6
5894.0,843.8
5895.0,773.8
5896.0,820.4
5897.0,930.0
5898.0,885.2
5899.0,799.2
5900.0,737.4
5901.0,692.8
5902.0,716.8
5903.0,774.6
5904.0,913.2
5905.0,794.6
5906.0,762.2
5907.0,722.8
5908.0,852.2
5909.0,838.4
5910.0,829.0
5911.0,709.4
5912.0,771.6
5913.0,767.2
5914.0,690.2
5915.0,804.0
5916.0,840.4
5917.0,818.6
5918.0,802.0
5919.0,726.2
5920.0,809.2
5921.0,874.8
5922.0,803.8
5923.0,807.4
5924.0,873.0
5925.0,928.2
5926.0,863.6
5927.0,901.2
5928.0,851.8
5929.0,935.6
5930.0,686.4
5931.0,876.4
5932.0,802.2
5933.0,774.0
5934.0,911.2
5935.0,909.6
5936.0,827.2
5937.0,899.8
5938.0,829.4
5939.0,926.6
5940.0,815.2
5941.0,865.2
5942.0,826.8
5943.0,725.6
5944.0,877.4
5945.0,891.6
5946.0,788.6
5947.0,916.4
5948.0,697.8
5949.0,868.2
5950.0,913.0
5951.0,931.6
5952.0,811.8
5953.0,809.4
5954.0,691.8
5955.0,697.2
5956.0,824.2
5957.0,916.2
5958.0,738.2
5959.0,633.8
5960.0,899.2
5961.0,593.2
5962.0,930.2
5963.0,890.0
5964.0,715.4
5965.0,878.6
5966.0,696.6
5967.0,856.8
5968.0,819.2
5969.0,827.2
5970.0,765.4
5971.0,663.4
5972.0,708.8
5973.0,837.8
5974.0,752.6
5975.0,806.4
5976.0,840.0
5977.0,784.4
5978.0,831.2
5979.0,870.6
5980.0,904.8
5981.0,802.4
5982.0,847.6
5983.0,711.2
5984.0,717.6
5985.0,935.6
5986.0,896.0
5987.0,622.4
5988.0,673.4
5989.0,822.0
5990.0,803.6
5991.0,797.8
5992.0,882.6
5993.0,758.0
5994.0,781.2
5995.0,692.4
5996.0,779.0
5997.0,739.2
5998.0,794.6
5999.0,765.2
6000.0,828.2
