Episode,Agent 1
1.0,7.0
2.0,9.0
3.0,15.0
4.0,9.0
5.0,6.0
6.0,10.0
7.0,11.0
8.0,9.0
9.0,11.0
10.0,5.0
11.0,6.0
12.0,8.0
13.0,14.0
14.0,5.0
15.0,5.0
16.0,31.0
17.0,15.0
18.0,7.0
19.0,6.0
20.0,8.0
21.0,9.0
22.0,7.0
23.0,13.0
24.0,3.0
25.0,7.0
26.0,4.0
27.0,8.0
28.0,8.0
29.0,10.0
30.0,5.0
31.0,5.0
32.0,15.0
33.0,5.0
34.0,4.0
35.0,12.0
36.0,9.0
37.0,5.0
38.0,4.0
39.0,4.0
40.0,12.0
41.0,6.0
42.0,13.0
43.0,6.0
44.0,11.0
45.0,17.0
46.0,8.0
47.0,10.0
48.0,4.0
49.0,14.0
50.0,5.0
51.0,4.0
52.0,27.0
53.0,4.0
54.0,5.0
55.0,12.0
56.0,5.0
57.0,10.0
58.0,4.0
59.0,7.0
60.0,17.0
61.0,5.0
62.0,10.0
63.0,4.0
64.0,4.0
65.0,4.0
66.0,5.0
67.0,6.0
68.0,3.0
69.0,14.0
70.0,5.0
71.0,5.0
72.0,8.0
73.0,11.0
74.0,9.0
75.0,13.0
76.0,19.0
77.0,11.0
78.0,9.0
79.0,5.0
80.0,8.0
81.0,6.0
82.0,7.0
83.0,7.0
84.0,5.0
85.0,3.0
86.0,4.0
87.0,6.0
88.0,11.0
89.0,7.0
90.0,18.0
91.0,17.0
92.0,13.0
93.0,6.0
94.0,8.0
95.0,15.0
96.0,5.0
97.0,15.0
98.0,9.0
99.0,8.0
100.0,9.0
101.0,8.0
102.0,7.0
103.0,8.0
104.0,10.0
105.0,10.0
106.0,14.0
107.0,12.0
108.0,6.0
109.0,4.0
110.0,8.0
111.0,7.0
112.0,16.0
113.0,5.0
114.0,7.0
115.0,6.0
116.0,5.0
117.0,4.0
118.0,3.0
119.0,4.0
120.0,4.0
121.0,3.0
122.0,3.0
123.0,8.0
124.0,4.0
125.0,9.0
126.0,12.0
127.0,2.0
128.0,12.0
129.0,11.0
130.0,8.0
131.0,5.0
132.0,9.0
133.0,16.0
134.0,4.0
135.0,11.0
136.0,3.0
137.0,6.0
138.0,6.0
139.0,9.0
140.0,11.0
141.0,6.0
142.0,5.0
143.0,15.0
144.0,17.0
145.0,5.0
146.0,7.0
147.0,9.0
148.0,13.0
149.0,7.0
150.0,14.0
151.0,14.0
152.0,4.0
153.0,5.0
154.0,5.0
155.0,4.0
156.0,11.0
157.0,5.0
158.0,7.0
159.0,8.0
160.0,4.0
161.0,13.0
162.0,15.0
163.0,5.0
164.0,10.0
165.0,14.0
166.0,6.0
167.0,6.0
168.0,5.0
169.0,18.0
170.0,13.0
171.0,8.0
172.0,11.0
173.0,4.0
174.0,7.0
175.0,4.0
176.0,5.0
177.0,4.0
178.0,9.0
179.0,6.0
180.0,4.0
181.0,18.0
182.0,13.0
183.0,12.0
184.0,7.0
185.0,9.0
186.0,19.0
187.0,6.0
188.0,5.0
189.0,9.0
190.0,7.0
191.0,6.0
192.0,10.0
193.0,6.0
194.0,4.0
195.0,10.0
196.0,9.0
197.0,7.0
198.0,8.0
199.0,6.0
200.0,6.0
201.0,11.0
202.0,6.0
203.0,4.0
204.0,8.0
205.0,7.0
206.0,12.0
207.0,7.0
208.0,5.0
209.0,13.0
210.0,6.0
211.0,17.0
212.0,13.0
213.0,16.0
214.0,19.0
215.0,17.0
216.0,4.0
217.0,6.0
218.0,8.0
219.0,6.0
220.0,12.0
221.0,10.0
222.0,12.0
223.0,11.0
224.0,4.0
225.0,10.0
226.0,11.0
227.0,9.0
228.0,9.0
229.0,8.0
230.0,13.0
231.0,15.0
232.0,7.0
233.0,11.0
234.0,7.0
235.0,9.0
236.0,6.0
237.0,7.0
238.0,5.0
239.0,5.0
240.0,13.0
241.0,18.0
242.0,13.0
243.0,14.0
244.0,8.0
245.0,6.0
246.0,8.0
247.0,6.0
248.0,8.0
249.0,6.0
250.0,9.0
251.0,5.0
252.0,5.0
253.0,16.0
254.0,5.0
255.0,5.0
256.0,5.0
257.0,7.0
258.0,10.0
259.0,12.0
260.0,10.0
261.0,8.0
262.0,7.0
263.0,5.0
264.0,11.0
265.0,6.0
266.0,7.0
267.0,9.0
268.0,5.0
269.0,9.0
270.0,8.0
271.0,12.0
272.0,14.0
273.0,13.0
274.0,4.0
275.0,8.0
276.0,18.0
277.0,11.0
278.0,4.0
279.0,5.0
280.0,4.0
281.0,6.0
282.0,5.0
283.0,21.0
284.0,9.0
285.0,5.0
286.0,17.0
287.0,8.0
288.0,6.0
289.0,4.0
290.0,6.0
291.0,4.0
292.0,6.0
293.0,14.0
294.0,8.0
295.0,4.0
296.0,5.0
297.0,5.0
298.0,10.0
299.0,6.0
300.0,8.0
301.0,6.0
302.0,13.0
303.0,8.0
304.0,4.0
305.0,10.0
306.0,16.0
307.0,8.0
308.0,6.0
309.0,5.0
310.0,9.0
311.0,6.0
312.0,8.0
313.0,3.0
314.0,7.0
315.0,7.0
316.0,23.0
317.0,6.0
318.0,14.0
319.0,4.0
320.0,23.0
321.0,6.0
322.0,8.0
323.0,6.0
324.0,10.0
325.0,15.0
326.0,7.0
327.0,14.0
328.0,5.0
329.0,7.0
330.0,7.0
331.0,5.0
332.0,5.0
333.0,10.0
334.0,6.0
335.0,9.0
336.0,13.0
337.0,11.0
338.0,12.0
339.0,34.0
340.0,7.0
341.0,23.0
342.0,4.0
343.0,9.0
344.0,5.0
345.0,5.0
346.0,5.0
347.0,6.0
348.0,14.0
349.0,14.0
350.0,6.0
351.0,17.0
352.0,9.0
353.0,7.0
354.0,24.0
355.0,17.0
356.0,22.0
357.0,7.0
358.0,6.0
359.0,6.0
360.0,6.0
361.0,12.0
362.0,4.0
363.0,8.0
364.0,5.0
365.0,10.0
366.0,7.0
367.0,5.0
368.0,7.0
369.0,14.0
370.0,7.0
371.0,5.0
372.0,8.0
373.0,6.0
374.0,4.0
375.0,11.0
376.0,10.0
377.0,8.0
378.0,8.0
379.0,5.0
380.0,17.0
381.0,10.0
382.0,8.0
383.0,9.0
384.0,27.0
385.0,10.0
386.0,13.0
387.0,9.0
388.0,7.0
389.0,12.0
390.0,11.0
391.0,4.0
392.0,15.0
393.0,6.0
394.0,11.0
395.0,5.0
396.0,9.0
397.0,5.0
398.0,6.0
399.0,6.0
400.0,4.0
401.0,17.0
402.0,8.0
403.0,19.0
404.0,9.0
405.0,6.0
406.0,7.0
407.0,5.0
408.0,14.0
409.0,11.0
410.0,5.0
411.0,4.0
412.0,5.0
413.0,5.0
414.0,24.0
415.0,5.0
416.0,10.0
417.0,13.0
418.0,6.0
419.0,5.0
420.0,15.0
421.0,4.0
422.0,8.0
423.0,20.0
424.0,17.0
425.0,11.0
426.0,15.0
427.0,22.0
428.0,7.0
429.0,8.0
430.0,8.0
431.0,12.0
432.0,5.0
433.0,11.0
434.0,26.0
435.0,4.0
436.0,32.0
437.0,6.0
438.0,9.0
439.0,13.0
440.0,8.0
441.0,21.0
442.0,7.0
443.0,9.0
444.0,5.0
445.0,6.0
446.0,10.0
447.0,4.0
448.0,15.0
449.0,35.0
450.0,7.0
451.0,38.0
452.0,15.0
453.0,8.0
454.0,5.0
455.0,12.0
456.0,5.0
457.0,10.0
458.0,10.0
459.0,6.0
460.0,13.0
461.0,9.0
462.0,12.0
463.0,21.0
464.0,15.0
465.0,8.0
466.0,14.0
467.0,10.0
468.0,11.0
469.0,5.0
470.0,6.0
471.0,9.0
472.0,10.0
473.0,5.0
474.0,7.0
475.0,8.0
476.0,16.0
477.0,22.0
478.0,18.0
479.0,5.0
480.0,15.0
481.0,9.0
482.0,8.0
483.0,24.0
484.0,17.0
485.0,18.0
486.0,8.0
487.0,7.0
488.0,6.0
489.0,7.0
490.0,10.0
491.0,6.0
492.0,10.0
493.0,11.0
494.0,7.0
495.0,12.0
496.0,10.0
497.0,10.0
498.0,6.0
499.0,10.0
500.0,6.0
501.0,13.0
502.0,6.0
503.0,10.0
504.0,9.0
505.0,16.0
506.0,21.0
507.0,7.0
508.0,12.0
509.0,6.0
510.0,18.0
511.0,3.0
512.0,17.0
513.0,14.0
514.0,14.0
515.0,14.0
516.0,5.0
517.0,22.0
518.0,8.0
519.0,11.0
520.0,14.0
521.0,17.0
522.0,12.0
523.0,6.0
524.0,8.0
525.0,16.0
526.0,10.0
527.0,7.0
528.0,4.0
529.0,3.0
530.0,6.0
531.0,6.0
532.0,14.0
533.0,7.0
534.0,8.0
535.0,31.0
536.0,14.0
537.0,8.0
538.0,17.0
539.0,11.0
540.0,7.0
541.0,17.0
542.0,10.0
543.0,4.0
544.0,11.0
545.0,16.0
546.0,6.0
547.0,5.0
548.0,65.0
549.0,21.0
550.0,13.0
551.0,6.0
552.0,10.0
553.0,5.0
554.0,7.0
555.0,5.0
556.0,7.0
557.0,6.0
558.0,12.0
559.0,25.0
560.0,15.0
561.0,7.0
562.0,10.0
563.0,6.0
564.0,15.0
565.0,4.0
566.0,10.0
567.0,6.0
568.0,33.0
569.0,25.0
570.0,8.0
571.0,10.0
572.0,20.0
573.0,4.0
574.0,37.0
575.0,6.0
576.0,9.0
577.0,9.0
578.0,13.0
579.0,11.0
580.0,26.0
581.0,4.0
582.0,7.0
583.0,7.0
584.0,23.0
585.0,7.0
586.0,5.0
587.0,14.0
588.0,11.0
589.0,8.0
590.0,4.0
591.0,30.0
592.0,33.0
593.0,21.0
594.0,7.0
595.0,10.0
596.0,19.0
597.0,5.0
598.0,6.0
599.0,12.0
600.0,6.0
601.0,4.0
602.0,9.0
603.0,20.0
604.0,8.0
605.0,31.0
606.0,15.0
607.0,9.0
608.0,21.0
609.0,17.0
610.0,8.0
611.0,14.0
612.0,6.0
613.0,16.0
614.0,16.0
615.0,8.0
616.0,22.0
617.0,35.0
618.0,31.0
619.0,6.0
620.0,11.0
621.0,10.0
622.0,6.0
623.0,8.0
624.0,15.0
625.0,5.0
626.0,7.0
627.0,13.0
628.0,23.0
629.0,12.0
630.0,14.0
631.0,13.0
632.0,17.0
633.0,5.0
634.0,7.0
635.0,9.0
636.0,16.0
637.0,23.0
638.0,14.0
639.0,8.0
640.0,21.0
641.0,3.0
642.0,19.0
643.0,8.0
644.0,26.0
645.0,5.0
646.0,11.0
647.0,10.0
648.0,9.0
649.0,32.0
650.0,10.0
651.0,6.0
652.0,14.0
653.0,7.0
654.0,22.0
655.0,19.0
656.0,8.0
657.0,7.0
658.0,5.0
659.0,5.0
660.0,7.0
661.0,26.0
662.0,31.0
663.0,8.0
664.0,4.0
665.0,9.0
666.0,13.0
667.0,12.0
668.0,17.0
669.0,19.0
670.0,16.0
671.0,12.0
672.0,22.0
673.0,22.0
674.0,25.0
675.0,6.0
676.0,11.0
677.0,25.0
678.0,21.0
679.0,11.0
680.0,3.0
681.0,11.0
682.0,15.0
683.0,14.0
684.0,9.0
685.0,11.0
686.0,20.0
687.0,11.0
688.0,8.0
689.0,39.0
690.0,5.0
691.0,22.0
692.0,10.0
693.0,7.0
694.0,23.0
695.0,16.0
696.0,4.0
697.0,8.0
698.0,7.0
699.0,6.0
700.0,12.0
701.0,6.0
702.0,18.0
703.0,5.0
704.0,10.0
705.0,6.0
706.0,10.0
707.0,4.0
708.0,5.0
709.0,47.0
710.0,4.0
711.0,7.0
712.0,12.0
713.0,13.0
714.0,32.0
715.0,7.0
716.0,14.0
717.0,8.0
718.0,22.0
719.0,9.0
720.0,5.0
721.0,6.0
722.0,25.0
723.0,57.0
724.0,8.0
725.0,26.0
726.0,13.0
727.0,28.0
728.0,10.0
729.0,30.0
730.0,6.0
731.0,6.0
732.0,10.0
733.0,21.0
734.0,14.0
735.0,9.0
736.0,11.0
737.0,5.0
738.0,12.0
739.0,8.0
740.0,16.0
741.0,11.0
742.0,11.0
743.0,6.0
744.0,8.0
745.0,11.0
746.0,20.0
747.0,10.0
748.0,19.0
749.0,12.0
750.0,50.0
751.0,10.0
752.0,48.0
753.0,19.0
754.0,15.0
755.0,34.0
756.0,22.0
757.0,19.0
758.0,18.0
759.0,10.0
760.0,19.0
761.0,13.0
762.0,7.0
763.0,16.0
764.0,8.0
765.0,24.0
766.0,8.0
767.0,4.0
768.0,13.0
769.0,7.0
770.0,17.0
771.0,10.0
772.0,10.0
773.0,7.0
774.0,12.0
775.0,30.0
776.0,13.0
777.0,16.0
778.0,17.0
779.0,5.0
780.0,19.0
781.0,11.0
782.0,15.0
783.0,22.0
784.0,6.0
785.0,13.0
786.0,12.0
787.0,13.0
788.0,11.0
789.0,28.0
790.0,15.0
791.0,15.0
792.0,6.0
793.0,7.0
794.0,13.0
795.0,21.0
796.0,19.0
797.0,7.0
798.0,12.0
799.0,7.0
800.0,10.0
801.0,12.0
802.0,11.0
803.0,5.0
804.0,6.0
805.0,21.0
806.0,9.0
807.0,30.0
808.0,5.0
809.0,25.0
810.0,12.0
811.0,8.0
812.0,15.0
813.0,17.0
814.0,8.0
815.0,22.0
816.0,10.0
817.0,13.0
818.0,35.0
819.0,27.0
820.0,20.0
821.0,9.0
822.0,30.0
823.0,11.0
824.0,8.0
825.0,11.0
826.0,7.0
827.0,5.0
828.0,18.0
829.0,9.0
830.0,14.0
831.0,8.0
832.0,10.0
833.0,15.0
834.0,9.0
835.0,23.0
836.0,39.0
837.0,13.0
838.0,8.0
839.0,8.0
840.0,16.0
841.0,19.0
842.0,15.0
843.0,14.0
844.0,8.0
845.0,22.0
846.0,5.0
847.0,26.0
848.0,7.0
849.0,6.0
850.0,22.0
851.0,17.0
852.0,14.0
853.0,7.0
854.0,12.0
855.0,22.0
856.0,6.0
857.0,13.0
858.0,27.0
859.0,14.0
860.0,22.0
861.0,9.0
862.0,26.0
863.0,25.0
864.0,18.0
865.0,14.0
866.0,12.0
867.0,8.0
868.0,24.0
869.0,7.0
870.0,19.0
871.0,4.0
872.0,13.0
873.0,12.0
874.0,28.0
875.0,25.0
876.0,16.0
877.0,8.0
878.0,21.0
879.0,11.0
880.0,28.0
881.0,40.0
882.0,14.0
883.0,11.0
884.0,6.0
885.0,21.0
886.0,8.0
887.0,13.0
888.0,19.0
889.0,11.0
890.0,10.0
891.0,8.0
892.0,12.0
893.0,9.0
894.0,29.0
895.0,8.0
896.0,15.0
897.0,19.0
898.0,13.0
899.0,14.0
900.0,6.0
901.0,6.0
902.0,8.0
903.0,21.0
904.0,11.0
905.0,5.0
906.0,9.0
907.0,10.0
908.0,7.0
909.0,5.0
910.0,12.0
911.0,14.0
912.0,12.0
913.0,32.0
914.0,14.0
915.0,13.0
916.0,10.0
917.0,42.0
918.0,6.0
919.0,27.0
920.0,9.0
921.0,16.0
922.0,11.0
923.0,6.0
924.0,22.0
925.0,9.0
926.0,46.0
927.0,16.0
928.0,27.0
929.0,14.0
930.0,33.0
931.0,31.0
932.0,32.0
933.0,10.0
934.0,23.0
935.0,13.0
936.0,15.0
937.0,16.0
938.0,54.0
939.0,13.0
940.0,33.0
941.0,44.0
942.0,30.0
943.0,31.0
944.0,30.0
945.0,11.0
946.0,13.0
947.0,19.0
948.0,6.0
949.0,7.0
950.0,13.0
951.0,47.0
952.0,20.0
953.0,34.0
954.0,29.0
955.0,5.0
956.0,31.0
957.0,18.0
958.0,22.0
959.0,27.0
960.0,9.0
961.0,20.0
962.0,8.0
963.0,5.0
964.0,13.0
965.0,6.0
966.0,7.0
967.0,8.0
968.0,49.0
969.0,12.0
970.0,9.0
971.0,38.0
972.0,15.0
973.0,9.0
974.0,28.0
975.0,23.0
976.0,9.0
977.0,9.0
978.0,34.0
979.0,19.0
980.0,7.0
981.0,15.0
982.0,10.0
983.0,38.0
984.0,14.0
985.0,17.0
986.0,29.0
987.0,11.0
988.0,7.0
989.0,19.0
990.0,29.0
991.0,11.0
992.0,38.0
993.0,9.0
994.0,19.0
995.0,39.0
996.0,9.0
997.0,23.0
998.0,11.0
999.0,13.0
1000.0,8.0
1001.0,17.0
1002.0,14.0
1003.0,19.0
1004.0,16.0
1005.0,14.0
1006.0,10.0
1007.0,71.0
1008.0,19.0
1009.0,20.0
1010.0,19.0
1011.0,11.0
1012.0,24.0
1013.0,29.0
1014.0,11.0
1015.0,24.0
1016.0,31.0
1017.0,22.0
1018.0,21.0
1019.0,38.0
1020.0,12.0
1021.0,12.0
1022.0,35.0
1023.0,8.0
1024.0,20.0
1025.0,21.0
1026.0,6.0
1027.0,20.0
1028.0,50.0
1029.0,13.0
1030.0,13.0
1031.0,23.0
1032.0,27.0
1033.0,17.0
1034.0,31.0
1035.0,10.0
1036.0,26.0
1037.0,13.0
1038.0,26.0
1039.0,17.0
1040.0,8.0
1041.0,24.0
1042.0,9.0
1043.0,8.0
1044.0,18.0
1045.0,23.0
1046.0,26.0
1047.0,19.0
1048.0,7.0
1049.0,44.0
1050.0,10.0
1051.0,27.0
1052.0,26.0
1053.0,16.0
1054.0,23.0
1055.0,36.0
1056.0,45.0
1057.0,21.0
1058.0,19.0
1059.0,26.0
1060.0,17.0
1061.0,15.0
1062.0,29.0
1063.0,13.0
1064.0,23.0
1065.0,24.0
1066.0,8.0
1067.0,25.0
1068.0,6.0
1069.0,10.0
1070.0,6.0
1071.0,22.0
1072.0,26.0
1073.0,9.0
1074.0,22.0
1075.0,11.0
1076.0,24.0
1077.0,13.0
1078.0,29.0
1079.0,20.0
1080.0,14.0
1081.0,8.0
1082.0,55.0
1083.0,13.0
1084.0,20.0
1085.0,16.0
1086.0,15.0
1087.0,31.0
1088.0,24.0
1089.0,12.0
1090.0,9.0
1091.0,15.0
1092.0,56.0
1093.0,36.0
1094.0,18.0
1095.0,11.0
1096.0,11.0
1097.0,39.0
1098.0,7.0
1099.0,19.0
1100.0,17.0
1101.0,15.0
1102.0,17.0
1103.0,10.0
1104.0,22.0
1105.0,17.0
1106.0,12.0
1107.0,11.0
1108.0,22.0
1109.0,10.0
1110.0,36.0
1111.0,15.0
1112.0,15.0
1113.0,33.0
1114.0,14.0
1115.0,11.0
1116.0,18.0
1117.0,8.0
1118.0,19.0
1119.0,20.0
1120.0,30.0
1121.0,25.0
1122.0,27.0
1123.0,84.0
1124.0,30.0
1125.0,67.0
1126.0,32.0
1127.0,24.0
1128.0,12.0
1129.0,9.0
1130.0,26.0
1131.0,10.0
1132.0,24.0
1133.0,62.0
1134.0,8.0
1135.0,15.0
1136.0,12.0
1137.0,12.0
1138.0,13.0
1139.0,31.0
1140.0,28.0
1141.0,37.0
1142.0,39.0
1143.0,36.0
1144.0,8.0
1145.0,22.0
1146.0,30.0
1147.0,19.0
1148.0,10.0
1149.0,13.0
1150.0,8.0
1151.0,24.0
1152.0,23.0
1153.0,18.0
1154.0,9.0
1155.0,38.0
1156.0,36.0
1157.0,41.0
1158.0,14.0
1159.0,31.0
1160.0,22.0
1161.0,31.0
1162.0,20.0
1163.0,21.0
1164.0,12.0
1165.0,30.0
1166.0,30.0
1167.0,37.0
1168.0,8.0
1169.0,31.0
1170.0,24.0
1171.0,28.0
1172.0,45.0
1173.0,18.0
1174.0,48.0
1175.0,17.0
1176.0,8.0
1177.0,9.0
1178.0,40.0
1179.0,32.0
1180.0,19.0
1181.0,15.0
1182.0,57.0
1183.0,16.0
1184.0,21.0
1185.0,20.0
1186.0,11.0
1187.0,15.0
1188.0,62.0
1189.0,13.0
1190.0,16.0
1191.0,19.0
1192.0,36.0
1193.0,14.0
1194.0,15.0
1195.0,20.0
1196.0,21.0
1197.0,30.0
1198.0,33.0
1199.0,15.0
1200.0,13.0
1201.0,46.0
1202.0,47.0
1203.0,56.0
1204.0,8.0
1205.0,55.0
1206.0,29.0
1207.0,12.0
1208.0,9.0
1209.0,25.0
1210.0,10.0
1211.0,13.0
1212.0,26.0
1213.0,22.0
1214.0,10.0
1215.0,41.0
1216.0,31.0
1217.0,17.0
1218.0,26.0
1219.0,43.0
1220.0,37.0
1221.0,66.0
1222.0,30.0
1223.0,25.0
1224.0,9.0
1225.0,13.0
1226.0,37.0
1227.0,23.0
1228.0,20.0
1229.0,10.0
1230.0,23.0
1231.0,9.0
1232.0,11.0
1233.0,8.0
1234.0,18.0
1235.0,8.0
1236.0,37.0
1237.0,21.0
1238.0,19.0
1239.0,42.0
1240.0,22.0
1241.0,9.0
1242.0,34.0
1243.0,11.0
1244.0,33.0
1245.0,14.0
1246.0,12.0
1247.0,53.0
1248.0,14.0
1249.0,24.0
1250.0,34.0
1251.0,31.0
1252.0,14.0
1253.0,48.0
1254.0,12.0
1255.0,33.0
1256.0,45.0
1257.0,19.0
1258.0,11.0
1259.0,26.0
1260.0,29.0
1261.0,4.0
1262.0,18.0
1263.0,18.0
1264.0,17.0
1265.0,19.0
1266.0,60.0
1267.0,19.0
1268.0,8.0
1269.0,6.0
1270.0,42.0
1271.0,27.0
1272.0,15.0
1273.0,34.0
1274.0,26.0
1275.0,13.0
1276.0,17.0
1277.0,16.0
1278.0,15.0
1279.0,65.0
1280.0,58.0
1281.0,39.0
1282.0,46.0
1283.0,63.0
1284.0,61.0
1285.0,9.0
1286.0,15.0
1287.0,27.0
1288.0,44.0
1289.0,33.0
1290.0,106.0
1291.0,14.0
1292.0,20.0
1293.0,17.0
1294.0,23.0
1295.0,33.0
1296.0,23.0
1297.0,49.0
1298.0,10.0
1299.0,42.0
1300.0,29.0
1301.0,18.0
1302.0,39.0
1303.0,10.0
1304.0,24.0
1305.0,27.0
1306.0,25.0
1307.0,51.0
1308.0,16.0
1309.0,28.0
1310.0,18.0
1311.0,7.0
1312.0,42.0
1313.0,35.0
1314.0,8.0
1315.0,60.0
1316.0,9.0
1317.0,11.0
1318.0,19.0
1319.0,25.0
1320.0,16.0
1321.0,38.0
1322.0,35.0
1323.0,53.0
1324.0,27.0
1325.0,39.0
1326.0,46.0
1327.0,17.0
1328.0,18.0
1329.0,35.0
1330.0,42.0
1331.0,20.0
1332.0,40.0
1333.0,49.0
1334.0,42.0
1335.0,22.0
1336.0,42.0
1337.0,19.0
1338.0,27.0
1339.0,91.0
1340.0,21.0
1341.0,31.0
1342.0,44.0
1343.0,20.0
1344.0,30.0
1345.0,25.0
1346.0,59.0
1347.0,67.0
1348.0,56.0
1349.0,70.0
1350.0,29.0
1351.0,60.0
1352.0,24.0
1353.0,64.0
1354.0,56.0
1355.0,49.0
1356.0,40.0
1357.0,42.0
1358.0,17.0
1359.0,25.0
1360.0,47.0
1361.0,9.0
1362.0,31.0
1363.0,21.0
1364.0,44.0
1365.0,38.0
1366.0,61.0
1367.0,51.0
1368.0,30.0
1369.0,15.0
1370.0,32.0
1371.0,24.0
1372.0,42.0
1373.0,54.0
1374.0,71.0
1375.0,42.0
1376.0,37.0
1377.0,13.0
1378.0,12.0
1379.0,67.0
1380.0,13.0
1381.0,18.0
1382.0,39.0
1383.0,64.0
1384.0,31.0
1385.0,49.0
1386.0,10.0
1387.0,31.0
1388.0,27.0
1389.0,14.0
1390.0,45.0
1391.0,44.0
1392.0,52.0
1393.0,77.0
1394.0,24.0
1395.0,36.0
1396.0,60.0
1397.0,48.0
1398.0,23.0
1399.0,15.0
1400.0,17.0
1401.0,76.0
1402.0,44.0
1403.0,35.0
1404.0,14.0
1405.0,11.0
1406.0,47.0
1407.0,64.0
1408.0,44.0
1409.0,41.0
1410.0,28.0
1411.0,65.0
1412.0,39.0
1413.0,30.0
1414.0,37.0
1415.0,16.0
1416.0,47.0
1417.0,23.0
1418.0,50.0
1419.0,20.0
1420.0,59.0
1421.0,101.0
1422.0,21.0
1423.0,26.0
1424.0,68.0
1425.0,14.0
1426.0,20.0
1427.0,47.0
1428.0,46.0
1429.0,73.0
1430.0,33.0
1431.0,12.0
1432.0,36.0
1433.0,47.0
1434.0,65.0
1435.0,17.0
1436.0,19.0
1437.0,19.0
1438.0,17.0
1439.0,42.0
1440.0,45.0
1441.0,106.0
1442.0,53.0
1443.0,26.0
1444.0,18.0
1445.0,95.0
1446.0,26.0
1447.0,16.0
1448.0,32.0
1449.0,34.0
1450.0,61.0
1451.0,62.0
1452.0,81.0
1453.0,79.0
1454.0,61.0
1455.0,24.0
1456.0,46.0
1457.0,46.0
1458.0,48.0
1459.0,25.0
1460.0,44.0
1461.0,32.0
1462.0,51.0
1463.0,44.0
1464.0,7.0
1465.0,46.0
1466.0,90.0
1467.0,125.0
1468.0,20.0
1469.0,23.0
1470.0,13.0
1471.0,28.0
1472.0,43.0
1473.0,32.0
1474.0,44.0
1475.0,76.0
1476.0,32.0
1477.0,14.0
1478.0,57.0
1479.0,52.0
1480.0,22.0
1481.0,107.0
1482.0,36.0
1483.0,40.0
1484.0,43.0
1485.0,53.0
1486.0,28.0
1487.0,43.0
1488.0,63.0
1489.0,39.0
1490.0,75.0
1491.0,50.0
1492.0,86.0
1493.0,60.0
1494.0,53.0
1495.0,48.0
1496.0,22.0
1497.0,20.0
1498.0,22.0
1499.0,38.0
1500.0,42.0
1501.0,69.0
1502.0,72.0
1503.0,32.0
1504.0,97.0
1505.0,46.0
1506.0,73.0
1507.0,56.0
1508.0,52.0
1509.0,42.0
1510.0,48.0
1511.0,107.0
1512.0,43.0
1513.0,30.0
1514.0,49.0
1515.0,63.0
1516.0,45.0
1517.0,50.0
1518.0,48.0
1519.0,54.0
1520.0,60.0
1521.0,68.0
1522.0,22.0
1523.0,28.0
1524.0,9.0
1525.0,73.0
1526.0,32.0
1527.0,85.0
1528.0,58.0
1529.0,74.0
1530.0,74.0
1531.0,92.0
1532.0,76.0
1533.0,102.0
1534.0,49.0
1535.0,59.0
1536.0,36.0
1537.0,27.0
1538.0,39.0
1539.0,46.0
1540.0,31.0
1541.0,55.0
1542.0,55.0
1543.0,103.0
1544.0,49.0
1545.0,61.0
1546.0,36.0
1547.0,47.0
1548.0,59.0
1549.0,42.0
1550.0,72.0
1551.0,46.0
1552.0,31.0
1553.0,30.0
1554.0,51.0
1555.0,49.0
1556.0,15.0
1557.0,54.0
1558.0,42.0
1559.0,59.0
1560.0,51.0
1561.0,73.0
1562.0,44.0
1563.0,23.0
1564.0,45.0
1565.0,55.0
1566.0,47.0
1567.0,40.0
1568.0,67.0
1569.0,53.0
1570.0,42.0
1571.0,37.0
1572.0,77.0
1573.0,30.0
1574.0,18.0
1575.0,24.0
1576.0,48.0
1577.0,57.0
1578.0,48.0
1579.0,23.0
1580.0,72.0
1581.0,64.0
1582.0,55.0
1583.0,132.0
1584.0,74.0
1585.0,42.0
1586.0,72.0
1587.0,33.0
1588.0,30.0
1589.0,68.0
1590.0,50.0
1591.0,36.0
1592.0,81.0
1593.0,40.0
1594.0,41.0
1595.0,54.0
1596.0,44.0
1597.0,61.0
1598.0,23.0
1599.0,65.0
1600.0,92.0
1601.0,21.0
1602.0,62.0
1603.0,28.0
1604.0,42.0
1605.0,32.0
1606.0,119.0
1607.0,77.0
1608.0,28.0
1609.0,107.0
1610.0,53.0
1611.0,53.0
1612.0,43.0
1613.0,46.0
1614.0,61.0
1615.0,67.0
1616.0,54.0
1617.0,72.0
1618.0,24.0
1619.0,28.0
1620.0,55.0
1621.0,53.0
1622.0,57.0
1623.0,50.0
1624.0,70.0
1625.0,44.0
1626.0,54.0
1627.0,84.0
1628.0,75.0
1629.0,41.0
1630.0,47.0
1631.0,53.0
1632.0,23.0
1633.0,52.0
1634.0,28.0
1635.0,58.0
1636.0,196.0
1637.0,36.0
1638.0,147.0
1639.0,99.0
1640.0,45.0
1641.0,75.0
1642.0,101.0
1643.0,30.0
1644.0,89.0
1645.0,46.0
1646.0,40.0
1647.0,85.0
1648.0,89.0
1649.0,31.0
1650.0,27.0
1651.0,70.0
1652.0,22.0
1653.0,69.0
1654.0,55.0
1655.0,26.0
1656.0,30.0
1657.0,51.0
1658.0,73.0
1659.0,28.0
1660.0,94.0
1661.0,38.0
1662.0,54.0
1663.0,111.0
1664.0,50.0
1665.0,27.0
1666.0,52.0
1667.0,45.0
1668.0,45.0
1669.0,48.0
1670.0,65.0
1671.0,43.0
1672.0,25.0
1673.0,96.0
1674.0,28.0
1675.0,46.0
1676.0,54.0
1677.0,62.0
1678.0,48.0
1679.0,85.0
1680.0,21.0
1681.0,44.0
1682.0,138.0
1683.0,53.0
1684.0,61.0
1685.0,48.0
1686.0,46.0
1687.0,53.0
1688.0,51.0
1689.0,105.0
1690.0,36.0
1691.0,46.0
1692.0,53.0
1693.0,46.0
1694.0,40.0
1695.0,60.0
1696.0,52.0
1697.0,21.0
1698.0,78.0
1699.0,60.0
1700.0,60.0
1701.0,77.0
1702.0,31.0
1703.0,120.0
1704.0,93.0
1705.0,68.0
1706.0,96.0
1707.0,76.0
1708.0,53.0
1709.0,78.0
1710.0,53.0
1711.0,84.0
1712.0,85.0
1713.0,50.0
1714.0,22.0
1715.0,43.0
1716.0,26.0
1717.0,111.0
1718.0,75.0
1719.0,97.0
1720.0,68.0
1721.0,205.0
1722.0,139.0
1723.0,66.0
1724.0,74.0
1725.0,49.0
1726.0,40.0
1727.0,60.0
1728.0,88.0
1729.0,50.0
1730.0,102.0
1731.0,34.0
1732.0,120.0
1733.0,74.0
1734.0,82.0
1735.0,55.0
1736.0,85.0
1737.0,20.0
1738.0,153.0
1739.0,56.0
1740.0,47.0
1741.0,46.0
1742.0,74.0
1743.0,50.0
1744.0,89.0
1745.0,56.0
1746.0,47.0
1747.0,54.0
1748.0,42.0
1749.0,28.0
1750.0,61.0
1751.0,114.0
1752.0,37.0
1753.0,53.0
1754.0,84.0
1755.0,41.0
1756.0,33.0
1757.0,60.0
1758.0,51.0
1759.0,116.0
1760.0,113.0
1761.0,54.0
1762.0,49.0
1763.0,143.0
1764.0,59.0
1765.0,47.0
1766.0,40.0
1767.0,52.0
1768.0,28.0
1769.0,83.0
1770.0,48.0
1771.0,27.0
1772.0,60.0
1773.0,67.0
1774.0,69.0
1775.0,40.0
1776.0,54.0
1777.0,38.0
1778.0,45.0
1779.0,131.0
1780.0,57.0
1781.0,63.0
1782.0,58.0
1783.0,41.0
1784.0,82.0
1785.0,125.0
1786.0,53.0
1787.0,42.0
1788.0,41.0
1789.0,81.0
1790.0,91.0
1791.0,40.0
1792.0,38.0
1793.0,50.0
1794.0,46.0
1795.0,96.0
1796.0,26.0
1797.0,53.0
1798.0,50.0
1799.0,62.0
1800.0,107.0
1801.0,52.0
1802.0,38.0
1803.0,99.0
1804.0,44.0
1805.0,50.0
1806.0,51.0
1807.0,62.0
1808.0,52.0
1809.0,85.0
1810.0,66.0
1811.0,104.0
1812.0,48.0
1813.0,89.0
1814.0,45.0
1815.0,41.0
1816.0,76.0
1817.0,79.0
1818.0,73.0
1819.0,108.0
1820.0,67.0
1821.0,133.0
1822.0,77.0
1823.0,65.0
1824.0,47.0
1825.0,60.0
1826.0,78.0
1827.0,54.0
1828.0,39.0
1829.0,101.0
1830.0,34.0
1831.0,65.0
1832.0,53.0
1833.0,90.0
1834.0,230.0
1835.0,62.0
1836.0,34.0
1837.0,82.0
1838.0,53.0
1839.0,22.0
1840.0,109.0
1841.0,71.0
1842.0,37.0
1843.0,48.0
1844.0,90.0
1845.0,43.0
1846.0,42.0
1847.0,52.0
1848.0,105.0
1849.0,24.0
1850.0,77.0
1851.0,130.0
1852.0,59.0
1853.0,69.0
1854.0,55.0
1855.0,56.0
1856.0,103.0
1857.0,86.0
1858.0,72.0
1859.0,63.0
1860.0,62.0
1861.0,38.0
1862.0,89.0
1863.0,53.0
1864.0,53.0
1865.0,68.0
1866.0,59.0
1867.0,46.0
1868.0,30.0
1869.0,44.0
1870.0,43.0
1871.0,85.0
1872.0,198.0
1873.0,111.0
1874.0,78.0
1875.0,46.0
1876.0,159.0
1877.0,51.0
1878.0,72.0
1879.0,54.0
1880.0,78.0
1881.0,80.0
1882.0,100.0
1883.0,57.0
1884.0,110.0
1885.0,47.0
1886.0,61.0
1887.0,55.0
1888.0,59.0
1889.0,79.0
1890.0,51.0
1891.0,47.0
1892.0,46.0
1893.0,95.0
1894.0,38.0
1895.0,98.0
1896.0,92.0
1897.0,77.0
1898.0,43.0
1899.0,49.0
1900.0,47.0
1901.0,54.0
1902.0,57.0
1903.0,49.0
1904.0,53.0
1905.0,61.0
1906.0,49.0
1907.0,137.0
1908.0,79.0
1909.0,51.0
1910.0,99.0
1911.0,42.0
1912.0,71.0
1913.0,115.0
1914.0,114.0
1915.0,42.0
1916.0,95.0
1917.0,117.0
1918.0,71.0
1919.0,95.0
1920.0,44.0
1921.0,21.0
1922.0,88.0
1923.0,49.0
1924.0,63.0
1925.0,90.0
1926.0,97.0
1927.0,67.0
1928.0,86.0
1929.0,58.0
1930.0,54.0
1931.0,49.0
1932.0,65.0
1933.0,42.0
1934.0,127.0
1935.0,100.0
1936.0,32.0
1937.0,66.0
1938.0,57.0
1939.0,39.0
1940.0,72.0
1941.0,141.0
1942.0,108.0
1943.0,18.0
1944.0,99.0
1945.0,115.0
1946.0,41.0
1947.0,60.0
1948.0,78.0
1949.0,33.0
1950.0,46.0
1951.0,69.0
1952.0,79.0
1953.0,143.0
1954.0,85.0
1955.0,117.0
1956.0,66.0
1957.0,80.0
1958.0,120.0
1959.0,106.0
1960.0,60.0
1961.0,110.0
1962.0,65.0
1963.0,49.0
1964.0,99.0
1965.0,45.0
1966.0,73.0
1967.0,92.0
1968.0,43.0
1969.0,62.0
1970.0,105.0
1971.0,107.0
1972.0,85.0
1973.0,53.0
1974.0,265.0
1975.0,86.0
1976.0,82.0
1977.0,136.0
1978.0,47.0
1979.0,45.0
1980.0,107.0
1981.0,164.0
1982.0,80.0
1983.0,92.0
1984.0,117.0
1985.0,143.0
1986.0,31.0
1987.0,75.0
1988.0,97.0
1989.0,78.0
1990.0,61.0
1991.0,52.0
1992.0,60.0
1993.0,100.0
1994.0,167.0
1995.0,69.0
1996.0,61.0
1997.0,105.0
1998.0,91.0
1999.0,117.0
2000.0,57.0
2001.0,44.0
2002.0,91.0
2003.0,92.0
2004.0,116.0
2005.0,52.0
2006.0,102.0
2007.0,57.0
2008.0,82.0
2009.0,48.0
2010.0,89.0
2011.0,112.0
2012.0,44.0
2013.0,49.0
2014.0,70.0
2015.0,59.0
2016.0,77.0
2017.0,86.0
2018.0,96.0
2019.0,76.0
2020.0,30.0
2021.0,50.0
2022.0,68.0
2023.0,77.0
2024.0,109.0
2025.0,38.0
2026.0,278.0
2027.0,152.0
2028.0,144.0
2029.0,94.0
2030.0,132.0
2031.0,36.0
2032.0,62.0
2033.0,76.0
2034.0,193.0
2035.0,112.0
2036.0,60.0
2037.0,67.0
2038.0,52.0
2039.0,45.0
2040.0,111.0
2041.0,65.0
2042.0,53.0
2043.0,33.0
2044.0,107.0
2045.0,39.0
2046.0,45.0
2047.0,177.0
2048.0,128.0
2049.0,102.0
2050.0,27.0
2051.0,42.0
2052.0,55.0
2053.0,51.0
2054.0,86.0
2055.0,48.0
2056.0,42.0
2057.0,52.0
2058.0,117.0
2059.0,66.0
2060.0,67.0
2061.0,103.0
2062.0,43.0
2063.0,52.0
2064.0,105.0
2065.0,66.0
2066.0,62.0
2067.0,41.0
2068.0,132.0
2069.0,60.0
2070.0,86.0
2071.0,45.0
2072.0,136.0
2073.0,133.0
2074.0,51.0
2075.0,90.0
2076.0,150.0
2077.0,64.0
2078.0,70.0
2079.0,50.0
2080.0,130.0
2081.0,97.0
2082.0,108.0
2083.0,46.0
2084.0,108.0
2085.0,125.0
2086.0,115.0
2087.0,144.0
2088.0,129.0
2089.0,64.0
2090.0,56.0
2091.0,167.0
2092.0,45.0
2093.0,77.0
2094.0,56.0
2095.0,51.0
2096.0,79.0
2097.0,137.0
2098.0,108.0
2099.0,82.0
2100.0,167.0
2101.0,120.0
2102.0,128.0
2103.0,91.0
2104.0,55.0
2105.0,88.0
2106.0,50.0
2107.0,75.0
2108.0,104.0
2109.0,29.0
2110.0,65.0
2111.0,149.0
2112.0,65.0
2113.0,150.0
2114.0,133.0
2115.0,104.0
2116.0,52.0
2117.0,80.0
2118.0,48.0
2119.0,94.0
2120.0,157.0
2121.0,93.0
2122.0,77.0
2123.0,64.0
2124.0,114.0
2125.0,117.0
2126.0,117.0
2127.0,118.0
2128.0,141.0
2129.0,194.0
2130.0,38.0
2131.0,74.0
2132.0,114.0
2133.0,243.0
2134.0,83.0
2135.0,162.0
2136.0,160.0
2137.0,167.0
2138.0,140.0
2139.0,101.0
2140.0,33.0
2141.0,132.0
2142.0,55.0
2143.0,45.0
2144.0,48.0
2145.0,75.0
2146.0,149.0
2147.0,178.0
2148.0,48.0
2149.0,82.0
2150.0,25.0
2151.0,36.0
2152.0,76.0
2153.0,67.0
2154.0,86.0
2155.0,42.0
2156.0,80.0
2157.0,80.0
2158.0,152.0
2159.0,75.0
2160.0,105.0
2161.0,55.0
2162.0,58.0
2163.0,209.0
2164.0,84.0
2165.0,58.0
2166.0,118.0
2167.0,106.0
2168.0,59.0
2169.0,152.0
2170.0,56.0
2171.0,75.0
2172.0,47.0
2173.0,79.0
2174.0,162.0
2175.0,107.0
2176.0,88.0
2177.0,88.0
2178.0,139.0
2179.0,74.0
2180.0,95.0
2181.0,120.0
2182.0,88.0
2183.0,89.0
2184.0,35.0
2185.0,83.0
2186.0,86.0
2187.0,84.0
2188.0,162.0
2189.0,89.0
2190.0,130.0
2191.0,68.0
2192.0,77.0
2193.0,91.0
2194.0,92.0
2195.0,85.0
2196.0,117.0
2197.0,39.0
2198.0,90.0
2199.0,122.0
2200.0,99.0
2201.0,138.0
2202.0,117.0
2203.0,89.0
2204.0,43.0
2205.0,102.0
2206.0,84.0
2207.0,118.0
2208.0,44.0
2209.0,92.0
2210.0,94.0
2211.0,61.0
2212.0,54.0
2213.0,123.0
2214.0,178.0
2215.0,165.0
2216.0,119.0
2217.0,127.0
2218.0,190.0
2219.0,63.0
2220.0,155.0
2221.0,122.0
2222.0,81.0
2223.0,67.0
2224.0,166.0
2225.0,101.0
2226.0,155.0
2227.0,128.0
2228.0,120.0
2229.0,77.0
2230.0,68.0
2231.0,102.0
2232.0,59.0
2233.0,86.0
2234.0,41.0
2235.0,153.0
2236.0,60.0
2237.0,85.0
2238.0,51.0
2239.0,41.0
2240.0,152.0
2241.0,81.0
2242.0,72.0
2243.0,204.0
2244.0,192.0
2245.0,109.0
2246.0,109.0
2247.0,80.0
2248.0,126.0
2249.0,43.0
2250.0,80.0
2251.0,104.0
2252.0,129.0
2253.0,99.0
2254.0,126.0
2255.0,45.0
2256.0,88.0
2257.0,182.0
2258.0,126.0
2259.0,97.0
2260.0,84.0
2261.0,47.0
2262.0,223.0
2263.0,49.0
2264.0,144.0
2265.0,106.0
2266.0,50.0
2267.0,125.0
2268.0,206.0
2269.0,83.0
2270.0,112.0
2271.0,54.0
2272.0,62.0
2273.0,81.0
2274.0,53.0
2275.0,138.0
2276.0,39.0
2277.0,87.0
2278.0,130.0
2279.0,158.0
2280.0,49.0
2281.0,138.0
2282.0,98.0
2283.0,84.0
2284.0,39.0
2285.0,110.0
2286.0,56.0
2287.0,82.0
2288.0,54.0
2289.0,85.0
2290.0,69.0
2291.0,46.0
2292.0,72.0
2293.0,170.0
2294.0,62.0
2295.0,153.0
2296.0,104.0
2297.0,96.0
2298.0,121.0
2299.0,57.0
2300.0,143.0
2301.0,77.0
2302.0,120.0
2303.0,158.0
2304.0,35.0
2305.0,82.0
2306.0,68.0
2307.0,115.0
2308.0,95.0
2309.0,71.0
2310.0,93.0
2311.0,84.0
2312.0,56.0
2313.0,71.0
2314.0,174.0
2315.0,85.0
2316.0,305.0
2317.0,119.0
2318.0,88.0
2319.0,119.0
2320.0,66.0
2321.0,157.0
2322.0,164.0
2323.0,55.0
2324.0,47.0
2325.0,199.0
2326.0,62.0
2327.0,60.0
2328.0,88.0
2329.0,42.0
2330.0,120.0
2331.0,119.0
2332.0,88.0
2333.0,154.0
2334.0,120.0
2335.0,132.0
2336.0,103.0
2337.0,54.0
2338.0,48.0
2339.0,129.0
2340.0,180.0
2341.0,95.0
2342.0,118.0
2343.0,46.0
2344.0,110.0
2345.0,109.0
2346.0,89.0
2347.0,213.0
2348.0,273.0
2349.0,49.0
2350.0,64.0
2351.0,20.0
2352.0,70.0
2353.0,66.0
2354.0,43.0
2355.0,170.0
2356.0,75.0
2357.0,78.0
2358.0,100.0
2359.0,83.0
2360.0,75.0
2361.0,160.0
2362.0,140.0
2363.0,43.0
2364.0,63.0
2365.0,175.0
2366.0,96.0
2367.0,215.0
2368.0,116.0
2369.0,136.0
2370.0,132.0
2371.0,69.0
2372.0,142.0
2373.0,99.0
2374.0,112.0
2375.0,120.0
2376.0,123.0
2377.0,104.0
2378.0,82.0
2379.0,71.0
2380.0,57.0
2381.0,45.0
2382.0,85.0
2383.0,71.0
2384.0,140.0
2385.0,98.0
2386.0,97.0
2387.0,46.0
2388.0,98.0
2389.0,248.0
2390.0,153.0
2391.0,95.0
2392.0,22.0
2393.0,152.0
2394.0,87.0
2395.0,89.0
2396.0,138.0
2397.0,155.0
2398.0,72.0
2399.0,207.0
2400.0,136.0
2401.0,162.0
2402.0,77.0
2403.0,72.0
2404.0,131.0
2405.0,101.0
2406.0,61.0
2407.0,46.0
2408.0,98.0
2409.0,79.0
2410.0,84.0
2411.0,91.0
2412.0,116.0
2413.0,124.0
2414.0,99.0
2415.0,81.0
2416.0,101.0
2417.0,105.0
2418.0,105.0
2419.0,50.0
2420.0,81.0
2421.0,83.0
2422.0,147.0
2423.0,77.0
2424.0,81.0
2425.0,236.0
2426.0,62.0
2427.0,80.0
2428.0,125.0
2429.0,72.0
2430.0,98.0
2431.0,90.0
2432.0,120.0
2433.0,93.0
2434.0,63.0
2435.0,117.0
2436.0,159.0
2437.0,134.0
2438.0,96.0
2439.0,133.0
2440.0,39.0
2441.0,157.0
2442.0,140.0
2443.0,53.0
2444.0,48.0
2445.0,170.0
2446.0,56.0
2447.0,168.0
2448.0,73.0
2449.0,72.0
2450.0,216.0
2451.0,51.0
2452.0,70.0
2453.0,45.0
2454.0,74.0
2455.0,116.0
2456.0,88.0
2457.0,153.0
2458.0,53.0
2459.0,111.0
2460.0,112.0
2461.0,120.0
2462.0,67.0
2463.0,181.0
2464.0,120.0
2465.0,110.0
2466.0,151.0
2467.0,70.0
2468.0,186.0
2469.0,118.0
2470.0,46.0
2471.0,98.0
2472.0,78.0
2473.0,86.0
2474.0,168.0
2475.0,51.0
2476.0,57.0
2477.0,113.0
2478.0,90.0
2479.0,90.0
2480.0,124.0
2481.0,138.0
2482.0,98.0
2483.0,66.0
2484.0,87.0
2485.0,60.0
2486.0,121.0
2487.0,95.0
2488.0,117.0
2489.0,80.0
2490.0,142.0
2491.0,126.0
2492.0,113.0
2493.0,82.0
2494.0,131.0
2495.0,129.0
2496.0,63.0
2497.0,121.0
2498.0,78.0
2499.0,57.0
2500.0,147.0
2501.0,58.0
2502.0,64.0
2503.0,115.0
2504.0,146.0
2505.0,54.0
2506.0,139.0
2507.0,212.0
2508.0,147.0
2509.0,98.0
2510.0,85.0
2511.0,216.0
2512.0,176.0
2513.0,66.0
2514.0,53.0
2515.0,78.0
2516.0,146.0
2517.0,57.0
2518.0,80.0
2519.0,145.0
2520.0,61.0
2521.0,197.0
2522.0,82.0
2523.0,168.0
2524.0,158.0
2525.0,179.0
2526.0,198.0
2527.0,250.0
2528.0,175.0
2529.0,110.0
2530.0,320.0
2531.0,123.0
2532.0,82.0
2533.0,75.0
2534.0,52.0
2535.0,89.0
2536.0,124.0
2537.0,145.0
2538.0,102.0
2539.0,64.0
2540.0,116.0
2541.0,64.0
2542.0,41.0
2543.0,223.0
2544.0,129.0
2545.0,180.0
2546.0,74.0
2547.0,140.0
2548.0,62.0
2549.0,80.0
2550.0,51.0
2551.0,149.0
2552.0,51.0
2553.0,102.0
2554.0,109.0
2555.0,66.0
2556.0,87.0
2557.0,153.0
2558.0,97.0
2559.0,48.0
2560.0,143.0
2561.0,134.0
2562.0,148.0
2563.0,128.0
2564.0,83.0
2565.0,236.0
2566.0,158.0
2567.0,53.0
2568.0,143.0
2569.0,54.0
2570.0,128.0
2571.0,159.0
2572.0,98.0
2573.0,126.0
2574.0,120.0
2575.0,92.0
2576.0,104.0
2577.0,142.0
2578.0,143.0
2579.0,79.0
2580.0,103.0
2581.0,175.0
2582.0,134.0
2583.0,125.0
2584.0,146.0
2585.0,124.0
2586.0,197.0
2587.0,90.0
2588.0,146.0
2589.0,158.0
2590.0,175.0
2591.0,248.0
2592.0,43.0
2593.0,87.0
2594.0,222.0
2595.0,91.0
2596.0,73.0
2597.0,98.0
2598.0,132.0
2599.0,199.0
2600.0,113.0
2601.0,195.0
2602.0,108.0
2603.0,34.0
2604.0,216.0
2605.0,179.0
2606.0,73.0
2607.0,144.0
2608.0,179.0
2609.0,38.0
2610.0,101.0
2611.0,104.0
2612.0,48.0
2613.0,48.0
2614.0,43.0
2615.0,117.0
2616.0,143.0
2617.0,109.0
2618.0,150.0
2619.0,108.0
2620.0,78.0
2621.0,154.0
2622.0,217.0
2623.0,167.0
2624.0,128.0
2625.0,52.0
2626.0,119.0
2627.0,117.0
2628.0,196.0
2629.0,42.0
2630.0,150.0
2631.0,127.0
2632.0,61.0
2633.0,162.0
2634.0,150.0
2635.0,111.0
2636.0,208.0
2637.0,45.0
2638.0,64.0
2639.0,111.0
2640.0,180.0
2641.0,64.0
2642.0,115.0
2643.0,126.0
2644.0,76.0
2645.0,385.0
2646.0,89.0
2647.0,93.0
2648.0,54.0
2649.0,42.0
2650.0,111.0
2651.0,119.0
2652.0,165.0
2653.0,205.0
2654.0,60.0
2655.0,104.0
2656.0,104.0
2657.0,102.0
2658.0,326.0
2659.0,90.0
2660.0,156.0
2661.0,57.0
2662.0,156.0
2663.0,96.0
2664.0,114.0
2665.0,110.0
2666.0,116.0
2667.0,83.0
2668.0,102.0
2669.0,320.0
2670.0,85.0
2671.0,282.0
2672.0,117.0
2673.0,123.0
2674.0,81.0
2675.0,236.0
2676.0,269.0
2677.0,81.0
2678.0,151.0
2679.0,207.0
2680.0,63.0
2681.0,105.0
2682.0,120.0
2683.0,277.0
2684.0,93.0
2685.0,122.0
2686.0,379.0
2687.0,49.0
2688.0,56.0
2689.0,151.0
2690.0,78.0
2691.0,52.0
2692.0,202.0
2693.0,103.0
2694.0,54.0
2695.0,199.0
2696.0,100.0
2697.0,75.0
2698.0,221.0
2699.0,109.0
2700.0,189.0
2701.0,167.0
2702.0,115.0
2703.0,95.0
2704.0,145.0
2705.0,151.0
2706.0,77.0
2707.0,134.0
2708.0,147.0
2709.0,125.0
2710.0,30.0
2711.0,129.0
2712.0,76.0
2713.0,121.0
2714.0,107.0
2715.0,238.0
2716.0,99.0
2717.0,66.0
2718.0,140.0
2719.0,170.0
2720.0,150.0
2721.0,246.0
2722.0,45.0
2723.0,128.0
2724.0,56.0
2725.0,192.0
2726.0,72.0
2727.0,95.0
2728.0,72.0
2729.0,154.0
2730.0,159.0
2731.0,258.0
2732.0,151.0
2733.0,97.0
2734.0,118.0
2735.0,334.0
2736.0,318.0
2737.0,204.0
2738.0,257.0
2739.0,153.0
2740.0,54.0
2741.0,145.0
2742.0,135.0
2743.0,87.0
2744.0,66.0
2745.0,125.0
2746.0,158.0
2747.0,199.0
2748.0,147.0
2749.0,70.0
2750.0,222.0
2751.0,219.0
2752.0,63.0
2753.0,146.0
2754.0,136.0
2755.0,309.0
2756.0,124.0
2757.0,232.0
2758.0,129.0
2759.0,88.0
2760.0,127.0
2761.0,252.0
2762.0,84.0
2763.0,116.0
2764.0,114.0
2765.0,171.0
2766.0,192.0
2767.0,136.0
2768.0,103.0
2769.0,175.0
2770.0,136.0
2771.0,212.0
2772.0,94.0
2773.0,99.0
2774.0,127.0
2775.0,189.0
2776.0,162.0
2777.0,120.0
2778.0,211.0
2779.0,133.0
2780.0,55.0
2781.0,100.0
2782.0,165.0
2783.0,75.0
2784.0,131.0
2785.0,133.0
2786.0,185.0
2787.0,333.0
2788.0,136.0
2789.0,97.0
2790.0,132.0
2791.0,109.0
2792.0,162.0
2793.0,198.0
2794.0,171.0
2795.0,126.0
2796.0,152.0
2797.0,86.0
2798.0,180.0
2799.0,248.0
2800.0,257.0
2801.0,292.0
2802.0,269.0
2803.0,204.0
2804.0,188.0
2805.0,112.0
2806.0,100.0
2807.0,102.0
2808.0,117.0
2809.0,107.0
2810.0,120.0
2811.0,71.0
2812.0,117.0
2813.0,424.0
2814.0,143.0
2815.0,214.0
2816.0,119.0
2817.0,112.0
2818.0,113.0
2819.0,157.0
2820.0,147.0
2821.0,182.0
2822.0,125.0
2823.0,283.0
2824.0,104.0
2825.0,126.0
2826.0,281.0
2827.0,103.0
2828.0,183.0
2829.0,137.0
2830.0,94.0
2831.0,103.0
2832.0,135.0
2833.0,126.0
2834.0,215.0
2835.0,89.0
2836.0,92.0
2837.0,192.0
2838.0,120.0
2839.0,161.0
2840.0,136.0
2841.0,387.0
2842.0,141.0
2843.0,131.0
2844.0,263.0
2845.0,191.0
2846.0,158.0
2847.0,122.0
2848.0,66.0
2849.0,147.0
2850.0,149.0
2851.0,129.0
2852.0,149.0
2853.0,131.0
2854.0,57.0
2855.0,214.0
2856.0,127.0
2857.0,89.0
2858.0,127.0
2859.0,175.0
2860.0,86.0
2861.0,95.0
2862.0,134.0
2863.0,131.0
2864.0,213.0
2865.0,71.0
2866.0,187.0
2867.0,219.0
2868.0,116.0
2869.0,194.0
2870.0,267.0
2871.0,79.0
2872.0,310.0
2873.0,118.0
2874.0,125.0
2875.0,255.0
2876.0,329.0
2877.0,88.0
2878.0,245.0
2879.0,68.0
2880.0,149.0
2881.0,73.0
2882.0,158.0
2883.0,99.0
2884.0,276.0
2885.0,98.0
2886.0,178.0
2887.0,162.0
2888.0,198.0
2889.0,121.0
2890.0,135.0
2891.0,121.0
2892.0,230.0
2893.0,70.0
2894.0,150.0
2895.0,283.0
2896.0,115.0
2897.0,129.0
2898.0,224.0
2899.0,81.0
2900.0,227.0
2901.0,270.0
2902.0,168.0
2903.0,176.0
2904.0,205.0
2905.0,175.0
2906.0,124.0
2907.0,191.0
2908.0,127.0
2909.0,67.0
2910.0,225.0
2911.0,130.0
2912.0,91.0
2913.0,200.0
2914.0,176.0
2915.0,95.0
2916.0,127.0
2917.0,68.0
2918.0,103.0
2919.0,365.0
2920.0,231.0
2921.0,204.0
2922.0,178.0
2923.0,234.0
2924.0,121.0
2925.0,107.0
2926.0,141.0
2927.0,167.0
2928.0,179.0
2929.0,150.0
2930.0,243.0
2931.0,157.0
2932.0,70.0
2933.0,108.0
2934.0,440.0
2935.0,123.0
2936.0,127.0
2937.0,132.0
2938.0,193.0
2939.0,140.0
2940.0,105.0
2941.0,142.0
2942.0,132.0
2943.0,158.0
2944.0,122.0
2945.0,221.0
2946.0,151.0
2947.0,67.0
2948.0,180.0
2949.0,98.0
2950.0,201.0
2951.0,350.0
2952.0,162.0
2953.0,184.0
2954.0,86.0
2955.0,132.0
2956.0,87.0
2957.0,72.0
2958.0,125.0
2959.0,139.0
2960.0,229.0
2961.0,119.0
2962.0,311.0
2963.0,65.0
2964.0,137.0
2965.0,162.0
2966.0,164.0
2967.0,126.0
2968.0,119.0
2969.0,137.0
2970.0,151.0
2971.0,94.0
2972.0,61.0
2973.0,191.0
2974.0,88.0
2975.0,166.0
2976.0,136.0
2977.0,66.0
2978.0,184.0
2979.0,248.0
2980.0,73.0
2981.0,246.0
2982.0,114.0
2983.0,90.0
2984.0,101.0
2985.0,266.0
2986.0,160.0
2987.0,143.0
2988.0,115.0
2989.0,138.0
2990.0,208.0
2991.0,186.0
2992.0,300.0
2993.0,147.0
2994.0,142.0
2995.0,124.0
2996.0,260.0
2997.0,105.0
2998.0,127.0
2999.0,137.0
3000.0,116.0
3001.0,193.0
3002.0,157.0
3003.0,126.0
3004.0,231.0
3005.0,114.0
3006.0,210.0
3007.0,134.0
3008.0,56.0
3009.0,61.0
3010.0,169.0
3011.0,170.0
3012.0,128.0
3013.0,176.0
3014.0,131.0
3015.0,210.0
3016.0,148.0
3017.0,144.0
3018.0,154.0
3019.0,232.0
3020.0,286.0
3021.0,295.0
3022.0,355.0
3023.0,82.0
3024.0,111.0
3025.0,199.0
3026.0,153.0
3027.0,193.0
3028.0,140.0
3029.0,98.0
3030.0,128.0
3031.0,213.0
3032.0,372.0
3033.0,101.0
3034.0,231.0
3035.0,175.0
3036.0,306.0
3037.0,97.0
3038.0,92.0
3039.0,95.0
3040.0,112.0
3041.0,195.0
3042.0,42.0
3043.0,106.0
3044.0,143.0
3045.0,239.0
3046.0,129.0
3047.0,94.0
3048.0,59.0
3049.0,233.0
3050.0,246.0
3051.0,283.0
3052.0,338.0
3053.0,114.0
3054.0,270.0
3055.0,169.0
3056.0,325.0
3057.0,151.0
3058.0,68.0
3059.0,138.0
3060.0,252.0
3061.0,107.0
3062.0,335.0
3063.0,49.0
3064.0,247.0
3065.0,147.0
3066.0,82.0
3067.0,183.0
3068.0,206.0
3069.0,446.0
3070.0,224.0
3071.0,182.0
3072.0,266.0
3073.0,273.0
3074.0,127.0
3075.0,177.0
3076.0,168.0
3077.0,164.0
3078.0,203.0
3079.0,234.0
3080.0,128.0
3081.0,169.0
3082.0,141.0
3083.0,136.0
3084.0,145.0
3085.0,137.0
3086.0,213.0
3087.0,106.0
3088.0,152.0
3089.0,77.0
3090.0,136.0
3091.0,90.0
3092.0,244.0
3093.0,138.0
3094.0,214.0
3095.0,65.0
3096.0,82.0
3097.0,207.0
3098.0,71.0
3099.0,194.0
3100.0,145.0
3101.0,152.0
3102.0,276.0
3103.0,94.0
3104.0,216.0
3105.0,113.0
3106.0,131.0
3107.0,244.0
3108.0,143.0
3109.0,244.0
3110.0,191.0
3111.0,96.0
3112.0,162.0
3113.0,255.0
3114.0,198.0
3115.0,155.0
3116.0,250.0
3117.0,294.0
3118.0,152.0
3119.0,133.0
3120.0,162.0
3121.0,117.0
3122.0,247.0
3123.0,158.0
3124.0,160.0
3125.0,100.0
3126.0,298.0
3127.0,149.0
3128.0,136.0
3129.0,118.0
3130.0,156.0
3131.0,179.0
3132.0,202.0
3133.0,184.0
3134.0,233.0
3135.0,210.0
3136.0,251.0
3137.0,128.0
3138.0,64.0
3139.0,322.0
3140.0,170.0
3141.0,179.0
3142.0,150.0
3143.0,176.0
3144.0,212.0
3145.0,192.0
3146.0,138.0
3147.0,178.0
3148.0,178.0
3149.0,136.0
3150.0,128.0
3151.0,155.0
3152.0,166.0
3153.0,160.0
3154.0,194.0
3155.0,57.0
3156.0,144.0
3157.0,138.0
3158.0,316.0
3159.0,145.0
3160.0,405.0
3161.0,95.0
3162.0,77.0
3163.0,227.0
3164.0,264.0
3165.0,381.0
3166.0,97.0
3167.0,163.0
3168.0,126.0
3169.0,118.0
3170.0,283.0
3171.0,77.0
3172.0,98.0
3173.0,319.0
3174.0,85.0
3175.0,84.0
3176.0,225.0
3177.0,197.0
3178.0,91.0
3179.0,312.0
3180.0,124.0
3181.0,119.0
3182.0,166.0
3183.0,529.0
3184.0,149.0
3185.0,63.0
3186.0,163.0
3187.0,170.0
3188.0,347.0
3189.0,103.0
3190.0,281.0
3191.0,155.0
3192.0,134.0
3193.0,224.0
3194.0,184.0
3195.0,202.0
3196.0,101.0
3197.0,158.0
3198.0,118.0
3199.0,221.0
3200.0,129.0
3201.0,165.0
3202.0,230.0
3203.0,297.0
3204.0,325.0
3205.0,177.0
3206.0,346.0
3207.0,373.0
3208.0,133.0
3209.0,157.0
3210.0,122.0
3211.0,226.0
3212.0,286.0
3213.0,80.0
3214.0,146.0
3215.0,229.0
3216.0,213.0
3217.0,126.0
3218.0,97.0
3219.0,306.0
3220.0,87.0
3221.0,470.0
3222.0,120.0
3223.0,196.0
3224.0,113.0
3225.0,523.0
3226.0,56.0
3227.0,194.0
3228.0,151.0
3229.0,259.0
3230.0,414.0
3231.0,132.0
3232.0,166.0
3233.0,124.0
3234.0,91.0
3235.0,256.0
3236.0,323.0
3237.0,136.0
3238.0,167.0
3239.0,451.0
3240.0,218.0
3241.0,211.0
3242.0,193.0
3243.0,229.0
3244.0,108.0
3245.0,353.0
3246.0,337.0
3247.0,149.0
3248.0,417.0
3249.0,130.0
3250.0,214.0
3251.0,225.0
3252.0,141.0
3253.0,289.0
3254.0,234.0
3255.0,233.0
3256.0,364.0
3257.0,160.0
3258.0,318.0
3259.0,185.0
3260.0,181.0
3261.0,330.0
3262.0,213.0
3263.0,216.0
3264.0,247.0
3265.0,676.0
3266.0,92.0
3267.0,167.0
3268.0,112.0
3269.0,168.0
3270.0,106.0
3271.0,461.0
3272.0,183.0
3273.0,109.0
3274.0,159.0
3275.0,85.0
3276.0,282.0
3277.0,136.0
3278.0,157.0
3279.0,160.0
3280.0,274.0
3281.0,153.0
3282.0,278.0
3283.0,158.0
3284.0,214.0
3285.0,248.0
3286.0,115.0
3287.0,193.0
3288.0,135.0
3289.0,69.0
3290.0,508.0
3291.0,215.0
3292.0,419.0
3293.0,172.0
3294.0,215.0
3295.0,93.0
3296.0,232.0
3297.0,293.0
3298.0,273.0
3299.0,158.0
3300.0,216.0
3301.0,167.0
3302.0,363.0
3303.0,134.0
3304.0,427.0
3305.0,356.0
3306.0,122.0
3307.0,176.0
3308.0,101.0
3309.0,211.0
3310.0,155.0
3311.0,162.0
3312.0,129.0
3313.0,59.0
3314.0,133.0
3315.0,156.0
3316.0,157.0
3317.0,126.0
3318.0,346.0
3319.0,95.0
3320.0,679.0
3321.0,263.0
3322.0,131.0
3323.0,208.0
3324.0,312.0
3325.0,312.0
3326.0,326.0
3327.0,229.0
3328.0,122.0
3329.0,269.0
3330.0,337.0
3331.0,156.0
3332.0,259.0
3333.0,148.0
3334.0,53.0
3335.0,170.0
3336.0,78.0
3337.0,282.0
3338.0,192.0
3339.0,206.0
3340.0,339.0
3341.0,381.0
3342.0,365.0
3343.0,398.0
3344.0,141.0
3345.0,214.0
3346.0,354.0
3347.0,174.0
3348.0,237.0
3349.0,232.0
3350.0,209.0
3351.0,225.0
3352.0,85.0
3353.0,220.0
3354.0,206.0
3355.0,446.0
3356.0,214.0
3357.0,137.0
3358.0,312.0
3359.0,122.0
3360.0,275.0
3361.0,109.0
3362.0,364.0
3363.0,218.0
3364.0,224.0
3365.0,269.0
3366.0,159.0
3367.0,369.0
3368.0,162.0
3369.0,212.0
3370.0,272.0
3371.0,98.0
3372.0,184.0
3373.0,168.0
3374.0,96.0
3375.0,284.0
3376.0,260.0
3377.0,358.0
3378.0,138.0
3379.0,158.0
3380.0,171.0
3381.0,158.0
3382.0,111.0
3383.0,233.0
3384.0,124.0
3385.0,453.0
3386.0,241.0
3387.0,356.0
3388.0,283.0
3389.0,314.0
3390.0,144.0
3391.0,285.0
3392.0,182.0
3393.0,288.0
3394.0,214.0
3395.0,186.0
3396.0,335.0
3397.0,158.0
3398.0,213.0
3399.0,370.0
3400.0,171.0
3401.0,214.0
3402.0,151.0
3403.0,127.0
3404.0,76.0
3405.0,138.0
3406.0,131.0
3407.0,281.0
3408.0,184.0
3409.0,302.0
3410.0,221.0
3411.0,254.0
3412.0,124.0
3413.0,277.0
3414.0,347.0
3415.0,148.0
3416.0,113.0
3417.0,374.0
3418.0,382.0
3419.0,130.0
3420.0,140.0
3421.0,164.0
3422.0,136.0
3423.0,247.0
3424.0,181.0
3425.0,414.0
3426.0,814.0
3427.0,307.0
3428.0,342.0
3429.0,191.0
3430.0,148.0
3431.0,378.0
3432.0,148.0
3433.0,367.0
3434.0,281.0
3435.0,271.0
3436.0,457.0
3437.0,258.0
3438.0,182.0
3439.0,305.0
3440.0,164.0
3441.0,539.0
3442.0,212.0
3443.0,81.0
3444.0,174.0
3445.0,216.0
3446.0,363.0
3447.0,179.0
3448.0,156.0
3449.0,127.0
3450.0,334.0
3451.0,133.0
3452.0,261.0
3453.0,120.0
3454.0,254.0
3455.0,249.0
3456.0,389.0
3457.0,187.0
3458.0,198.0
3459.0,284.0
3460.0,460.0
3461.0,546.0
3462.0,194.0
3463.0,362.0
3464.0,165.0
3465.0,249.0
3466.0,191.0
3467.0,244.0
3468.0,197.0
3469.0,273.0
3470.0,299.0
3471.0,298.0
3472.0,511.0
3473.0,468.0
3474.0,168.0
3475.0,121.0
3476.0,153.0
3477.0,241.0
3478.0,336.0
3479.0,58.0
3480.0,284.0
3481.0,130.0
3482.0,243.0
3483.0,238.0
3484.0,342.0
3485.0,214.0
3486.0,246.0
3487.0,352.0
3488.0,173.0
3489.0,461.0
3490.0,266.0
3491.0,168.0
3492.0,191.0
3493.0,224.0
3494.0,205.0
3495.0,274.0
3496.0,230.0
3497.0,331.0
3498.0,141.0
3499.0,477.0
3500.0,472.0
3501.0,186.0
3502.0,263.0
3503.0,362.0
3504.0,111.0
3505.0,168.0
3506.0,189.0
3507.0,195.0
3508.0,301.0
3509.0,165.0
3510.0,143.0
3511.0,346.0
3512.0,201.0
3513.0,610.0
3514.0,91.0
3515.0,141.0
3516.0,300.0
3517.0,174.0
3518.0,215.0
3519.0,189.0
3520.0,328.0
3521.0,217.0
3522.0,462.0
3523.0,143.0
3524.0,163.0
3525.0,68.0
3526.0,80.0
3527.0,278.0
3528.0,370.0
3529.0,202.0
3530.0,380.0
3531.0,143.0
3532.0,162.0
3533.0,474.0
3534.0,252.0
3535.0,267.0
3536.0,196.0
3537.0,489.0
3538.0,342.0
3539.0,279.0
3540.0,424.0
3541.0,240.0
3542.0,194.0
3543.0,211.0
3544.0,264.0
3545.0,174.0
3546.0,243.0
3547.0,266.0
3548.0,437.0
3549.0,72.0
3550.0,490.0
3551.0,161.0
3552.0,131.0
3553.0,320.0
3554.0,81.0
3555.0,344.0
3556.0,54.0
3557.0,143.0
3558.0,115.0
3559.0,220.0
3560.0,452.0
3561.0,87.0
3562.0,244.0
3563.0,139.0
3564.0,227.0
3565.0,85.0
3566.0,221.0
3567.0,384.0
3568.0,353.0
3569.0,288.0
3570.0,129.0
3571.0,247.0
3572.0,325.0
3573.0,292.0
3574.0,385.0
3575.0,217.0
3576.0,235.0
3577.0,168.0
3578.0,86.0
3579.0,116.0
3580.0,319.0
3581.0,649.0
3582.0,432.0
3583.0,156.0
3584.0,238.0
3585.0,272.0
3586.0,137.0
3587.0,183.0
3588.0,223.0
3589.0,256.0
3590.0,269.0
3591.0,160.0
3592.0,601.0
3593.0,191.0
3594.0,289.0
3595.0,291.0
3596.0,229.0
3597.0,416.0
3598.0,197.0
3599.0,154.0
3600.0,147.0
3601.0,454.0
3602.0,215.0
3603.0,168.0
3604.0,350.0
3605.0,139.0
3606.0,151.0
3607.0,276.0
3608.0,241.0
3609.0,173.0
3610.0,96.0
3611.0,211.0
3612.0,145.0
3613.0,122.0
3614.0,277.0
3615.0,212.0
3616.0,170.0
3617.0,223.0
3618.0,349.0
3619.0,205.0
3620.0,212.0
3621.0,205.0
3622.0,330.0
3623.0,230.0
3624.0,204.0
3625.0,410.0
3626.0,374.0
3627.0,404.0
3628.0,309.0
3629.0,283.0
3630.0,249.0
3631.0,119.0
3632.0,372.0
3633.0,553.0
3634.0,208.0
3635.0,134.0
3636.0,327.0
3637.0,344.0
3638.0,148.0
3639.0,311.0
3640.0,56.0
3641.0,310.0
3642.0,335.0
3643.0,382.0
3644.0,156.0
3645.0,226.0
3646.0,609.0
3647.0,129.0
3648.0,126.0
3649.0,346.0
3650.0,238.0
3651.0,281.0
3652.0,187.0
3653.0,293.0
3654.0,329.0
3655.0,150.0
3656.0,307.0
3657.0,222.0
3658.0,301.0
3659.0,86.0
3660.0,134.0
3661.0,595.0
3662.0,245.0
3663.0,494.0
3664.0,190.0
3665.0,306.0
3666.0,470.0
3667.0,685.0
3668.0,462.0
3669.0,281.0
3670.0,177.0
3671.0,464.0
3672.0,418.0
3673.0,999.0
3674.0,564.0
3675.0,150.0
3676.0,186.0
3677.0,288.0
3678.0,289.0
3679.0,199.0
3680.0,465.0
3681.0,228.0
3682.0,419.0
3683.0,165.0
3684.0,149.0
3685.0,148.0
3686.0,194.0
3687.0,219.0
3688.0,446.0
3689.0,767.0
3690.0,239.0
3691.0,256.0
3692.0,616.0
3693.0,293.0
3694.0,223.0
3695.0,662.0
3696.0,220.0
3697.0,186.0
3698.0,205.0
3699.0,366.0
3700.0,516.0
3701.0,238.0
3702.0,349.0
3703.0,334.0
3704.0,392.0
3705.0,251.0
3706.0,247.0
3707.0,462.0
3708.0,520.0
3709.0,524.0
3710.0,423.0
3711.0,345.0
3712.0,149.0
3713.0,171.0
3714.0,428.0
3715.0,109.0
3716.0,534.0
3717.0,138.0
3718.0,193.0
3719.0,137.0
3720.0,179.0
3721.0,243.0
3722.0,303.0
3723.0,266.0
3724.0,172.0
3725.0,148.0
3726.0,263.0
3727.0,660.0
3728.0,315.0
3729.0,413.0
3730.0,110.0
3731.0,196.0
3732.0,464.0
3733.0,188.0
3734.0,440.0
3735.0,363.0
3736.0,244.0
3737.0,516.0
3738.0,420.0
3739.0,558.0
3740.0,184.0
3741.0,523.0
3742.0,176.0
3743.0,656.0
3744.0,745.0
3745.0,112.0
3746.0,321.0
3747.0,386.0
3748.0,635.0
3749.0,337.0
3750.0,187.0
3751.0,261.0
3752.0,460.0
3753.0,283.0
3754.0,85.0
3755.0,364.0
3756.0,198.0
3757.0,305.0
3758.0,197.0
3759.0,230.0
3760.0,270.0
3761.0,247.0
3762.0,244.0
3763.0,438.0
3764.0,240.0
3765.0,711.0
3766.0,235.0
3767.0,580.0
3768.0,246.0
3769.0,289.0
3770.0,238.0
3771.0,191.0
3772.0,185.0
3773.0,196.0
3774.0,308.0
3775.0,315.0
3776.0,398.0
3777.0,290.0
3778.0,447.0
3779.0,589.0
3780.0,171.0
3781.0,397.0
3782.0,194.0
3783.0,301.0
3784.0,997.0
3785.0,295.0
3786.0,386.0
3787.0,413.0
3788.0,334.0
3789.0,205.0
3790.0,901.0
3791.0,869.0
3792.0,281.0
3793.0,104.0
3794.0,202.0
3795.0,217.0
3796.0,262.0
3797.0,334.0
3798.0,573.0
3799.0,458.0
3800.0,67.0
3801.0,160.0
3802.0,228.0
3803.0,156.0
3804.0,700.0
3805.0,197.0
3806.0,224.0
3807.0,290.0
3808.0,170.0
3809.0,213.0
3810.0,163.0
3811.0,442.0
3812.0,367.0
3813.0,410.0
3814.0,116.0
3815.0,421.0
3816.0,465.0
3817.0,999.0
3818.0,159.0
3819.0,229.0
3820.0,275.0
3821.0,220.0
3822.0,149.0
3823.0,177.0
3824.0,271.0
3825.0,414.0
3826.0,239.0
3827.0,246.0
3828.0,86.0
3829.0,285.0
3830.0,285.0
3831.0,285.0
3832.0,173.0
3833.0,259.0
3834.0,880.0
3835.0,784.0
3836.0,146.0
3837.0,162.0
3838.0,282.0
3839.0,174.0
3840.0,146.0
3841.0,458.0
3842.0,209.0
3843.0,346.0
3844.0,301.0
3845.0,211.0
3846.0,165.0
3847.0,270.0
3848.0,252.0
3849.0,250.0
3850.0,486.0
3851.0,301.0
3852.0,91.0
3853.0,294.0
3854.0,74.0
3855.0,168.0
3856.0,232.0
3857.0,198.0
3858.0,772.0
3859.0,603.0
3860.0,180.0
3861.0,213.0
3862.0,318.0
3863.0,60.0
3864.0,675.0
3865.0,118.0
3866.0,261.0
3867.0,533.0
3868.0,265.0
3869.0,240.0
3870.0,339.0
3871.0,226.0
3872.0,76.0
3873.0,111.0
3874.0,177.0
3875.0,194.0
3876.0,273.0
3877.0,224.0
3878.0,159.0
3879.0,573.0
3880.0,239.0
3881.0,224.0
3882.0,299.0
3883.0,241.0
3884.0,289.0
3885.0,371.0
3886.0,685.0
3887.0,974.0
3888.0,192.0
3889.0,136.0
3890.0,373.0
3891.0,397.0
3892.0,803.0
3893.0,141.0
3894.0,273.0
3895.0,243.0
3896.0,351.0
3897.0,220.0
3898.0,148.0
3899.0,229.0
3900.0,999.0
3901.0,382.0
3902.0,366.0
3903.0,556.0
3904.0,260.0
3905.0,235.0
3906.0,246.0
3907.0,384.0
3908.0,465.0
3909.0,287.0
3910.0,219.0
3911.0,307.0
3912.0,363.0
3913.0,283.0
3914.0,327.0
3915.0,383.0
3916.0,400.0
3917.0,130.0
3918.0,439.0
3919.0,549.0
3920.0,411.0
3921.0,185.0
3922.0,333.0
3923.0,315.0
3924.0,999.0
3925.0,319.0
3926.0,238.0
3927.0,213.0
3928.0,124.0
3929.0,278.0
3930.0,289.0
3931.0,412.0
3932.0,507.0
3933.0,318.0
3934.0,402.0
3935.0,294.0
3936.0,506.0
3937.0,394.0
3938.0,306.0
3939.0,503.0
3940.0,167.0
3941.0,123.0
3942.0,351.0
3943.0,327.0
3944.0,273.0
3945.0,524.0
3946.0,292.0
3947.0,484.0
3948.0,609.0
3949.0,395.0
3950.0,172.0
3951.0,150.0
3952.0,697.0
3953.0,790.0
3954.0,208.0
3955.0,281.0
3956.0,301.0
3957.0,79.0
3958.0,200.0
3959.0,352.0
3960.0,466.0
3961.0,472.0
3962.0,443.0
3963.0,339.0
3964.0,544.0
3965.0,275.0
3966.0,194.0
3967.0,306.0
3968.0,602.0
3969.0,264.0
3970.0,341.0
3971.0,349.0
3972.0,916.0
3973.0,724.0
3974.0,234.0
3975.0,135.0
3976.0,659.0
3977.0,124.0
3978.0,110.0
3979.0,356.0
3980.0,195.0
3981.0,200.0
3982.0,297.0
3983.0,577.0
3984.0,280.0
3985.0,162.0
3986.0,183.0
3987.0,243.0
3988.0,269.0
3989.0,387.0
3990.0,340.0
3991.0,178.0
3992.0,415.0
3993.0,345.0
3994.0,199.0
3995.0,544.0
3996.0,112.0
3997.0,188.0
3998.0,327.0
3999.0,233.0
4000.0,303.0
4001.0,563.0
4002.0,292.0
4003.0,199.0
4004.0,98.0
4005.0,196.0
4006.0,147.0
4007.0,384.0
4008.0,318.0
4009.0,420.0
4010.0,999.0
4011.0,192.0
4012.0,220.0
4013.0,203.0
4014.0,500.0
4015.0,419.0
4016.0,151.0
4017.0,324.0
4018.0,999.0
4019.0,242.0
4020.0,515.0
4021.0,455.0
4022.0,557.0
4023.0,323.0
4024.0,561.0
4025.0,350.0
4026.0,606.0
4027.0,262.0
4028.0,573.0
4029.0,836.0
4030.0,458.0
4031.0,670.0
4032.0,302.0
4033.0,166.0
4034.0,240.0
4035.0,465.0
4036.0,305.0
4037.0,199.0
4038.0,434.0
4039.0,855.0
4040.0,421.0
4041.0,267.0
4042.0,722.0
4043.0,667.0
4044.0,587.0
4045.0,254.0
4046.0,363.0
4047.0,524.0
4048.0,641.0
4049.0,331.0
4050.0,371.0
4051.0,260.0
4052.0,999.0
4053.0,128.0
4054.0,798.0
4055.0,317.0
4056.0,151.0
4057.0,235.0
4058.0,142.0
4059.0,232.0
4060.0,296.0
4061.0,473.0
4062.0,371.0
4063.0,329.0
4064.0,124.0
4065.0,702.0
4066.0,327.0
4067.0,546.0
4068.0,230.0
4069.0,176.0
4070.0,999.0
4071.0,999.0
4072.0,250.0
4073.0,999.0
4074.0,361.0
4075.0,175.0
4076.0,182.0
4077.0,413.0
4078.0,384.0
4079.0,331.0
4080.0,370.0
4081.0,543.0
4082.0,382.0
4083.0,427.0
4084.0,656.0
4085.0,820.0
4086.0,410.0
4087.0,739.0
4088.0,256.0
4089.0,293.0
4090.0,482.0
4091.0,174.0
4092.0,323.0
4093.0,152.0
4094.0,215.0
4095.0,618.0
4096.0,445.0
4097.0,153.0
4098.0,245.0
4099.0,576.0
4100.0,303.0
4101.0,343.0
4102.0,266.0
4103.0,429.0
4104.0,812.0
4105.0,157.0
4106.0,478.0
4107.0,426.0
4108.0,240.0
4109.0,207.0
4110.0,776.0
4111.0,539.0
4112.0,307.0
4113.0,566.0
4114.0,236.0
4115.0,528.0
4116.0,289.0
4117.0,536.0
4118.0,201.0
4119.0,225.0
4120.0,184.0
4121.0,375.0
4122.0,296.0
4123.0,223.0
4124.0,547.0
4125.0,301.0
4126.0,381.0
4127.0,148.0
4128.0,451.0
4129.0,925.0
4130.0,644.0
4131.0,676.0
4132.0,456.0
4133.0,861.0
4134.0,647.0
4135.0,225.0
4136.0,415.0
4137.0,437.0
4138.0,372.0
4139.0,366.0
4140.0,604.0
4141.0,102.0
4142.0,206.0
4143.0,352.0
4144.0,972.0
4145.0,309.0
4146.0,271.0
4147.0,192.0
4148.0,142.0
4149.0,391.0
4150.0,299.0
4151.0,404.0
4152.0,508.0
4153.0,255.0
4154.0,263.0
4155.0,319.0
4156.0,94.0
4157.0,272.0
4158.0,319.0
4159.0,360.0
4160.0,173.0
4161.0,296.0
4162.0,199.0
4163.0,999.0
4164.0,345.0
4165.0,859.0
4166.0,309.0
4167.0,284.0
4168.0,149.0
4169.0,235.0
4170.0,293.0
4171.0,846.0
4172.0,220.0
4173.0,963.0
4174.0,851.0
4175.0,623.0
4176.0,393.0
4177.0,248.0
4178.0,498.0
4179.0,461.0
4180.0,559.0
4181.0,567.0
4182.0,457.0
4183.0,182.0
4184.0,131.0
4185.0,999.0
4186.0,227.0
4187.0,817.0
4188.0,629.0
4189.0,892.0
4190.0,250.0
4191.0,525.0
4192.0,411.0
4193.0,999.0
4194.0,960.0
4195.0,236.0
4196.0,295.0
4197.0,90.0
4198.0,91.0
4199.0,617.0
4200.0,462.0
4201.0,299.0
4202.0,355.0
4203.0,464.0
4204.0,440.0
4205.0,150.0
4206.0,137.0
4207.0,999.0
4208.0,336.0
4209.0,494.0
4210.0,551.0
4211.0,351.0
4212.0,443.0
4213.0,373.0
4214.0,209.0
4215.0,475.0
4216.0,526.0
4217.0,212.0
4218.0,354.0
4219.0,633.0
4220.0,241.0
4221.0,787.0
4222.0,476.0
4223.0,308.0
4224.0,549.0
4225.0,468.0
4226.0,213.0
4227.0,482.0
4228.0,359.0
4229.0,215.0
4230.0,781.0
4231.0,999.0
4232.0,353.0
4233.0,981.0
4234.0,239.0
4235.0,512.0
4236.0,730.0
4237.0,525.0
4238.0,610.0
4239.0,361.0
4240.0,563.0
4241.0,391.0
4242.0,794.0
4243.0,179.0
4244.0,925.0
4245.0,219.0
4246.0,819.0
4247.0,313.0
4248.0,977.0
4249.0,905.0
4250.0,529.0
4251.0,851.0
4252.0,897.0
4253.0,445.0
4254.0,702.0
4255.0,639.0
4256.0,406.0
4257.0,322.0
4258.0,495.0
4259.0,234.0
4260.0,242.0
4261.0,172.0
4262.0,999.0
4263.0,303.0
4264.0,438.0
4265.0,413.0
4266.0,754.0
4267.0,395.0
4268.0,404.0
4269.0,197.0
4270.0,356.0
4271.0,356.0
4272.0,247.0
4273.0,330.0
4274.0,540.0
4275.0,227.0
4276.0,377.0
4277.0,701.0
4278.0,155.0
4279.0,999.0
4280.0,309.0
4281.0,283.0
4282.0,388.0
4283.0,536.0
4284.0,817.0
4285.0,521.0
4286.0,248.0
4287.0,287.0
4288.0,196.0
4289.0,361.0
4290.0,582.0
4291.0,567.0
4292.0,356.0
4293.0,254.0
4294.0,464.0
4295.0,657.0
4296.0,233.0
4297.0,396.0
4298.0,999.0
4299.0,435.0
4300.0,311.0
4301.0,208.0
4302.0,999.0
4303.0,465.0
4304.0,166.0
4305.0,304.0
4306.0,366.0
4307.0,298.0
4308.0,478.0
4309.0,211.0
4310.0,354.0
4311.0,415.0
4312.0,394.0
4313.0,333.0
4314.0,250.0
4315.0,474.0
4316.0,491.0
4317.0,687.0
4318.0,497.0
4319.0,332.0
4320.0,675.0
4321.0,347.0
4322.0,291.0
4323.0,289.0
4324.0,456.0
4325.0,721.0
4326.0,410.0
4327.0,297.0
4328.0,483.0
4329.0,373.0
4330.0,323.0
4331.0,205.0
4332.0,285.0
4333.0,217.0
4334.0,480.0
4335.0,214.0
4336.0,624.0
4337.0,999.0
4338.0,999.0
4339.0,263.0
4340.0,613.0
4341.0,586.0
4342.0,278.0
4343.0,552.0
4344.0,198.0
4345.0,999.0
4346.0,240.0
4347.0,571.0
4348.0,234.0
4349.0,717.0
4350.0,871.0
4351.0,366.0
4352.0,433.0
4353.0,763.0
4354.0,317.0
4355.0,301.0
4356.0,999.0
4357.0,372.0
4358.0,999.0
4359.0,205.0
4360.0,370.0
4361.0,284.0
4362.0,372.0
4363.0,200.0
4364.0,599.0
4365.0,211.0
4366.0,209.0
4367.0,202.0
4368.0,145.0
4369.0,358.0
4370.0,272.0
4371.0,233.0
4372.0,473.0
4373.0,999.0
4374.0,433.0
4375.0,282.0
4376.0,131.0
4377.0,676.0
4378.0,486.0
4379.0,428.0
4380.0,876.0
4381.0,367.0
4382.0,920.0
4383.0,999.0
4384.0,999.0
4385.0,220.0
4386.0,591.0
4387.0,467.0
4388.0,881.0
4389.0,357.0
4390.0,233.0
4391.0,619.0
4392.0,478.0
4393.0,142.0
4394.0,151.0
4395.0,235.0
4396.0,744.0
4397.0,486.0
4398.0,268.0
4399.0,417.0
4400.0,221.0
4401.0,375.0
4402.0,208.0
4403.0,814.0
4404.0,468.0
4405.0,999.0
4406.0,529.0
4407.0,610.0
4408.0,184.0
4409.0,343.0
4410.0,303.0
4411.0,549.0
4412.0,408.0
4413.0,488.0
4414.0,350.0
4415.0,672.0
4416.0,557.0
4417.0,999.0
4418.0,434.0
4419.0,244.0
4420.0,129.0
4421.0,151.0
4422.0,267.0
4423.0,229.0
4424.0,296.0
4425.0,999.0
4426.0,434.0
4427.0,542.0
4428.0,469.0
4429.0,975.0
4430.0,346.0
4431.0,503.0
4432.0,321.0
4433.0,239.0
4434.0,999.0
4435.0,675.0
4436.0,384.0
4437.0,141.0
4438.0,265.0
4439.0,564.0
4440.0,774.0
4441.0,999.0
4442.0,760.0
4443.0,594.0
4444.0,502.0
4445.0,638.0
4446.0,999.0
4447.0,552.0
4448.0,241.0
4449.0,999.0
4450.0,508.0
4451.0,179.0
4452.0,348.0
4453.0,223.0
4454.0,999.0
4455.0,558.0
4456.0,999.0
4457.0,243.0
4458.0,944.0
4459.0,562.0
4460.0,297.0
4461.0,247.0
4462.0,999.0
4463.0,999.0
4464.0,464.0
4465.0,999.0
4466.0,999.0
4467.0,647.0
4468.0,568.0
4469.0,532.0
4470.0,443.0
4471.0,441.0
4472.0,687.0
4473.0,322.0
4474.0,999.0
4475.0,416.0
4476.0,327.0
4477.0,999.0
4478.0,754.0
4479.0,568.0
4480.0,292.0
4481.0,999.0
4482.0,173.0
4483.0,187.0
4484.0,677.0
4485.0,238.0
4486.0,250.0
4487.0,354.0
4488.0,360.0
4489.0,507.0
4490.0,999.0
4491.0,999.0
4492.0,425.0
4493.0,418.0
4494.0,770.0
4495.0,658.0
4496.0,438.0
4497.0,160.0
4498.0,242.0
4499.0,999.0
4500.0,263.0
4501.0,985.0
4502.0,293.0
4503.0,394.0
4504.0,211.0
4505.0,999.0
4506.0,395.0
4507.0,999.0
4508.0,450.0
4509.0,409.0
4510.0,358.0
4511.0,999.0
4512.0,379.0
4513.0,302.0
4514.0,999.0
4515.0,702.0
4516.0,369.0
4517.0,826.0
4518.0,616.0
4519.0,999.0
4520.0,333.0
4521.0,876.0
4522.0,373.0
4523.0,869.0
4524.0,999.0
4525.0,595.0
4526.0,511.0
4527.0,409.0
4528.0,504.0
4529.0,357.0
4530.0,844.0
4531.0,486.0
4532.0,213.0
4533.0,251.0
4534.0,350.0
4535.0,999.0
4536.0,255.0
4537.0,888.0
4538.0,767.0
4539.0,314.0
4540.0,154.0
4541.0,999.0
4542.0,195.0
4543.0,799.0
4544.0,841.0
4545.0,999.0
4546.0,335.0
4547.0,255.0
4548.0,999.0
4549.0,441.0
4550.0,999.0
4551.0,290.0
4552.0,820.0
4553.0,206.0
4554.0,740.0
4555.0,311.0
4556.0,253.0
4557.0,677.0
4558.0,999.0
4559.0,969.0
4560.0,477.0
4561.0,999.0
4562.0,901.0
4563.0,957.0
4564.0,623.0
4565.0,324.0
4566.0,414.0
4567.0,999.0
4568.0,999.0
4569.0,999.0
4570.0,225.0
4571.0,510.0
4572.0,639.0
4573.0,130.0
4574.0,838.0
4575.0,306.0
4576.0,832.0
4577.0,430.0
4578.0,136.0
4579.0,503.0
4580.0,679.0
4581.0,999.0
4582.0,999.0
4583.0,999.0
4584.0,429.0
4585.0,210.0
4586.0,999.0
4587.0,172.0
4588.0,542.0
4589.0,200.0
4590.0,379.0
4591.0,322.0
4592.0,259.0
4593.0,999.0
4594.0,800.0
4595.0,999.0
4596.0,211.0
4597.0,694.0
4598.0,515.0
4599.0,809.0
4600.0,484.0
4601.0,999.0
4602.0,420.0
4603.0,728.0
4604.0,182.0
4605.0,961.0
4606.0,370.0
4607.0,999.0
4608.0,396.0
4609.0,306.0
4610.0,999.0
4611.0,629.0
4612.0,222.0
4613.0,466.0
4614.0,217.0
4615.0,997.0
4616.0,549.0
4617.0,606.0
4618.0,552.0
4619.0,999.0
4620.0,999.0
4621.0,400.0
4622.0,999.0
4623.0,999.0
4624.0,234.0
4625.0,604.0
4626.0,999.0
4627.0,607.0
4628.0,999.0
4629.0,518.0
4630.0,999.0
4631.0,703.0
4632.0,470.0
4633.0,357.0
4634.0,999.0
4635.0,267.0
4636.0,386.0
4637.0,867.0
4638.0,646.0
4639.0,980.0
4640.0,530.0
4641.0,999.0
4642.0,356.0
4643.0,556.0
4644.0,652.0
4645.0,999.0
4646.0,999.0
4647.0,730.0
4648.0,811.0
4649.0,460.0
4650.0,661.0
4651.0,455.0
4652.0,999.0
4653.0,739.0
4654.0,433.0
4655.0,821.0
4656.0,693.0
4657.0,861.0
4658.0,446.0
4659.0,408.0
4660.0,808.0
4661.0,461.0
4662.0,609.0
4663.0,420.0
4664.0,517.0
4665.0,452.0
4666.0,356.0
4667.0,513.0
4668.0,428.0
4669.0,200.0
4670.0,877.0
4671.0,907.0
4672.0,870.0
4673.0,820.0
4674.0,999.0
4675.0,949.0
4676.0,234.0
4677.0,440.0
4678.0,248.0
4679.0,666.0
4680.0,183.0
4681.0,471.0
4682.0,531.0
4683.0,686.0
4684.0,622.0
4685.0,779.0
4686.0,999.0
4687.0,573.0
4688.0,559.0
4689.0,546.0
4690.0,183.0
4691.0,744.0
4692.0,275.0
4693.0,269.0
4694.0,579.0
4695.0,185.0
4696.0,285.0
4697.0,525.0
4698.0,999.0
4699.0,476.0
4700.0,999.0
4701.0,590.0
4702.0,999.0
4703.0,695.0
4704.0,238.0
4705.0,999.0
4706.0,270.0
4707.0,537.0
4708.0,755.0
4709.0,242.0
4710.0,447.0
4711.0,514.0
4712.0,413.0
4713.0,999.0
4714.0,619.0
4715.0,172.0
4716.0,574.0
4717.0,480.0
4718.0,999.0
4719.0,656.0
4720.0,383.0
4721.0,247.0
4722.0,358.0
4723.0,781.0
4724.0,697.0
4725.0,999.0
4726.0,234.0
4727.0,698.0
4728.0,325.0
4729.0,999.0
4730.0,198.0
4731.0,334.0
4732.0,494.0
4733.0,714.0
4734.0,465.0
4735.0,546.0
4736.0,612.0
4737.0,192.0
4738.0,999.0
4739.0,266.0
4740.0,564.0
4741.0,530.0
4742.0,638.0
4743.0,864.0
4744.0,733.0
4745.0,178.0
4746.0,354.0
4747.0,357.0
4748.0,223.0
4749.0,452.0
4750.0,999.0
4751.0,404.0
4752.0,999.0
4753.0,503.0
4754.0,565.0
4755.0,166.0
4756.0,869.0
4757.0,382.0
4758.0,340.0
4759.0,393.0
4760.0,693.0
4761.0,87.0
4762.0,140.0
4763.0,308.0
4764.0,597.0
4765.0,999.0
4766.0,999.0
4767.0,930.0
4768.0,952.0
4769.0,999.0
4770.0,789.0
4771.0,485.0
4772.0,440.0
4773.0,902.0
4774.0,459.0
4775.0,736.0
4776.0,304.0
4777.0,592.0
4778.0,999.0
4779.0,905.0
4780.0,153.0
4781.0,604.0
4782.0,264.0
4783.0,426.0
4784.0,932.0
4785.0,220.0
4786.0,999.0
4787.0,999.0
4788.0,512.0
4789.0,991.0
4790.0,513.0
4791.0,165.0
4792.0,366.0
4793.0,999.0
4794.0,999.0
4795.0,639.0
4796.0,571.0
4797.0,253.0
4798.0,424.0
4799.0,509.0
4800.0,597.0
4801.0,423.0
4802.0,372.0
4803.0,999.0
4804.0,999.0
4805.0,221.0
4806.0,547.0
4807.0,744.0
4808.0,530.0
4809.0,839.0
4810.0,731.0
4811.0,646.0
4812.0,357.0
4813.0,999.0
4814.0,999.0
4815.0,474.0
4816.0,399.0
4817.0,423.0
4818.0,809.0
4819.0,999.0
4820.0,999.0
4821.0,537.0
4822.0,299.0
4823.0,999.0
4824.0,999.0
4825.0,666.0
4826.0,584.0
4827.0,561.0
4828.0,731.0
4829.0,258.0
4830.0,999.0
4831.0,999.0
4832.0,411.0
4833.0,856.0
4834.0,552.0
4835.0,773.0
4836.0,999.0
4837.0,999.0
4838.0,920.0
4839.0,732.0
4840.0,697.0
4841.0,209.0
4842.0,660.0
4843.0,999.0
4844.0,999.0
4845.0,999.0
4846.0,368.0
4847.0,887.0
4848.0,220.0
4849.0,249.0
4850.0,341.0
4851.0,524.0
4852.0,726.0
4853.0,717.0
4854.0,627.0
4855.0,999.0
4856.0,999.0
4857.0,790.0
4858.0,569.0
4859.0,982.0
4860.0,999.0
4861.0,489.0
4862.0,999.0
4863.0,999.0
4864.0,311.0
4865.0,999.0
4866.0,345.0
4867.0,301.0
4868.0,379.0
4869.0,999.0
4870.0,999.0
4871.0,999.0
4872.0,988.0
4873.0,999.0
4874.0,999.0
4875.0,439.0
4876.0,991.0
4877.0,999.0
4878.0,938.0
4879.0,999.0
4880.0,192.0
4881.0,710.0
4882.0,486.0
4883.0,748.0
4884.0,289.0
4885.0,508.0
4886.0,999.0
4887.0,331.0
4888.0,372.0
4889.0,291.0
4890.0,629.0
4891.0,556.0
4892.0,999.0
4893.0,229.0
4894.0,999.0
4895.0,999.0
4896.0,556.0
4897.0,491.0
4898.0,246.0
4899.0,849.0
4900.0,365.0
4901.0,291.0
4902.0,999.0
4903.0,999.0
4904.0,483.0
4905.0,913.0
4906.0,724.0
4907.0,999.0
4908.0,425.0
4909.0,420.0
4910.0,297.0
4911.0,339.0
4912.0,999.0
4913.0,679.0
4914.0,999.0
4915.0,578.0
4916.0,999.0
4917.0,999.0
4918.0,999.0
4919.0,999.0
4920.0,253.0
4921.0,999.0
4922.0,677.0
4923.0,277.0
4924.0,171.0
4925.0,482.0
4926.0,999.0
4927.0,788.0
4928.0,790.0
4929.0,999.0
4930.0,648.0
4931.0,445.0
4932.0,999.0
4933.0,178.0
4934.0,481.0
4935.0,453.0
4936.0,999.0
4937.0,580.0
4938.0,534.0
4939.0,226.0
4940.0,954.0
4941.0,303.0
4942.0,265.0
4943.0,955.0
4944.0,936.0
4945.0,999.0
4946.0,999.0
4947.0,999.0
4948.0,999.0
4949.0,999.0
4950.0,198.0
4951.0,751.0
4952.0,391.0
4953.0,999.0
4954.0,558.0
4955.0,523.0
4956.0,494.0
4957.0,999.0
4958.0,397.0
4959.0,145.0
4960.0,742.0
4961.0,194.0
4962.0,973.0
4963.0,241.0
4964.0,999.0
4965.0,143.0
4966.0,199.0
4967.0,459.0
4968.0,431.0
4969.0,417.0
4970.0,456.0
4971.0,330.0
4972.0,706.0
4973.0,628.0
4974.0,999.0
4975.0,835.0
4976.0,240.0
4977.0,999.0
4978.0,444.0
4979.0,550.0
4980.0,999.0
4981.0,884.0
4982.0,124.0
4983.0,269.0
4984.0,512.0
4985.0,999.0
4986.0,777.0
4987.0,210.0
4988.0,204.0
4989.0,250.0
4990.0,754.0
4991.0,183.0
4992.0,999.0
4993.0,204.0
4994.0,785.0
4995.0,999.0
4996.0,999.0
4997.0,316.0
4998.0,699.0
4999.0,300.0
5000.0,999.0
5001.0,999.0
5002.0,299.0
5003.0,481.0
5004.0,999.0
5005.0,999.0
5006.0,499.0
5007.0,349.0
5008.0,648.0
5009.0,999.0
5010.0,452.0
5011.0,443.0
5012.0,646.0
5013.0,319.0
5014.0,999.0
5015.0,504.0
5016.0,760.0
5017.0,177.0
5018.0,999.0
5019.0,491.0
5020.0,999.0
5021.0,512.0
5022.0,352.0
5023.0,222.0
5024.0,428.0
5025.0,546.0
5026.0,999.0
5027.0,871.0
5028.0,405.0
5029.0,644.0
5030.0,304.0
5031.0,664.0
5032.0,208.0
5033.0,999.0
5034.0,641.0
5035.0,795.0
5036.0,370.0
5037.0,863.0
5038.0,999.0
5039.0,999.0
5040.0,452.0
5041.0,626.0
5042.0,918.0
5043.0,388.0
5044.0,999.0
5045.0,999.0
5046.0,897.0
5047.0,999.0
5048.0,308.0
5049.0,782.0
5050.0,999.0
5051.0,947.0
5052.0,723.0
5053.0,225.0
5054.0,722.0
5055.0,870.0
5056.0,947.0
5057.0,405.0
5058.0,427.0
5059.0,999.0
5060.0,790.0
5061.0,485.0
5062.0,614.0
5063.0,619.0
5064.0,497.0
5065.0,999.0
5066.0,368.0
5067.0,711.0
5068.0,346.0
5069.0,320.0
5070.0,533.0
5071.0,999.0
5072.0,269.0
5073.0,673.0
5074.0,768.0
5075.0,999.0
5076.0,912.0
5077.0,999.0
5078.0,218.0
5079.0,588.0
5080.0,593.0
5081.0,857.0
5082.0,642.0
5083.0,651.0
5084.0,999.0
5085.0,203.0
5086.0,204.0
5087.0,697.0
5088.0,425.0
5089.0,213.0
5090.0,999.0
5091.0,796.0
5092.0,631.0
5093.0,801.0
5094.0,768.0
5095.0,193.0
5096.0,999.0
5097.0,318.0
5098.0,999.0
5099.0,553.0
5100.0,999.0
5101.0,903.0
5102.0,739.0
5103.0,272.0
5104.0,612.0
5105.0,999.0
5106.0,999.0
5107.0,399.0
5108.0,620.0
5109.0,999.0
5110.0,999.0
5111.0,512.0
5112.0,999.0
5113.0,999.0
5114.0,367.0
5115.0,332.0
5116.0,999.0
5117.0,999.0
5118.0,422.0
5119.0,999.0
5120.0,999.0
5121.0,328.0
5122.0,999.0
5123.0,940.0
5124.0,651.0
5125.0,207.0
5126.0,999.0
5127.0,472.0
5128.0,775.0
5129.0,717.0
5130.0,283.0
5131.0,999.0
5132.0,599.0
5133.0,695.0
5134.0,999.0
5135.0,999.0
5136.0,819.0
5137.0,503.0
5138.0,334.0
5139.0,999.0
5140.0,999.0
5141.0,208.0
5142.0,373.0
5143.0,637.0
5144.0,254.0
5145.0,876.0
5146.0,408.0
5147.0,288.0
5148.0,465.0
5149.0,924.0
5150.0,808.0
5151.0,846.0
5152.0,999.0
5153.0,772.0
5154.0,999.0
5155.0,999.0
5156.0,584.0
5157.0,820.0
5158.0,999.0
5159.0,999.0
5160.0,228.0
5161.0,227.0
5162.0,999.0
5163.0,999.0
5164.0,140.0
5165.0,762.0
5166.0,999.0
5167.0,999.0
5168.0,999.0
5169.0,999.0
5170.0,530.0
5171.0,496.0
5172.0,425.0
5173.0,393.0
5174.0,292.0
5175.0,252.0
5176.0,999.0
5177.0,308.0
5178.0,629.0
5179.0,269.0
5180.0,418.0
5181.0,999.0
5182.0,320.0
5183.0,999.0
5184.0,999.0
5185.0,999.0
5186.0,999.0
5187.0,999.0
5188.0,407.0
5189.0,687.0
5190.0,114.0
5191.0,746.0
5192.0,999.0
5193.0,489.0
5194.0,999.0
5195.0,896.0
5196.0,688.0
5197.0,552.0
5198.0,437.0
5199.0,588.0
5200.0,503.0
5201.0,452.0
5202.0,504.0
5203.0,999.0
5204.0,554.0
5205.0,999.0
5206.0,527.0
5207.0,519.0
5208.0,999.0
5209.0,999.0
5210.0,999.0
5211.0,632.0
5212.0,408.0
5213.0,690.0
5214.0,999.0
5215.0,999.0
5216.0,675.0
5217.0,157.0
5218.0,999.0
5219.0,999.0
5220.0,539.0
5221.0,462.0
5222.0,540.0
5223.0,956.0
5224.0,999.0
5225.0,681.0
5226.0,614.0
5227.0,474.0
5228.0,999.0
5229.0,999.0
5230.0,824.0
5231.0,565.0
5232.0,810.0
5233.0,945.0
5234.0,495.0
5235.0,863.0
5236.0,999.0
5237.0,391.0
5238.0,999.0
5239.0,147.0
5240.0,999.0
5241.0,999.0
5242.0,999.0
5243.0,303.0
5244.0,999.0
5245.0,773.0
5246.0,999.0
5247.0,202.0
5248.0,145.0
5249.0,592.0
5250.0,640.0
5251.0,420.0
5252.0,999.0
5253.0,646.0
5254.0,999.0
5255.0,304.0
5256.0,716.0
5257.0,489.0
5258.0,999.0
5259.0,999.0
5260.0,999.0
5261.0,868.0
5262.0,697.0
5263.0,189.0
5264.0,480.0
5265.0,798.0
5266.0,999.0
5267.0,729.0
5268.0,999.0
5269.0,662.0
5270.0,257.0
5271.0,994.0
5272.0,744.0
5273.0,999.0
5274.0,235.0
5275.0,849.0
5276.0,458.0
5277.0,999.0
5278.0,279.0
5279.0,489.0
5280.0,999.0
5281.0,999.0
5282.0,430.0
5283.0,901.0
5284.0,354.0
5285.0,842.0
5286.0,999.0
5287.0,999.0
5288.0,999.0
5289.0,999.0
5290.0,441.0
5291.0,999.0
5292.0,999.0
5293.0,999.0
5294.0,999.0
5295.0,300.0
5296.0,999.0
5297.0,587.0
5298.0,387.0
5299.0,999.0
5300.0,999.0
5301.0,999.0
5302.0,999.0
5303.0,999.0
5304.0,999.0
5305.0,910.0
5306.0,775.0
5307.0,999.0
5308.0,999.0
5309.0,148.0
5310.0,999.0
5311.0,999.0
5312.0,999.0
5313.0,999.0
5314.0,119.0
5315.0,999.0
5316.0,718.0
5317.0,999.0
5318.0,999.0
5319.0,999.0
5320.0,999.0
5321.0,999.0
5322.0,580.0
5323.0,999.0
5324.0,283.0
5325.0,999.0
5326.0,999.0
5327.0,999.0
5328.0,999.0
5329.0,316.0
5330.0,727.0
5331.0,817.0
5332.0,999.0
5333.0,999.0
5334.0,999.0
5335.0,957.0
5336.0,999.0
5337.0,673.0
5338.0,999.0
5339.0,999.0
5340.0,163.0
5341.0,999.0
5342.0,999.0
5343.0,837.0
5344.0,465.0
5345.0,396.0
5346.0,999.0
5347.0,382.0
5348.0,718.0
5349.0,797.0
5350.0,653.0
5351.0,999.0
5352.0,999.0
5353.0,999.0
5354.0,999.0
5355.0,260.0
5356.0,961.0
5357.0,220.0
5358.0,999.0
5359.0,999.0
5360.0,999.0
5361.0,999.0
5362.0,999.0
5363.0,999.0
5364.0,993.0
5365.0,331.0
5366.0,999.0
5367.0,999.0
5368.0,999.0
5369.0,166.0
5370.0,999.0
5371.0,999.0
5372.0,769.0
5373.0,999.0
5374.0,999.0
5375.0,642.0
5376.0,999.0
5377.0,999.0
5378.0,999.0
5379.0,659.0
5380.0,999.0
5381.0,999.0
5382.0,952.0
5383.0,458.0
5384.0,308.0
5385.0,277.0
5386.0,628.0
5387.0,999.0
5388.0,999.0
5389.0,950.0
5390.0,999.0
5391.0,999.0
5392.0,356.0
5393.0,724.0
5394.0,660.0
5395.0,922.0
5396.0,878.0
5397.0,999.0
5398.0,999.0
5399.0,999.0
5400.0,999.0
5401.0,999.0
5402.0,601.0
5403.0,999.0
5404.0,999.0
5405.0,625.0
5406.0,999.0
5407.0,447.0
5408.0,999.0
5409.0,999.0
5410.0,999.0
5411.0,999.0
5412.0,999.0
5413.0,999.0
5414.0,289.0
5415.0,999.0
5416.0,629.0
5417.0,999.0
5418.0,905.0
5419.0,610.0
5420.0,999.0
5421.0,127.0
5422.0,843.0
5423.0,999.0
5424.0,424.0
5425.0,403.0
5426.0,594.0
5427.0,851.0
5428.0,652.0
5429.0,999.0
5430.0,209.0
5431.0,592.0
5432.0,333.0
5433.0,999.0
5434.0,999.0
5435.0,999.0
5436.0,999.0
5437.0,736.0
5438.0,701.0
5439.0,999.0
5440.0,582.0
5441.0,999.0
5442.0,246.0
5443.0,826.0
5444.0,999.0
5445.0,999.0
5446.0,472.0
5447.0,999.0
5448.0,999.0
5449.0,778.0
5450.0,999.0
5451.0,999.0
5452.0,999.0
5453.0,999.0
5454.0,999.0
5455.0,999.0
5456.0,999.0
5457.0,371.0
5458.0,156.0
5459.0,999.0
5460.0,999.0
5461.0,390.0
5462.0,458.0
5463.0,999.0
5464.0,999.0
5465.0,611.0
5466.0,999.0
5467.0,999.0
5468.0,999.0
5469.0,999.0
5470.0,996.0
5471.0,999.0
5472.0,999.0
5473.0,999.0
5474.0,999.0
5475.0,693.0
5476.0,999.0
5477.0,942.0
5478.0,999.0
5479.0,999.0
5480.0,999.0
5481.0,999.0
5482.0,725.0
5483.0,999.0
5484.0,999.0
5485.0,999.0
5486.0,889.0
5487.0,999.0
5488.0,486.0
5489.0,466.0
5490.0,999.0
5491.0,800.0
5492.0,232.0
5493.0,508.0
5494.0,999.0
5495.0,999.0
5496.0,384.0
5497.0,999.0
5498.0,912.0
5499.0,999.0
5500.0,999.0
5501.0,484.0
5502.0,276.0
5503.0,999.0
5504.0,999.0
5505.0,999.0
5506.0,999.0
5507.0,226.0
5508.0,999.0
5509.0,271.0
5510.0,999.0
5511.0,851.0
5512.0,999.0
5513.0,396.0
5514.0,943.0
5515.0,999.0
5516.0,999.0
5517.0,999.0
5518.0,906.0
5519.0,931.0
5520.0,999.0
5521.0,213.0
5522.0,327.0
5523.0,999.0
5524.0,999.0
5525.0,999.0
5526.0,291.0
5527.0,999.0
5528.0,894.0
5529.0,999.0
5530.0,999.0
5531.0,999.0
5532.0,999.0
5533.0,999.0
5534.0,622.0
5535.0,999.0
5536.0,444.0
5537.0,999.0
5538.0,999.0
5539.0,999.0
5540.0,999.0
5541.0,999.0
5542.0,264.0
5543.0,999.0
5544.0,999.0
5545.0,999.0
5546.0,999.0
5547.0,999.0
5548.0,599.0
5549.0,999.0
5550.0,712.0
5551.0,766.0
5552.0,999.0
5553.0,369.0
5554.0,727.0
5555.0,999.0
5556.0,999.0
5557.0,999.0
5558.0,999.0
5559.0,297.0
5560.0,999.0
5561.0,999.0
5562.0,966.0
5563.0,495.0
5564.0,463.0
5565.0,999.0
5566.0,999.0
5567.0,999.0
5568.0,999.0
5569.0,999.0
5570.0,654.0
5571.0,413.0
5572.0,999.0
5573.0,999.0
5574.0,999.0
5575.0,883.0
5576.0,999.0
5577.0,999.0
5578.0,999.0
5579.0,999.0
5580.0,364.0
5581.0,999.0
5582.0,999.0
5583.0,999.0
5584.0,999.0
5585.0,470.0
5586.0,999.0
5587.0,999.0
5588.0,999.0
5589.0,999.0
5590.0,999.0
5591.0,999.0
5592.0,546.0
5593.0,999.0
5594.0,999.0
5595.0,999.0
5596.0,999.0
5597.0,999.0
5598.0,999.0
5599.0,751.0
5600.0,766.0
5601.0,999.0
5602.0,999.0
5603.0,999.0
5604.0,999.0
5605.0,999.0
5606.0,999.0
5607.0,268.0
5608.0,529.0
5609.0,999.0
5610.0,999.0
5611.0,755.0
5612.0,999.0
5613.0,999.0
5614.0,999.0
5615.0,672.0
5616.0,927.0
5617.0,999.0
5618.0,706.0
5619.0,999.0
5620.0,327.0
5621.0,244.0
5622.0,999.0
5623.0,999.0
5624.0,999.0
5625.0,268.0
5626.0,999.0
5627.0,818.0
5628.0,999.0
5629.0,999.0
5630.0,999.0
5631.0,999.0
5632.0,667.0
5633.0,999.0
5634.0,999.0
5635.0,999.0
5636.0,999.0
5637.0,999.0
5638.0,999.0
5639.0,999.0
5640.0,998.0
5641.0,126.0
5642.0,498.0
5643.0,999.0
5644.0,999.0
5645.0,568.0
5646.0,815.0
5647.0,516.0
5648.0,999.0
5649.0,999.0
5650.0,591.0
5651.0,999.0
5652.0,880.0
5653.0,999.0
5654.0,999.0
5655.0,914.0
5656.0,999.0
5657.0,695.0
5658.0,999.0
5659.0,999.0
5660.0,517.0
5661.0,999.0
5662.0,999.0
5663.0,115.0
5664.0,842.0
5665.0,921.0
5666.0,999.0
5667.0,999.0
5668.0,999.0
5669.0,432.0
5670.0,323.0
5671.0,854.0
5672.0,755.0
5673.0,999.0
5674.0,815.0
5675.0,416.0
5676.0,999.0
5677.0,782.0
5678.0,815.0
5679.0,999.0
5680.0,999.0
5681.0,999.0
5682.0,999.0
5683.0,999.0
5684.0,999.0
5685.0,612.0
5686.0,999.0
5687.0,999.0
5688.0,999.0
5689.0,999.0
5690.0,999.0
5691.0,999.0
5692.0,999.0
5693.0,344.0
5694.0,999.0
5695.0,860.0
5696.0,365.0
5697.0,999.0
5698.0,999.0
5699.0,999.0
5700.0,999.0
5701.0,963.0
5702.0,266.0
5703.0,531.0
5704.0,999.0
5705.0,999.0
5706.0,799.0
5707.0,999.0
5708.0,356.0
5709.0,999.0
5710.0,999.0
5711.0,999.0
5712.0,999.0
5713.0,917.0
5714.0,999.0
5715.0,816.0
5716.0,999.0
5717.0,999.0
5718.0,759.0
5719.0,916.0
5720.0,443.0
5721.0,571.0
5722.0,999.0
5723.0,415.0
5724.0,999.0
5725.0,448.0
5726.0,999.0
5727.0,999.0
5728.0,999.0
5729.0,999.0
5730.0,999.0
5731.0,290.0
5732.0,649.0
5733.0,999.0
5734.0,557.0
5735.0,658.0
5736.0,549.0
5737.0,556.0
5738.0,275.0
5739.0,999.0
5740.0,999.0
5741.0,999.0
5742.0,722.0
5743.0,999.0
5744.0,999.0
5745.0,999.0
5746.0,999.0
5747.0,812.0
5748.0,999.0
5749.0,541.0
5750.0,785.0
5751.0,999.0
5752.0,999.0
5753.0,999.0
5754.0,999.0
5755.0,999.0
5756.0,534.0
5757.0,999.0
5758.0,845.0
5759.0,979.0
5760.0,999.0
5761.0,999.0
5762.0,999.0
5763.0,267.0
5764.0,999.0
5765.0,999.0
5766.0,999.0
5767.0,507.0
5768.0,999.0
5769.0,528.0
5770.0,999.0
5771.0,999.0
5772.0,999.0
5773.0,999.0
5774.0,999.0
5775.0,839.0
5776.0,999.0
5777.0,999.0
5778.0,999.0
5779.0,163.0
5780.0,999.0
5781.0,359.0
5782.0,999.0
5783.0,999.0
5784.0,999.0
5785.0,999.0
5786.0,999.0
5787.0,828.0
5788.0,999.0
5789.0,999.0
5790.0,999.0
5791.0,409.0
5792.0,999.0
5793.0,999.0
5794.0,999.0
5795.0,999.0
5796.0,544.0
5797.0,348.0
5798.0,999.0
5799.0,505.0
5800.0,999.0
5801.0,999.0
5802.0,999.0
5803.0,999.0
5804.0,823.0
5805.0,470.0
5806.0,999.0
5807.0,999.0
5808.0,550.0
5809.0,999.0
5810.0,999.0
5811.0,999.0
5812.0,663.0
5813.0,999.0
5814.0,550.0
5815.0,999.0
5816.0,999.0
5817.0,999.0
5818.0,588.0
5819.0,999.0
5820.0,855.0
5821.0,999.0
5822.0,999.0
5823.0,711.0
5824.0,554.0
5825.0,261.0
5826.0,263.0
5827.0,999.0
5828.0,999.0
5829.0,999.0
5830.0,791.0
5831.0,999.0
5832.0,593.0
5833.0,678.0
5834.0,490.0
5835.0,999.0
5836.0,999.0
5837.0,368.0
5838.0,999.0
5839.0,868.0
5840.0,999.0
5841.0,421.0
5842.0,999.0
5843.0,881.0
5844.0,984.0
5845.0,999.0
5846.0,999.0
5847.0,241.0
5848.0,978.0
5849.0,999.0
5850.0,999.0
5851.0,522.0
5852.0,805.0
5853.0,624.0
5854.0,999.0
5855.0,999.0
5856.0,754.0
5857.0,626.0
5858.0,623.0
5859.0,999.0
5860.0,999.0
5861.0,999.0
5862.0,852.0
5863.0,654.0
5864.0,999.0
5865.0,999.0
5866.0,999.0
5867.0,999.0
5868.0,999.0
5869.0,999.0
5870.0,623.0
5871.0,999.0
5872.0,999.0
5873.0,999.0
5874.0,999.0
5875.0,999.0
5876.0,999.0
5877.0,999.0
5878.0,645.0
5879.0,999.0
5880.0,999.0
5881.0,999.0
5882.0,414.0
5883.0,999.0
5884.0,999.0
5885.0,190.0
5886.0,999.0
5887.0,999.0
5888.0,695.0
5889.0,377.0
5890.0,999.0
5891.0,999.0
5892.0,999.0
5893.0,582.0
5894.0,999.0
5895.0,999.0
5896.0,999.0
5897.0,999.0
5898.0,633.0
5899.0,496.0
5900.0,999.0
5901.0,713.0
5902.0,999.0
5903.0,999.0
5904.0,999.0
5905.0,312.0
5906.0,999.0
5907.0,999.0
5908.0,999.0
5909.0,999.0
5910.0,999.0
5911.0,797.0
5912.0,999.0
5913.0,321.0
5914.0,999.0
5915.0,644.0
5916.0,604.0
5917.0,750.0
5918.0,999.0
5919.0,999.0
5920.0,116.0
5921.0,726.0
5922.0,999.0
5923.0,999.0
5924.0,999.0
5925.0,999.0
5926.0,999.0
5927.0,894.0
5928.0,911.0
5929.0,999.0
5930.0,999.0
5931.0,999.0
5932.0,999.0
5933.0,999.0
5934.0,999.0
5935.0,999.0
5936.0,999.0
5937.0,999.0
5938.0,553.0
5939.0,279.0
5940.0,999.0
5941.0,461.0
5942.0,999.0
5943.0,999.0
5944.0,999.0
5945.0,999.0
5946.0,946.0
5947.0,999.0
5948.0,999.0
5949.0,566.0
5950.0,999.0
5951.0,999.0
5952.0,999.0
5953.0,999.0
5954.0,999.0
5955.0,314.0
5956.0,369.0
5957.0,999.0
5958.0,999.0
5959.0,999.0
5960.0,999.0
5961.0,884.0
5962.0,999.0
5963.0,210.0
5964.0,437.0
5965.0,999.0
5966.0,999.0
5967.0,999.0
5968.0,999.0
5969.0,201.0
5970.0,999.0
5971.0,999.0
5972.0,157.0
5973.0,999.0
5974.0,535.0
5975.0,999.0
5976.0,999.0
5977.0,181.0
5978.0,394.0
5979.0,999.0
5980.0,999.0
5981.0,999.0
5982.0,237.0
5983.0,999.0
5984.0,999.0
5985.0,999.0
5986.0,761.0
5987.0,999.0
5988.0,999.0
5989.0,999.0
5990.0,427.0
5991.0,965.0
5992.0,759.0
5993.0,999.0
5994.0,553.0
5995.0,999.0
5996.0,155.0
5997.0,557.0
5998.0,999.0
5999.0,843.0
6000.0,398.0
