Episode,Agent 2
1.0,8.0
2.0,9.2
3.0,7.4
4.0,9.2
5.0,9.0
6.0,10.8
7.0,11.4
8.0,7.0
9.0,6.0
10.0,9.4
11.0,11.2
12.0,7.0
13.0,6.6
14.0,9.6
15.0,5.6
16.0,7.0
17.0,11.2
18.0,9.2
19.0,8.2
20.0,6.0
21.0,11.0
22.0,4.4
23.0,9.0
24.0,9.0
25.0,6.2
26.0,6.8
27.0,9.0
28.0,7.4
29.0,9.6
30.0,7.0
31.0,6.2
32.0,7.6
33.0,5.2
34.0,10.2
35.0,8.2
36.0,9.2
37.0,9.2
38.0,8.8
39.0,6.6
40.0,6.0
41.0,6.6
42.0,6.2
43.0,5.2
44.0,7.8
45.0,12.4
46.0,5.8
47.0,10.4
48.0,9.4
49.0,6.2
50.0,7.2
51.0,7.2
52.0,10.0
53.0,8.0
54.0,4.4
55.0,6.4
56.0,7.6
57.0,5.2
58.0,8.0
59.0,5.4
60.0,9.0
61.0,7.2
62.0,13.0
63.0,8.2
64.0,9.4
65.0,9.0
66.0,8.4
67.0,6.4
68.0,5.4
69.0,9.4
70.0,7.2
71.0,6.8
72.0,11.4
73.0,6.4
74.0,10.2
75.0,9.4
76.0,7.0
77.0,6.2
78.0,10.2
79.0,8.0
80.0,9.2
81.0,5.8
82.0,7.0
83.0,8.8
84.0,10.0
85.0,7.0
86.0,7.4
87.0,6.6
88.0,12.0
89.0,13.6
90.0,7.0
91.0,10.2
92.0,6.4
93.0,9.8
94.0,7.2
95.0,15.2
96.0,8.0
97.0,9.6
98.0,12.0
99.0,6.8
100.0,5.2
101.0,8.6
102.0,6.4
103.0,9.0
104.0,7.4
105.0,8.0
106.0,12.2
107.0,9.8
108.0,10.6
109.0,7.6
110.0,12.8
111.0,9.6
112.0,6.6
113.0,6.4
114.0,8.0
115.0,9.6
116.0,11.4
117.0,11.0
118.0,13.0
119.0,6.0
120.0,7.6
121.0,7.0
122.0,5.8
123.0,9.2
124.0,6.2
125.0,5.6
126.0,10.0
127.0,8.4
128.0,8.8
129.0,7.4
130.0,11.0
131.0,7.6
132.0,5.8
133.0,12.6
134.0,11.8
135.0,11.0
136.0,10.2
137.0,5.2
138.0,10.6
139.0,8.4
140.0,7.8
141.0,6.8
142.0,5.4
143.0,8.6
144.0,11.4
145.0,7.8
146.0,10.8
147.0,9.2
148.0,8.4
149.0,7.6
150.0,11.2
151.0,5.8
152.0,10.2
153.0,8.0
154.0,6.0
155.0,8.2
156.0,8.4
157.0,5.8
158.0,6.6
159.0,9.8
160.0,10.6
161.0,5.6
162.0,9.0
163.0,12.0
164.0,8.8
165.0,11.4
166.0,7.0
167.0,5.0
168.0,12.6
169.0,10.4
170.0,7.6
171.0,7.4
172.0,9.6
173.0,10.2
174.0,8.8
175.0,12.4
176.0,9.6
177.0,8.0
178.0,13.2
179.0,9.2
180.0,9.0
181.0,8.6
182.0,9.2
183.0,7.2
184.0,10.0
185.0,9.8
186.0,7.4
187.0,7.6
188.0,9.8
189.0,6.8
190.0,5.4
191.0,12.6
192.0,10.0
193.0,11.0
194.0,5.6
195.0,12.0
196.0,9.8
197.0,9.8
198.0,9.2
199.0,8.0
200.0,9.4
201.0,6.8
202.0,8.4
203.0,5.4
204.0,6.4
205.0,10.8
206.0,7.4
207.0,12.4
208.0,10.8
209.0,11.6
210.0,9.2
211.0,9.8
212.0,8.2
213.0,6.8
214.0,9.6
215.0,8.6
216.0,9.4
217.0,6.0
218.0,9.6
219.0,8.0
220.0,12.8
221.0,6.8
222.0,8.4
223.0,9.4
224.0,10.2
225.0,7.2
226.0,10.2
227.0,7.2
228.0,7.0
229.0,7.0
230.0,9.8
231.0,12.2
232.0,6.6
233.0,9.4
234.0,9.2
235.0,13.8
236.0,9.8
237.0,8.8
238.0,12.2
239.0,8.2
240.0,12.0
241.0,9.0
242.0,17.0
243.0,7.8
244.0,9.8
245.0,9.2
246.0,10.4
247.0,13.6
248.0,11.0
249.0,9.2
250.0,8.8
251.0,16.4
252.0,9.0
253.0,6.4
254.0,6.8
255.0,8.6
256.0,11.6
257.0,9.6
258.0,8.0
259.0,9.6
260.0,6.0
261.0,7.2
262.0,7.6
263.0,6.6
264.0,10.2
265.0,13.0
266.0,8.8
267.0,8.6
268.0,14.2
269.0,10.0
270.0,7.8
271.0,6.4
272.0,10.8
273.0,8.6
274.0,7.0
275.0,8.0
276.0,10.2
277.0,9.0
278.0,8.6
279.0,3.8
280.0,8.4
281.0,7.2
282.0,8.0
283.0,8.2
284.0,9.6
285.0,9.8
286.0,7.2
287.0,7.0
288.0,8.0
289.0,8.6
290.0,8.4
291.0,5.4
292.0,10.6
293.0,6.6
294.0,8.4
295.0,5.4
296.0,7.6
297.0,9.6
298.0,9.0
299.0,11.0
300.0,6.6
301.0,8.0
302.0,6.2
303.0,6.6
304.0,10.2
305.0,7.6
306.0,6.6
307.0,7.2
308.0,7.6
309.0,10.8
310.0,5.0
311.0,10.0
312.0,8.2
313.0,8.4
314.0,6.4
315.0,12.0
316.0,7.0
317.0,8.2
318.0,9.6
319.0,10.6
320.0,11.4
321.0,6.4
322.0,10.6
323.0,6.6
324.0,10.8
325.0,8.0
326.0,14.2
327.0,11.0
328.0,7.0
329.0,10.0
330.0,8.6
331.0,10.6
332.0,6.8
333.0,12.0
334.0,10.4
335.0,9.8
336.0,10.8
337.0,10.6
338.0,8.6
339.0,10.0
340.0,11.8
341.0,11.0
342.0,6.0
343.0,9.6
344.0,8.2
345.0,9.4
346.0,10.6
347.0,8.6
348.0,6.0
349.0,8.4
350.0,6.6
351.0,6.4
352.0,7.2
353.0,11.4
354.0,15.8
355.0,5.4
356.0,12.2
357.0,12.4
358.0,9.6
359.0,8.0
360.0,14.0
361.0,7.6
362.0,6.2
363.0,15.2
364.0,8.6
365.0,7.8
366.0,9.2
367.0,6.2
368.0,6.2
369.0,10.4
370.0,5.6
371.0,10.6
372.0,10.8
373.0,10.2
374.0,6.0
375.0,10.0
376.0,6.6
377.0,5.0
378.0,14.6
379.0,13.4
380.0,8.8
381.0,9.6
382.0,6.8
383.0,9.4
384.0,9.4
385.0,9.4
386.0,6.8
387.0,11.4
388.0,11.6
389.0,12.2
390.0,18.4
391.0,7.2
392.0,11.4
393.0,11.8
394.0,12.2
395.0,6.4
396.0,8.0
397.0,9.6
398.0,8.8
399.0,11.2
400.0,14.6
401.0,7.2
402.0,7.8
403.0,7.0
404.0,11.4
405.0,13.4
406.0,12.6
407.0,7.6
408.0,5.6
409.0,5.6
410.0,6.2
411.0,7.8
412.0,7.6
413.0,14.4
414.0,9.4
415.0,10.0
416.0,9.4
417.0,7.6
418.0,12.0
419.0,11.8
420.0,9.8
421.0,10.4
422.0,12.2
423.0,8.4
424.0,8.2
425.0,5.6
426.0,8.4
427.0,8.0
428.0,9.4
429.0,13.4
430.0,10.2
431.0,11.2
432.0,12.2
433.0,7.6
434.0,8.8
435.0,6.8
436.0,10.8
437.0,9.4
438.0,8.2
439.0,9.8
440.0,10.8
441.0,13.0
442.0,12.8
443.0,12.4
444.0,12.4
445.0,13.6
446.0,8.2
447.0,13.6
448.0,8.8
449.0,8.6
450.0,4.4
451.0,10.8
452.0,8.6
453.0,11.2
454.0,9.6
455.0,10.0
456.0,15.8
457.0,6.8
458.0,10.2
459.0,12.4
460.0,7.4
461.0,16.2
462.0,15.4
463.0,7.0
464.0,8.4
465.0,9.8
466.0,12.0
467.0,5.2
468.0,9.6
469.0,11.2
470.0,7.8
471.0,8.6
472.0,12.2
473.0,14.4
474.0,7.6
475.0,9.4
476.0,7.0
477.0,13.6
478.0,7.2
479.0,8.6
480.0,9.0
481.0,10.2
482.0,12.2
483.0,9.8
484.0,10.0
485.0,10.2
486.0,9.8
487.0,8.6
488.0,8.8
489.0,11.2
490.0,10.6
491.0,12.8
492.0,9.0
493.0,11.6
494.0,12.0
495.0,14.2
496.0,8.4
497.0,9.2
498.0,8.6
499.0,5.8
500.0,7.4
501.0,5.4
502.0,9.6
503.0,9.0
504.0,12.4
505.0,8.2
506.0,11.4
507.0,7.6
508.0,17.6
509.0,6.6
510.0,11.0
511.0,9.0
512.0,10.2
513.0,11.4
514.0,13.6
515.0,8.6
516.0,9.8
517.0,11.8
518.0,11.6
519.0,6.0
520.0,9.2
521.0,7.8
522.0,14.4
523.0,8.2
524.0,7.0
525.0,8.8
526.0,7.6
527.0,14.8
528.0,7.6
529.0,9.6
530.0,9.6
531.0,7.8
532.0,5.4
533.0,11.6
534.0,19.8
535.0,10.2
536.0,9.4
537.0,6.8
538.0,8.0
539.0,15.6
540.0,7.6
541.0,9.8
542.0,7.6
543.0,11.6
544.0,12.6
545.0,9.8
546.0,7.8
547.0,9.6
548.0,5.8
549.0,8.2
550.0,9.2
551.0,15.4
552.0,12.8
553.0,9.0
554.0,16.2
555.0,12.0
556.0,10.8
557.0,13.6
558.0,6.6
559.0,8.8
560.0,10.8
561.0,10.0
562.0,9.6
563.0,12.0
564.0,10.2
565.0,8.8
566.0,11.0
567.0,11.8
568.0,12.0
569.0,19.0
570.0,14.2
571.0,17.0
572.0,8.2
573.0,10.2
574.0,10.2
575.0,9.0
576.0,13.2
577.0,16.0
578.0,10.6
579.0,10.2
580.0,10.0
581.0,8.0
582.0,15.4
583.0,15.8
584.0,12.2
585.0,6.2
586.0,9.6
587.0,7.6
588.0,9.6
589.0,10.4
590.0,8.8
591.0,7.4
592.0,5.4
593.0,11.2
594.0,10.2
595.0,9.0
596.0,16.0
597.0,11.8
598.0,12.0
599.0,13.6
600.0,15.0
601.0,7.8
602.0,8.4
603.0,12.2
604.0,7.6
605.0,7.0
606.0,13.2
607.0,15.0
608.0,12.6
609.0,8.8
610.0,9.4
611.0,9.6
612.0,10.2
613.0,11.0
614.0,10.4
615.0,7.2
616.0,9.6
617.0,12.6
618.0,16.0
619.0,7.8
620.0,13.6
621.0,18.0
622.0,13.8
623.0,13.2
624.0,9.8
625.0,8.6
626.0,14.2
627.0,11.6
628.0,10.4
629.0,15.0
630.0,16.2
631.0,9.8
632.0,9.6
633.0,10.8
634.0,8.6
635.0,9.4
636.0,9.6
637.0,13.4
638.0,12.0
639.0,10.0
640.0,10.0
641.0,13.8
642.0,7.6
643.0,13.2
644.0,11.4
645.0,10.6
646.0,14.8
647.0,12.6
648.0,11.0
649.0,8.6
650.0,13.0
651.0,12.6
652.0,8.4
653.0,9.4
654.0,15.2
655.0,16.2
656.0,9.8
657.0,10.4
658.0,11.2
659.0,9.2
660.0,16.2
661.0,11.4
662.0,6.6
663.0,15.0
664.0,7.2
665.0,7.4
666.0,16.2
667.0,10.0
668.0,14.8
669.0,12.8
670.0,10.0
671.0,14.2
672.0,9.0
673.0,7.8
674.0,10.4
675.0,12.2
676.0,10.8
677.0,6.2
678.0,12.6
679.0,18.8
680.0,16.2
681.0,8.8
682.0,8.8
683.0,10.6
684.0,9.0
685.0,16.6
686.0,20.4
687.0,14.2
688.0,16.8
689.0,10.8
690.0,11.0
691.0,7.0
692.0,10.4
693.0,11.4
694.0,6.8
695.0,9.0
696.0,17.8
697.0,10.8
698.0,12.8
699.0,13.8
700.0,19.0
701.0,8.0
702.0,9.6
703.0,7.6
704.0,11.8
705.0,10.4
706.0,15.2
707.0,8.8
708.0,13.8
709.0,11.2
710.0,15.0
711.0,11.0
712.0,17.4
713.0,13.2
714.0,11.4
715.0,12.0
716.0,13.8
717.0,13.4
718.0,17.6
719.0,16.8
720.0,20.6
721.0,10.0
722.0,12.4
723.0,9.8
724.0,9.6
725.0,10.0
726.0,13.6
727.0,14.0
728.0,13.0
729.0,9.8
730.0,7.6
731.0,11.2
732.0,15.0
733.0,10.6
734.0,13.2
735.0,13.8
736.0,14.8
737.0,9.6
738.0,6.0
739.0,9.4
740.0,8.0
741.0,11.4
742.0,11.0
743.0,13.6
744.0,7.6
745.0,10.0
746.0,16.4
747.0,9.6
748.0,8.8
749.0,5.0
750.0,8.8
751.0,5.4
752.0,11.0
753.0,12.0
754.0,6.8
755.0,14.4
756.0,19.2
757.0,10.2
758.0,10.4
759.0,9.4
760.0,12.4
761.0,8.6
762.0,10.4
763.0,11.0
764.0,14.4
765.0,12.8
766.0,9.4
767.0,7.4
768.0,11.2
769.0,9.8
770.0,14.4
771.0,12.8
772.0,10.0
773.0,11.6
774.0,13.2
775.0,8.6
776.0,9.4
777.0,15.2
778.0,19.4
779.0,9.8
780.0,12.6
781.0,10.0
782.0,12.2
783.0,17.8
784.0,11.0
785.0,12.2
786.0,7.6
787.0,9.0
788.0,8.4
789.0,9.2
790.0,13.4
791.0,10.6
792.0,9.6
793.0,7.2
794.0,10.0
795.0,9.6
796.0,8.4
797.0,15.0
798.0,8.6
799.0,11.4
800.0,15.4
801.0,11.2
802.0,14.8
803.0,10.4
804.0,22.2
805.0,16.0
806.0,13.0
807.0,9.8
808.0,14.8
809.0,8.4
810.0,11.6
811.0,17.4
812.0,16.6
813.0,14.6
814.0,9.8
815.0,14.2
816.0,7.6
817.0,14.2
818.0,10.4
819.0,7.8
820.0,12.2
821.0,13.8
822.0,14.6
823.0,11.4
824.0,10.8
825.0,9.4
826.0,10.8
827.0,9.0
828.0,15.0
829.0,15.4
830.0,10.6
831.0,10.8
832.0,11.8
833.0,17.8
834.0,10.4
835.0,16.8
836.0,10.6
837.0,17.0
838.0,24.0
839.0,9.8
840.0,7.8
841.0,15.2
842.0,18.4
843.0,13.2
844.0,16.6
845.0,10.4
846.0,13.4
847.0,12.8
848.0,18.2
849.0,9.0
850.0,13.0
851.0,14.6
852.0,8.2
853.0,20.8
854.0,12.0
855.0,17.2
856.0,9.4
857.0,14.0
858.0,13.8
859.0,11.6
860.0,13.4
861.0,18.8
862.0,11.8
863.0,12.8
864.0,16.6
865.0,10.4
866.0,11.0
867.0,12.0
868.0,15.2
869.0,15.8
870.0,22.0
871.0,12.0
872.0,10.4
873.0,13.2
874.0,22.2
875.0,13.2
876.0,12.2
877.0,11.6
878.0,17.6
879.0,12.0
880.0,14.2
881.0,10.0
882.0,18.2
883.0,19.4
884.0,10.4
885.0,8.6
886.0,17.8
887.0,7.4
888.0,20.6
889.0,13.2
890.0,15.0
891.0,13.2
892.0,12.6
893.0,16.2
894.0,14.8
895.0,10.6
896.0,10.0
897.0,20.6
898.0,14.8
899.0,20.6
900.0,12.2
901.0,19.2
902.0,10.8
903.0,10.6
904.0,14.6
905.0,11.4
906.0,15.2
907.0,18.0
908.0,8.8
909.0,11.8
910.0,11.4
911.0,17.0
912.0,9.8
913.0,15.0
914.0,17.4
915.0,6.2
916.0,9.4
917.0,11.0
918.0,13.8
919.0,19.4
920.0,11.2
921.0,10.2
922.0,11.6
923.0,14.8
924.0,12.8
925.0,15.4
926.0,14.2
927.0,15.4
928.0,26.4
929.0,15.2
930.0,10.8
931.0,16.0
932.0,15.8
933.0,11.8
934.0,12.4
935.0,13.2
936.0,13.4
937.0,12.4
938.0,14.6
939.0,16.8
940.0,17.6
941.0,11.2
942.0,11.6
943.0,16.0
944.0,10.8
945.0,10.0
946.0,12.2
947.0,10.8
948.0,16.2
949.0,12.6
950.0,12.0
951.0,8.0
952.0,7.6
953.0,11.0
954.0,8.6
955.0,9.8
956.0,8.2
957.0,21.6
958.0,10.0
959.0,16.2
960.0,15.8
961.0,11.0
962.0,12.4
963.0,12.2
964.0,13.2
965.0,14.4
966.0,16.8
967.0,21.6
968.0,15.2
969.0,15.6
970.0,11.6
971.0,8.0
972.0,15.8
973.0,28.8
974.0,14.4
975.0,16.4
976.0,16.6
977.0,10.8
978.0,14.2
979.0,16.8
980.0,30.2
981.0,9.2
982.0,18.0
983.0,20.8
984.0,10.2
985.0,14.4
986.0,12.8
987.0,12.8
988.0,28.2
989.0,10.6
990.0,11.2
991.0,16.6
992.0,18.6
993.0,12.0
994.0,19.0
995.0,15.6
996.0,19.8
997.0,11.0
998.0,15.4
999.0,17.0
1000.0,15.4
1001.0,10.8
1002.0,11.6
1003.0,17.8
1004.0,18.2
1005.0,16.0
1006.0,8.2
1007.0,12.0
1008.0,23.6
1009.0,9.2
1010.0,12.0
1011.0,17.2
1012.0,15.2
1013.0,10.6
1014.0,11.8
1015.0,15.4
1016.0,14.4
1017.0,28.6
1018.0,12.6
1019.0,15.2
1020.0,12.6
1021.0,11.0
1022.0,19.4
1023.0,7.8
1024.0,15.6
1025.0,10.2
1026.0,14.4
1027.0,16.0
1028.0,16.4
1029.0,16.2
1030.0,10.4
1031.0,8.0
1032.0,10.0
1033.0,8.4
1034.0,11.4
1035.0,15.8
1036.0,16.8
1037.0,10.2
1038.0,25.8
1039.0,10.2
1040.0,14.4
1041.0,16.6
1042.0,9.8
1043.0,20.8
1044.0,18.6
1045.0,10.0
1046.0,21.4
1047.0,10.4
1048.0,15.0
1049.0,10.2
1050.0,25.0
1051.0,12.2
1052.0,19.4
1053.0,15.8
1054.0,19.4
1055.0,12.2
1056.0,13.6
1057.0,24.8
1058.0,24.8
1059.0,10.4
1060.0,12.2
1061.0,16.6
1062.0,10.4
1063.0,15.6
1064.0,11.2
1065.0,13.2
1066.0,12.6
1067.0,16.4
1068.0,11.4
1069.0,18.2
1070.0,12.6
1071.0,15.0
1072.0,12.4
1073.0,14.6
1074.0,11.8
1075.0,14.4
1076.0,12.8
1077.0,18.8
1078.0,31.8
1079.0,16.4
1080.0,23.2
1081.0,16.8
1082.0,23.2
1083.0,16.8
1084.0,17.8
1085.0,12.6
1086.0,14.0
1087.0,15.2
1088.0,13.2
1089.0,21.8
1090.0,20.2
1091.0,9.4
1092.0,16.6
1093.0,21.0
1094.0,13.6
1095.0,21.8
1096.0,20.2
1097.0,15.8
1098.0,23.2
1099.0,14.0
1100.0,13.0
1101.0,10.4
1102.0,10.8
1103.0,11.4
1104.0,10.6
1105.0,23.4
1106.0,19.6
1107.0,23.4
1108.0,14.0
1109.0,14.8
1110.0,14.8
1111.0,20.6
1112.0,11.8
1113.0,18.0
1114.0,15.2
1115.0,15.0
1116.0,19.2
1117.0,14.8
1118.0,20.2
1119.0,16.8
1120.0,12.6
1121.0,12.8
1122.0,20.8
1123.0,13.4
1124.0,19.0
1125.0,23.2
1126.0,16.6
1127.0,13.2
1128.0,11.6
1129.0,10.6
1130.0,13.6
1131.0,12.2
1132.0,16.2
1133.0,12.4
1134.0,10.0
1135.0,27.8
1136.0,18.6
1137.0,19.6
1138.0,20.4
1139.0,12.4
1140.0,16.0
1141.0,28.4
1142.0,19.2
1143.0,16.0
1144.0,17.0
1145.0,16.4
1146.0,28.4
1147.0,16.2
1148.0,14.0
1149.0,22.4
1150.0,19.0
1151.0,18.0
1152.0,15.6
1153.0,21.0
1154.0,17.0
1155.0,8.6
1156.0,17.6
1157.0,14.4
1158.0,15.0
1159.0,18.2
1160.0,8.6
1161.0,19.8
1162.0,11.8
1163.0,13.0
1164.0,21.4
1165.0,25.0
1166.0,10.2
1167.0,15.0
1168.0,24.8
1169.0,16.4
1170.0,12.8
1171.0,10.6
1172.0,16.0
1173.0,12.6
1174.0,28.6
1175.0,12.8
1176.0,21.2
1177.0,19.6
1178.0,21.6
1179.0,14.6
1180.0,17.2
1181.0,11.6
1182.0,16.6
1183.0,17.0
1184.0,11.4
1185.0,19.6
1186.0,12.2
1187.0,16.8
1188.0,19.2
1189.0,15.6
1190.0,16.6
1191.0,14.2
1192.0,13.0
1193.0,10.6
1194.0,8.4
1195.0,8.6
1196.0,18.8
1197.0,19.0
1198.0,15.0
1199.0,17.2
1200.0,16.4
1201.0,14.4
1202.0,15.4
1203.0,19.0
1204.0,18.6
1205.0,11.6
1206.0,26.8
1207.0,15.2
1208.0,18.0
1209.0,19.2
1210.0,12.8
1211.0,29.8
1212.0,14.6
1213.0,10.2
1214.0,14.8
1215.0,14.4
1216.0,18.6
1217.0,26.8
1218.0,14.2
1219.0,14.4
1220.0,9.0
1221.0,18.2
1222.0,11.6
1223.0,13.8
1224.0,16.2
1225.0,17.2
1226.0,20.0
1227.0,13.0
1228.0,22.2
1229.0,14.6
1230.0,27.0
1231.0,21.8
1232.0,27.0
1233.0,16.8
1234.0,14.2
1235.0,29.0
1236.0,20.4
1237.0,12.0
1238.0,19.4
1239.0,14.6
1240.0,14.4
1241.0,16.6
1242.0,15.0
1243.0,17.2
1244.0,18.6
1245.0,19.2
1246.0,19.6
1247.0,12.2
1248.0,15.4
1249.0,19.0
1250.0,13.0
1251.0,14.2
1252.0,18.6
1253.0,20.2
1254.0,25.8
1255.0,19.8
1256.0,17.0
1257.0,23.6
1258.0,16.2
1259.0,11.2
1260.0,9.6
1261.0,17.8
1262.0,17.0
1263.0,24.6
1264.0,9.6
1265.0,19.2
1266.0,17.6
1267.0,15.0
1268.0,30.0
1269.0,16.0
1270.0,23.4
1271.0,20.8
1272.0,21.2
1273.0,18.4
1274.0,20.4
1275.0,18.8
1276.0,22.8
1277.0,18.4
1278.0,18.6
1279.0,18.6
1280.0,17.4
1281.0,23.6
1282.0,11.4
1283.0,15.8
1284.0,12.6
1285.0,19.2
1286.0,21.2
1287.0,21.6
1288.0,16.0
1289.0,14.0
1290.0,18.0
1291.0,11.4
1292.0,30.8
1293.0,22.0
1294.0,17.0
1295.0,17.2
1296.0,10.6
1297.0,16.0
1298.0,13.4
1299.0,15.6
1300.0,22.4
1301.0,15.6
1302.0,22.8
1303.0,13.0
1304.0,12.6
1305.0,19.2
1306.0,18.2
1307.0,15.4
1308.0,19.0
1309.0,29.4
1310.0,13.4
1311.0,12.0
1312.0,18.0
1313.0,20.4
1314.0,19.2
1315.0,36.0
1316.0,17.2
1317.0,12.6
1318.0,15.6
1319.0,13.6
1320.0,22.8
1321.0,20.0
1322.0,17.4
1323.0,25.4
1324.0,22.0
1325.0,21.6
1326.0,28.2
1327.0,23.4
1328.0,26.6
1329.0,15.2
1330.0,18.4
1331.0,22.4
1332.0,14.8
1333.0,13.8
1334.0,13.8
1335.0,14.8
1336.0,11.2
1337.0,22.6
1338.0,16.0
1339.0,17.6
1340.0,28.8
1341.0,18.0
1342.0,28.0
1343.0,26.4
1344.0,21.4
1345.0,12.4
1346.0,25.4
1347.0,16.8
1348.0,19.6
1349.0,23.8
1350.0,24.8
1351.0,34.2
1352.0,16.0
1353.0,18.8
1354.0,21.6
1355.0,26.2
1356.0,25.8
1357.0,10.8
1358.0,18.8
1359.0,30.4
1360.0,24.0
1361.0,14.8
1362.0,22.0
1363.0,17.4
1364.0,19.6
1365.0,14.4
1366.0,14.8
1367.0,17.0
1368.0,19.6
1369.0,29.4
1370.0,20.6
1371.0,29.4
1372.0,22.4
1373.0,16.0
1374.0,18.0
1375.0,24.0
1376.0,24.8
1377.0,18.8
1378.0,23.8
1379.0,12.6
1380.0,28.0
1381.0,16.8
1382.0,27.0
1383.0,13.4
1384.0,14.0
1385.0,29.6
1386.0,9.4
1387.0,19.8
1388.0,27.6
1389.0,23.2
1390.0,21.8
1391.0,24.4
1392.0,26.2
1393.0,11.2
1394.0,14.4
1395.0,20.2
1396.0,20.6
1397.0,17.6
1398.0,26.4
1399.0,19.4
1400.0,20.6
1401.0,21.2
1402.0,22.2
1403.0,26.8
1404.0,17.6
1405.0,29.0
1406.0,16.4
1407.0,17.6
1408.0,25.4
1409.0,26.8
1410.0,26.8
1411.0,16.0
1412.0,15.2
1413.0,22.4
1414.0,32.2
1415.0,18.0
1416.0,29.2
1417.0,19.8
1418.0,16.6
1419.0,25.0
1420.0,23.4
1421.0,21.4
1422.0,17.4
1423.0,16.8
1424.0,23.2
1425.0,26.2
1426.0,17.8
1427.0,25.4
1428.0,14.0
1429.0,23.2
1430.0,36.0
1431.0,19.2
1432.0,18.2
1433.0,13.8
1434.0,16.8
1435.0,25.8
1436.0,17.6
1437.0,27.0
1438.0,16.8
1439.0,24.8
1440.0,26.6
1441.0,21.4
1442.0,19.2
1443.0,20.8
1444.0,27.0
1445.0,20.4
1446.0,21.0
1447.0,22.4
1448.0,28.4
1449.0,15.8
1450.0,24.0
1451.0,24.6
1452.0,21.2
1453.0,17.4
1454.0,35.2
1455.0,15.2
1456.0,19.0
1457.0,26.6
1458.0,25.2
1459.0,18.0
1460.0,21.2
1461.0,20.8
1462.0,20.8
1463.0,18.0
1464.0,25.6
1465.0,31.2
1466.0,21.2
1467.0,15.8
1468.0,22.4
1469.0,28.0
1470.0,21.6
1471.0,37.8
1472.0,19.6
1473.0,26.2
1474.0,29.4
1475.0,17.6
1476.0,22.8
1477.0,14.6
1478.0,18.0
1479.0,22.0
1480.0,26.2
1481.0,25.8
1482.0,32.8
1483.0,20.4
1484.0,19.8
1485.0,11.2
1486.0,29.0
1487.0,32.6
1488.0,26.6
1489.0,21.6
1490.0,19.8
1491.0,19.2
1492.0,24.6
1493.0,20.4
1494.0,15.8
1495.0,13.0
1496.0,34.8
1497.0,12.0
1498.0,21.6
1499.0,10.6
1500.0,18.0
1501.0,36.6
1502.0,25.0
1503.0,30.2
1504.0,22.0
1505.0,28.6
1506.0,19.6
1507.0,24.8
1508.0,26.4
1509.0,27.0
1510.0,24.4
1511.0,29.2
1512.0,34.6
1513.0,21.8
1514.0,16.6
1515.0,20.0
1516.0,26.2
1517.0,20.4
1518.0,23.8
1519.0,16.2
1520.0,19.0
1521.0,23.8
1522.0,23.4
1523.0,26.4
1524.0,38.8
1525.0,17.6
1526.0,18.2
1527.0,15.8
1528.0,23.8
1529.0,33.2
1530.0,19.6
1531.0,17.4
1532.0,25.4
1533.0,17.0
1534.0,35.4
1535.0,27.0
1536.0,35.6
1537.0,23.8
1538.0,23.4
1539.0,35.8
1540.0,24.8
1541.0,26.6
1542.0,15.4
1543.0,22.8
1544.0,18.0
1545.0,22.6
1546.0,24.4
1547.0,18.4
1548.0,22.0
1549.0,14.8
1550.0,21.0
1551.0,25.2
1552.0,25.4
1553.0,40.8
1554.0,11.8
1555.0,25.2
1556.0,19.8
1557.0,31.0
1558.0,20.6
1559.0,24.2
1560.0,24.4
1561.0,21.6
1562.0,22.4
1563.0,27.2
1564.0,21.4
1565.0,27.6
1566.0,30.0
1567.0,26.4
1568.0,36.8
1569.0,17.0
1570.0,18.4
1571.0,27.2
1572.0,18.8
1573.0,26.6
1574.0,26.0
1575.0,22.6
1576.0,23.4
1577.0,23.8
1578.0,19.6
1579.0,26.4
1580.0,15.8
1581.0,27.4
1582.0,19.6
1583.0,28.0
1584.0,12.6
1585.0,22.6
1586.0,27.8
1587.0,24.2
1588.0,44.6
1589.0,25.4
1590.0,37.2
1591.0,26.2
1592.0,36.8
1593.0,17.2
1594.0,29.6
1595.0,26.4
1596.0,21.8
1597.0,23.6
1598.0,22.4
1599.0,29.2
1600.0,21.0
1601.0,34.8
1602.0,25.0
1603.0,19.4
1604.0,25.4
1605.0,27.6
1606.0,34.4
1607.0,24.2
1608.0,28.0
1609.0,19.2
1610.0,24.4
1611.0,25.0
1612.0,12.8
1613.0,30.0
1614.0,26.0
1615.0,20.8
1616.0,23.8
1617.0,27.0
1618.0,33.0
1619.0,24.8
1620.0,23.2
1621.0,24.2
1622.0,22.0
1623.0,25.0
1624.0,21.6
1625.0,23.2
1626.0,27.4
1627.0,25.0
1628.0,37.8
1629.0,23.8
1630.0,19.2
1631.0,21.4
1632.0,19.2
1633.0,17.4
1634.0,14.8
1635.0,40.0
1636.0,25.4
1637.0,20.4
1638.0,26.0
1639.0,32.0
1640.0,28.2
1641.0,28.4
1642.0,27.2
1643.0,30.6
1644.0,16.6
1645.0,35.8
1646.0,35.4
1647.0,20.0
1648.0,27.8
1649.0,19.2
1650.0,26.4
1651.0,29.6
1652.0,28.6
1653.0,26.8
1654.0,44.8
1655.0,19.4
1656.0,24.2
1657.0,33.0
1658.0,21.8
1659.0,37.6
1660.0,28.0
1661.0,17.6
1662.0,30.0
1663.0,25.6
1664.0,25.8
1665.0,21.6
1666.0,25.6
1667.0,27.0
1668.0,29.0
1669.0,17.2
1670.0,14.2
1671.0,34.6
1672.0,35.8
1673.0,31.6
1674.0,23.8
1675.0,34.2
1676.0,13.0
1677.0,46.8
1678.0,21.4
1679.0,25.8
1680.0,18.6
1681.0,22.6
1682.0,18.4
1683.0,22.6
1684.0,31.0
1685.0,22.8
1686.0,35.2
1687.0,37.4
1688.0,41.4
1689.0,43.0
1690.0,34.8
1691.0,21.6
1692.0,25.8
1693.0,28.6
1694.0,26.2
1695.0,31.4
1696.0,24.8
1697.0,39.8
1698.0,36.4
1699.0,36.4
1700.0,16.8
1701.0,25.6
1702.0,28.4
1703.0,29.2
1704.0,35.0
1705.0,32.8
1706.0,34.6
1707.0,37.0
1708.0,20.8
1709.0,35.4
1710.0,57.2
1711.0,31.0
1712.0,28.0
1713.0,22.6
1714.0,16.0
1715.0,14.4
1716.0,27.6
1717.0,26.8
1718.0,32.0
1719.0,33.6
1720.0,33.8
1721.0,22.6
1722.0,26.8
1723.0,22.8
1724.0,23.4
1725.0,20.6
1726.0,27.2
1727.0,31.6
1728.0,31.6
1729.0,31.6
1730.0,34.0
1731.0,23.4
1732.0,23.8
1733.0,23.4
1734.0,18.4
1735.0,20.2
1736.0,38.6
1737.0,29.0
1738.0,22.0
1739.0,30.6
1740.0,30.4
1741.0,31.8
1742.0,33.0
1743.0,41.0
1744.0,36.4
1745.0,20.8
1746.0,27.0
1747.0,27.2
1748.0,34.4
1749.0,20.6
1750.0,31.2
1751.0,25.0
1752.0,35.0
1753.0,39.4
1754.0,28.0
1755.0,18.0
1756.0,19.2
1757.0,44.2
1758.0,40.6
1759.0,39.6
1760.0,26.0
1761.0,26.4
1762.0,25.6
1763.0,38.8
1764.0,31.0
1765.0,30.6
1766.0,27.4
1767.0,31.2
1768.0,26.4
1769.0,25.2
1770.0,30.0
1771.0,35.2
1772.0,31.0
1773.0,34.6
1774.0,25.0
1775.0,32.2
1776.0,24.6
1777.0,42.0
1778.0,26.2
1779.0,29.6
1780.0,33.8
1781.0,25.4
1782.0,28.8
1783.0,24.6
1784.0,39.4
1785.0,27.8
1786.0,44.6
1787.0,21.0
1788.0,29.2
1789.0,37.4
1790.0,27.4
1791.0,33.8
1792.0,23.6
1793.0,31.2
1794.0,43.4
1795.0,32.4
1796.0,45.0
1797.0,36.2
1798.0,27.8
1799.0,23.0
1800.0,41.4
1801.0,30.0
1802.0,27.8
1803.0,22.8
1804.0,32.2
1805.0,25.8
1806.0,26.0
1807.0,26.4
1808.0,35.0
1809.0,55.0
1810.0,31.4
1811.0,37.2
1812.0,39.0
1813.0,32.2
1814.0,24.2
1815.0,36.0
1816.0,34.8
1817.0,37.4
1818.0,40.0
1819.0,26.6
1820.0,27.6
1821.0,47.4
1822.0,26.8
1823.0,17.2
1824.0,18.8
1825.0,18.8
1826.0,23.4
1827.0,42.4
1828.0,37.0
1829.0,24.4
1830.0,23.8
1831.0,28.6
1832.0,27.8
1833.0,24.0
1834.0,41.8
1835.0,53.8
1836.0,33.6
1837.0,26.2
1838.0,32.2
1839.0,28.4
1840.0,30.6
1841.0,31.8
1842.0,24.2
1843.0,21.2
1844.0,43.6
1845.0,27.6
1846.0,55.6
1847.0,35.4
1848.0,40.6
1849.0,20.2
1850.0,16.6
1851.0,25.2
1852.0,28.6
1853.0,40.8
1854.0,59.0
1855.0,41.6
1856.0,22.2
1857.0,34.2
1858.0,40.6
1859.0,31.4
1860.0,25.6
1861.0,44.4
1862.0,29.8
1863.0,30.4
1864.0,42.0
1865.0,32.2
1866.0,29.6
1867.0,24.0
1868.0,48.2
1869.0,32.4
1870.0,46.4
1871.0,46.6
1872.0,26.8
1873.0,41.6
1874.0,41.2
1875.0,26.6
1876.0,33.0
1877.0,24.0
1878.0,37.6
1879.0,30.0
1880.0,31.0
1881.0,38.4
1882.0,34.8
1883.0,22.2
1884.0,30.0
1885.0,44.8
1886.0,29.6
1887.0,45.2
1888.0,31.4
1889.0,24.2
1890.0,42.4
1891.0,30.0
1892.0,51.0
1893.0,32.2
1894.0,55.6
1895.0,31.4
1896.0,28.0
1897.0,41.2
1898.0,34.6
1899.0,33.6
1900.0,26.8
1901.0,46.6
1902.0,33.6
1903.0,41.0
1904.0,37.0
1905.0,34.8
1906.0,41.2
1907.0,43.6
1908.0,37.6
1909.0,40.4
1910.0,26.4
1911.0,43.0
1912.0,56.4
1913.0,50.0
1914.0,32.6
1915.0,33.6
1916.0,28.2
1917.0,26.0
1918.0,31.8
1919.0,36.2
1920.0,30.0
1921.0,49.0
1922.0,40.8
1923.0,38.6
1924.0,30.6
1925.0,21.0
1926.0,38.8
1927.0,40.8
1928.0,29.2
1929.0,38.2
1930.0,62.4
1931.0,40.0
1932.0,38.0
1933.0,32.6
1934.0,37.0
1935.0,44.2
1936.0,28.0
1937.0,46.4
1938.0,36.8
1939.0,28.2
1940.0,41.8
1941.0,39.4
1942.0,56.4
1943.0,38.2
1944.0,28.6
1945.0,34.6
1946.0,36.6
1947.0,24.0
1948.0,26.2
1949.0,34.4
1950.0,29.2
1951.0,42.8
1952.0,26.4
1953.0,43.2
1954.0,34.0
1955.0,34.0
1956.0,47.4
1957.0,59.6
1958.0,42.6
1959.0,36.8
1960.0,37.8
1961.0,25.2
1962.0,40.2
1963.0,40.6
1964.0,30.4
1965.0,40.8
1966.0,28.6
1967.0,44.2
1968.0,39.0
1969.0,27.6
1970.0,42.0
1971.0,31.6
1972.0,27.0
1973.0,27.6
1974.0,51.4
1975.0,24.6
1976.0,36.6
1977.0,47.2
1978.0,37.2
1979.0,30.2
1980.0,28.4
1981.0,28.2
1982.0,45.6
1983.0,45.8
1984.0,27.2
1985.0,48.8
1986.0,39.4
1987.0,34.6
1988.0,26.6
1989.0,52.2
1990.0,40.2
1991.0,65.6
1992.0,44.6
1993.0,36.2
1994.0,38.6
1995.0,41.0
1996.0,30.2
1997.0,23.0
1998.0,48.6
1999.0,45.8
2000.0,34.4
2001.0,37.8
2002.0,48.6
2003.0,54.2
2004.0,31.4
2005.0,57.2
2006.0,43.8
2007.0,40.0
2008.0,46.0
2009.0,43.4
2010.0,36.0
2011.0,25.4
2012.0,38.6
2013.0,32.0
2014.0,37.4
2015.0,66.0
2016.0,31.0
2017.0,48.2
2018.0,56.2
2019.0,32.0
2020.0,39.4
2021.0,43.4
2022.0,36.4
2023.0,39.4
2024.0,37.0
2025.0,52.0
2026.0,28.8
2027.0,34.4
2028.0,52.4
2029.0,57.2
2030.0,36.2
2031.0,43.2
2032.0,42.4
2033.0,32.0
2034.0,42.2
2035.0,47.4
2036.0,35.8
2037.0,27.8
2038.0,56.0
2039.0,56.2
2040.0,43.4
2041.0,31.2
2042.0,38.2
2043.0,36.6
2044.0,48.6
2045.0,35.0
2046.0,38.2
2047.0,62.0
2048.0,47.4
2049.0,30.4
2050.0,34.8
2051.0,41.0
2052.0,58.6
2053.0,41.6
2054.0,41.6
2055.0,23.6
2056.0,48.6
2057.0,41.6
2058.0,38.4
2059.0,45.8
2060.0,59.8
2061.0,44.2
2062.0,26.6
2063.0,60.6
2064.0,42.6
2065.0,57.4
2066.0,54.2
2067.0,37.0
2068.0,46.0
2069.0,37.6
2070.0,31.2
2071.0,44.6
2072.0,42.8
2073.0,52.0
2074.0,44.0
2075.0,40.8
2076.0,41.4
2077.0,56.6
2078.0,32.4
2079.0,48.4
2080.0,35.4
2081.0,44.4
2082.0,43.0
2083.0,40.4
2084.0,40.8
2085.0,54.2
2086.0,57.0
2087.0,58.0
2088.0,68.2
2089.0,43.6
2090.0,43.2
2091.0,32.2
2092.0,21.2
2093.0,43.4
2094.0,58.4
2095.0,38.6
2096.0,46.2
2097.0,55.4
2098.0,40.4
2099.0,56.2
2100.0,38.0
2101.0,41.0
2102.0,32.2
2103.0,35.0
2104.0,39.8
2105.0,48.2
2106.0,51.4
2107.0,38.6
2108.0,34.2
2109.0,45.4
2110.0,43.6
2111.0,62.8
2112.0,46.4
2113.0,31.6
2114.0,45.0
2115.0,40.6
2116.0,42.2
2117.0,50.4
2118.0,48.2
2119.0,62.4
2120.0,47.8
2121.0,56.6
2122.0,55.2
2123.0,35.4
2124.0,58.2
2125.0,54.4
2126.0,69.2
2127.0,51.2
2128.0,35.6
2129.0,34.6
2130.0,46.4
2131.0,30.8
2132.0,44.0
2133.0,52.8
2134.0,42.8
2135.0,47.2
2136.0,50.8
2137.0,31.2
2138.0,51.0
2139.0,42.2
2140.0,29.8
2141.0,48.2
2142.0,47.8
2143.0,44.4
2144.0,45.4
2145.0,43.2
2146.0,37.8
2147.0,59.8
2148.0,48.0
2149.0,34.8
2150.0,54.4
2151.0,44.4
2152.0,37.8
2153.0,56.4
2154.0,51.2
2155.0,51.8
2156.0,56.2
2157.0,30.0
2158.0,42.2
2159.0,36.8
2160.0,49.4
2161.0,58.6
2162.0,79.0
2163.0,59.0
2164.0,47.4
2165.0,44.4
2166.0,39.8
2167.0,50.2
2168.0,50.8
2169.0,51.8
2170.0,42.2
2171.0,58.0
2172.0,44.2
2173.0,46.6
2174.0,40.8
2175.0,65.6
2176.0,43.8
2177.0,41.6
2178.0,79.2
2179.0,31.6
2180.0,62.2
2181.0,49.4
2182.0,52.0
2183.0,40.4
2184.0,53.8
2185.0,41.2
2186.0,37.4
2187.0,41.8
2188.0,45.8
2189.0,60.4
2190.0,54.2
2191.0,37.4
2192.0,50.2
2193.0,64.0
2194.0,43.2
2195.0,59.2
2196.0,41.8
2197.0,55.0
2198.0,48.6
2199.0,37.4
2200.0,58.8
2201.0,56.6
2202.0,51.2
2203.0,55.4
2204.0,50.6
2205.0,64.6
2206.0,62.4
2207.0,37.6
2208.0,55.6
2209.0,72.2
2210.0,56.8
2211.0,35.0
2212.0,54.0
2213.0,66.6
2214.0,48.8
2215.0,45.0
2216.0,41.0
2217.0,55.0
2218.0,45.0
2219.0,67.6
2220.0,36.6
2221.0,60.8
2222.0,48.8
2223.0,54.8
2224.0,64.2
2225.0,55.6
2226.0,39.0
2227.0,53.8
2228.0,45.4
2229.0,59.6
2230.0,79.0
2231.0,47.0
2232.0,35.6
2233.0,58.8
2234.0,59.6
2235.0,56.8
2236.0,44.6
2237.0,44.6
2238.0,62.2
2239.0,43.6
2240.0,61.4
2241.0,59.8
2242.0,59.4
2243.0,36.4
2244.0,47.8
2245.0,63.2
2246.0,59.8
2247.0,54.0
2248.0,53.0
2249.0,53.6
2250.0,78.0
2251.0,48.8
2252.0,45.0
2253.0,49.8
2254.0,60.2
2255.0,61.4
2256.0,45.2
2257.0,63.2
2258.0,48.6
2259.0,53.2
2260.0,49.8
2261.0,50.6
2262.0,52.0
2263.0,55.0
2264.0,38.6
2265.0,45.6
2266.0,58.0
2267.0,74.6
2268.0,43.4
2269.0,32.0
2270.0,48.6
2271.0,41.4
2272.0,44.4
2273.0,42.8
2274.0,42.2
2275.0,71.2
2276.0,62.4
2277.0,33.6
2278.0,80.6
2279.0,54.2
2280.0,39.8
2281.0,51.8
2282.0,56.0
2283.0,37.2
2284.0,42.0
2285.0,48.0
2286.0,44.2
2287.0,55.4
2288.0,39.0
2289.0,45.8
2290.0,53.4
2291.0,45.6
2292.0,52.2
2293.0,41.0
2294.0,42.0
2295.0,52.0
2296.0,50.6
2297.0,40.6
2298.0,58.2
2299.0,78.2
2300.0,40.0
2301.0,62.8
2302.0,57.8
2303.0,44.8
2304.0,46.0
2305.0,78.8
2306.0,70.0
2307.0,43.4
2308.0,64.0
2309.0,64.4
2310.0,44.6
2311.0,68.4
2312.0,75.0
2313.0,61.8
2314.0,52.4
2315.0,79.0
2316.0,49.0
2317.0,69.4
2318.0,49.6
2319.0,46.6
2320.0,51.0
2321.0,58.2
2322.0,28.2
2323.0,39.2
2324.0,70.2
2325.0,66.6
2326.0,67.2
2327.0,47.8
2328.0,74.8
2329.0,51.6
2330.0,42.4
2331.0,76.2
2332.0,46.6
2333.0,61.2
2334.0,32.4
2335.0,38.6
2336.0,43.4
2337.0,78.2
2338.0,49.4
2339.0,46.8
2340.0,63.8
2341.0,62.0
2342.0,49.2
2343.0,54.4
2344.0,48.2
2345.0,52.2
2346.0,70.2
2347.0,101.0
2348.0,78.6
2349.0,57.8
2350.0,55.4
2351.0,66.8
2352.0,50.8
2353.0,52.4
2354.0,72.4
2355.0,44.2
2356.0,44.6
2357.0,109.0
2358.0,44.4
2359.0,75.8
2360.0,56.2
2361.0,37.4
2362.0,62.8
2363.0,59.2
2364.0,73.6
2365.0,56.8
2366.0,76.6
2367.0,47.2
2368.0,45.2
2369.0,35.0
2370.0,37.2
2371.0,52.0
2372.0,54.2
2373.0,53.0
2374.0,45.4
2375.0,58.2
2376.0,78.6
2377.0,54.6
2378.0,34.2
2379.0,49.6
2380.0,54.4
2381.0,48.4
2382.0,71.6
2383.0,65.8
2384.0,51.2
2385.0,70.2
2386.0,49.8
2387.0,74.4
2388.0,46.8
2389.0,52.8
2390.0,68.0
2391.0,62.6
2392.0,64.4
2393.0,68.0
2394.0,46.6
2395.0,36.0
2396.0,53.4
2397.0,66.6
2398.0,60.0
2399.0,43.0
2400.0,53.4
2401.0,71.8
2402.0,63.2
2403.0,52.4
2404.0,61.0
2405.0,78.0
2406.0,59.0
2407.0,83.4
2408.0,65.0
2409.0,76.0
2410.0,64.4
2411.0,31.8
2412.0,51.8
2413.0,47.4
2414.0,61.4
2415.0,52.6
2416.0,81.4
2417.0,67.2
2418.0,68.4
2419.0,62.8
2420.0,88.4
2421.0,61.2
2422.0,66.8
2423.0,51.0
2424.0,68.2
2425.0,99.2
2426.0,72.6
2427.0,63.8
2428.0,46.2
2429.0,45.2
2430.0,70.0
2431.0,52.8
2432.0,50.2
2433.0,60.6
2434.0,79.2
2435.0,56.8
2436.0,67.2
2437.0,67.6
2438.0,46.4
2439.0,56.6
2440.0,58.4
2441.0,55.0
2442.0,47.6
2443.0,53.6
2444.0,58.6
2445.0,67.6
2446.0,74.8
2447.0,90.6
2448.0,69.6
2449.0,60.2
2450.0,64.4
2451.0,79.2
2452.0,54.6
2453.0,58.4
2454.0,60.8
2455.0,57.0
2456.0,51.0
2457.0,64.8
2458.0,52.4
2459.0,65.4
2460.0,75.0
2461.0,48.8
2462.0,50.0
2463.0,75.6
2464.0,65.6
2465.0,55.0
2466.0,63.6
2467.0,71.6
2468.0,54.8
2469.0,47.8
2470.0,67.4
2471.0,59.6
2472.0,63.8
2473.0,52.2
2474.0,46.2
2475.0,68.8
2476.0,53.2
2477.0,54.0
2478.0,46.0
2479.0,95.8
2480.0,63.0
2481.0,70.8
2482.0,54.0
2483.0,66.0
2484.0,84.0
2485.0,49.0
2486.0,74.6
2487.0,58.8
2488.0,74.8
2489.0,59.8
2490.0,40.8
2491.0,85.6
2492.0,66.8
2493.0,68.6
2494.0,52.4
2495.0,63.4
2496.0,53.2
2497.0,75.6
2498.0,51.8
2499.0,66.2
2500.0,69.2
2501.0,61.2
2502.0,77.2
2503.0,65.4
2504.0,87.6
2505.0,61.2
2506.0,68.4
2507.0,51.8
2508.0,61.8
2509.0,63.6
2510.0,44.8
2511.0,67.4
2512.0,63.8
2513.0,61.6
2514.0,62.0
2515.0,84.4
2516.0,97.2
2517.0,65.0
2518.0,44.4
2519.0,48.0
2520.0,64.4
2521.0,66.8
2522.0,77.4
2523.0,51.2
2524.0,53.8
2525.0,69.0
2526.0,46.8
2527.0,69.8
2528.0,55.6
2529.0,72.8
2530.0,67.2
2531.0,65.4
2532.0,76.8
2533.0,90.4
2534.0,57.6
2535.0,48.6
2536.0,64.0
2537.0,55.4
2538.0,70.6
2539.0,48.4
2540.0,85.0
2541.0,59.2
2542.0,71.2
2543.0,56.0
2544.0,63.0
2545.0,62.4
2546.0,65.8
2547.0,62.8
2548.0,60.2
2549.0,63.6
2550.0,62.4
2551.0,74.2
2552.0,74.2
2553.0,67.8
2554.0,93.6
2555.0,53.0
2556.0,100.2
2557.0,59.2
2558.0,75.2
2559.0,65.2
2560.0,57.8
2561.0,57.0
2562.0,59.8
2563.0,72.4
2564.0,59.2
2565.0,70.0
2566.0,77.6
2567.0,65.6
2568.0,71.2
2569.0,69.4
2570.0,55.2
2571.0,57.8
2572.0,88.6
2573.0,100.2
2574.0,85.6
2575.0,68.8
2576.0,54.2
2577.0,63.8
2578.0,67.2
2579.0,40.0
2580.0,61.4
2581.0,61.8
2582.0,102.4
2583.0,76.6
2584.0,71.4
2585.0,69.4
2586.0,59.2
2587.0,91.2
2588.0,51.0
2589.0,48.4
2590.0,77.6
2591.0,87.8
2592.0,69.4
2593.0,64.6
2594.0,61.0
2595.0,42.4
2596.0,70.2
2597.0,80.2
2598.0,113.0
2599.0,68.0
2600.0,93.8
2601.0,66.0
2602.0,92.6
2603.0,82.4
2604.0,50.4
2605.0,64.6
2606.0,87.0
2607.0,58.0
2608.0,84.4
2609.0,51.0
2610.0,70.2
2611.0,89.0
2612.0,61.2
2613.0,50.0
2614.0,95.0
2615.0,62.4
2616.0,71.6
2617.0,50.0
2618.0,72.4
2619.0,48.6
2620.0,59.6
2621.0,51.4
2622.0,65.8
2623.0,60.0
2624.0,78.0
2625.0,67.6
2626.0,67.8
2627.0,71.8
2628.0,59.8
2629.0,54.6
2630.0,70.6
2631.0,73.6
2632.0,47.4
2633.0,66.4
2634.0,65.6
2635.0,74.0
2636.0,85.0
2637.0,64.8
2638.0,89.2
2639.0,62.2
2640.0,62.2
2641.0,55.6
2642.0,53.8
2643.0,78.2
2644.0,77.4
2645.0,59.6
2646.0,59.6
2647.0,62.2
2648.0,78.8
2649.0,73.2
2650.0,64.6
2651.0,46.2
2652.0,84.2
2653.0,58.4
2654.0,65.0
2655.0,64.2
2656.0,58.2
2657.0,77.0
2658.0,94.6
2659.0,47.6
2660.0,62.4
2661.0,48.6
2662.0,69.6
2663.0,62.0
2664.0,74.8
2665.0,60.8
2666.0,58.8
2667.0,88.0
2668.0,53.4
2669.0,65.8
2670.0,56.6
2671.0,58.2
2672.0,83.6
2673.0,62.8
2674.0,56.4
2675.0,72.2
2676.0,58.4
2677.0,60.6
2678.0,81.8
2679.0,63.0
2680.0,63.8
2681.0,80.4
2682.0,51.8
2683.0,93.4
2684.0,122.8
2685.0,115.2
2686.0,85.2
2687.0,101.4
2688.0,71.4
2689.0,82.0
2690.0,57.2
2691.0,69.2
2692.0,78.8
2693.0,64.4
2694.0,53.8
2695.0,76.2
2696.0,93.0
2697.0,50.4
2698.0,71.8
2699.0,79.8
2700.0,74.4
2701.0,91.8
2702.0,106.0
2703.0,70.8
2704.0,54.6
2705.0,92.0
2706.0,57.2
2707.0,74.6
2708.0,97.8
2709.0,105.4
2710.0,54.8
2711.0,60.6
2712.0,66.4
2713.0,76.8
2714.0,83.2
2715.0,83.2
2716.0,82.2
2717.0,83.6
2718.0,44.8
2719.0,77.0
2720.0,106.8
2721.0,102.4
2722.0,67.8
2723.0,65.8
2724.0,64.8
2725.0,73.8
2726.0,59.2
2727.0,69.0
2728.0,65.6
2729.0,55.2
2730.0,64.4
2731.0,78.0
2732.0,61.0
2733.0,91.2
2734.0,62.8
2735.0,73.2
2736.0,95.8
2737.0,42.8
2738.0,101.0
2739.0,89.8
2740.0,72.2
2741.0,76.0
2742.0,59.6
2743.0,80.0
2744.0,65.0
2745.0,83.0
2746.0,78.8
2747.0,65.0
2748.0,83.4
2749.0,48.2
2750.0,95.2
2751.0,90.2
2752.0,63.6
2753.0,61.4
2754.0,74.4
2755.0,84.2
2756.0,72.6
2757.0,76.0
2758.0,79.2
2759.0,62.4
2760.0,92.6
2761.0,56.6
2762.0,76.2
2763.0,83.6
2764.0,74.8
2765.0,84.6
2766.0,60.6
2767.0,62.4
2768.0,91.6
2769.0,69.0
2770.0,84.0
2771.0,93.0
2772.0,69.6
2773.0,68.6
2774.0,104.8
2775.0,67.6
2776.0,58.4
2777.0,75.2
2778.0,52.4
2779.0,51.4
2780.0,74.0
2781.0,88.4
2782.0,62.2
2783.0,93.4
2784.0,96.0
2785.0,55.2
2786.0,56.4
2787.0,76.0
2788.0,75.4
2789.0,63.4
2790.0,82.4
2791.0,84.8
2792.0,84.4
2793.0,63.2
2794.0,112.2
2795.0,51.6
2796.0,70.0
2797.0,62.2
2798.0,82.6
2799.0,85.6
2800.0,89.2
2801.0,51.0
2802.0,129.4
2803.0,63.2
2804.0,109.2
2805.0,76.4
2806.0,65.4
2807.0,69.4
2808.0,70.8
2809.0,104.8
2810.0,110.2
2811.0,57.2
2812.0,81.8
2813.0,88.6
2814.0,87.6
2815.0,68.8
2816.0,60.8
2817.0,117.0
2818.0,121.6
2819.0,107.2
2820.0,94.2
2821.0,113.4
2822.0,78.6
2823.0,64.4
2824.0,82.8
2825.0,72.2
2826.0,112.0
2827.0,78.8
2828.0,103.2
2829.0,67.8
2830.0,59.2
2831.0,62.4
2832.0,76.8
2833.0,102.8
2834.0,76.2
2835.0,53.8
2836.0,75.8
2837.0,81.6
2838.0,63.8
2839.0,93.6
2840.0,91.8
2841.0,86.8
2842.0,89.8
2843.0,89.0
2844.0,98.2
2845.0,66.6
2846.0,92.4
2847.0,90.2
2848.0,72.0
2849.0,74.6
2850.0,59.0
2851.0,108.4
2852.0,94.6
2853.0,83.0
2854.0,90.6
2855.0,76.8
2856.0,119.6
2857.0,70.0
2858.0,81.2
2859.0,68.4
2860.0,92.8
2861.0,84.6
2862.0,96.6
2863.0,91.6
2864.0,57.8
2865.0,55.2
2866.0,55.8
2867.0,65.8
2868.0,97.6
2869.0,99.6
2870.0,102.8
2871.0,69.6
2872.0,80.2
2873.0,71.4
2874.0,81.0
2875.0,88.6
2876.0,101.6
2877.0,57.0
2878.0,128.0
2879.0,76.2
2880.0,95.0
2881.0,102.8
2882.0,80.0
2883.0,92.6
2884.0,75.4
2885.0,93.0
2886.0,66.2
2887.0,78.6
2888.0,61.2
2889.0,81.0
2890.0,83.8
2891.0,58.4
2892.0,76.0
2893.0,87.0
2894.0,88.4
2895.0,73.8
2896.0,103.2
2897.0,69.8
2898.0,121.4
2899.0,88.6
2900.0,83.4
2901.0,63.4
2902.0,49.6
2903.0,80.4
2904.0,91.4
2905.0,109.2
2906.0,106.6
2907.0,80.4
2908.0,68.0
2909.0,70.6
2910.0,57.6
2911.0,93.4
2912.0,92.6
2913.0,80.8
2914.0,52.0
2915.0,91.4
2916.0,70.2
2917.0,77.0
2918.0,56.8
2919.0,84.6
2920.0,76.6
2921.0,63.2
2922.0,91.8
2923.0,79.8
2924.0,75.0
2925.0,62.4
2926.0,99.4
2927.0,101.6
2928.0,103.6
2929.0,62.4
2930.0,71.4
2931.0,81.8
2932.0,84.4
2933.0,76.4
2934.0,70.8
2935.0,78.4
2936.0,78.8
2937.0,73.0
2938.0,90.4
2939.0,87.8
2940.0,99.4
2941.0,56.6
2942.0,76.0
2943.0,122.2
2944.0,51.6
2945.0,98.4
2946.0,57.8
2947.0,70.8
2948.0,85.2
2949.0,56.6
2950.0,100.8
2951.0,65.6
2952.0,87.6
2953.0,87.8
2954.0,100.0
2955.0,82.0
2956.0,84.4
2957.0,64.8
2958.0,84.4
2959.0,110.2
2960.0,98.6
2961.0,66.8
2962.0,67.8
2963.0,91.4
2964.0,71.2
2965.0,113.4
2966.0,86.2
2967.0,68.4
2968.0,92.8
2969.0,80.6
2970.0,81.4
2971.0,104.0
2972.0,119.0
2973.0,80.2
2974.0,84.0
2975.0,63.2
2976.0,113.6
2977.0,97.8
2978.0,90.6
2979.0,65.6
2980.0,90.6
2981.0,99.2
2982.0,114.0
2983.0,87.0
2984.0,126.4
2985.0,76.8
2986.0,63.8
2987.0,79.0
2988.0,71.0
2989.0,76.0
2990.0,95.4
2991.0,70.4
2992.0,88.6
2993.0,107.0
2994.0,68.0
2995.0,88.6
2996.0,88.0
2997.0,118.2
2998.0,99.4
2999.0,95.6
3000.0,49.4
3001.0,72.0
3002.0,71.4
3003.0,80.6
3004.0,92.4
3005.0,84.6
3006.0,69.6
3007.0,83.8
3008.0,104.8
3009.0,85.4
3010.0,62.0
3011.0,94.8
3012.0,84.8
3013.0,99.4
3014.0,91.4
3015.0,73.2
3016.0,107.6
3017.0,70.6
3018.0,80.4
3019.0,87.6
3020.0,68.0
3021.0,90.0
3022.0,93.4
3023.0,92.0
3024.0,135.4
3025.0,88.6
3026.0,94.2
3027.0,75.6
3028.0,77.2
3029.0,96.6
3030.0,79.4
3031.0,61.2
3032.0,70.8
3033.0,98.6
3034.0,79.4
3035.0,84.2
3036.0,58.2
3037.0,136.0
3038.0,96.0
3039.0,115.0
3040.0,90.2
3041.0,81.2
3042.0,86.8
3043.0,87.6
3044.0,88.0
3045.0,78.0
3046.0,72.0
3047.0,84.0
3048.0,87.2
3049.0,105.4
3050.0,134.6
3051.0,71.6
3052.0,63.2
3053.0,69.2
3054.0,108.0
3055.0,88.0
3056.0,75.4
3057.0,110.6
3058.0,84.2
3059.0,110.0
3060.0,71.4
3061.0,119.0
3062.0,91.4
3063.0,45.0
3064.0,93.8
3065.0,101.4
3066.0,74.4
3067.0,71.4
3068.0,67.8
3069.0,96.8
3070.0,82.6
3071.0,79.8
3072.0,70.8
3073.0,85.4
3074.0,97.2
3075.0,85.4
3076.0,78.6
3077.0,93.6
3078.0,103.6
3079.0,81.2
3080.0,81.8
3081.0,87.8
3082.0,87.2
3083.0,80.8
3084.0,93.8
3085.0,82.2
3086.0,74.4
3087.0,90.8
3088.0,104.8
3089.0,83.2
3090.0,62.8
3091.0,99.6
3092.0,87.0
3093.0,118.6
3094.0,102.6
3095.0,89.0
3096.0,88.4
3097.0,80.8
3098.0,75.8
3099.0,79.6
3100.0,55.4
3101.0,90.6
3102.0,91.2
3103.0,106.4
3104.0,78.4
3105.0,97.2
3106.0,104.0
3107.0,82.6
3108.0,87.4
3109.0,109.6
3110.0,73.4
3111.0,146.8
3112.0,105.8
3113.0,63.4
3114.0,58.4
3115.0,115.0
3116.0,99.4
3117.0,128.6
3118.0,111.8
3119.0,88.8
3120.0,85.4
3121.0,85.8
3122.0,97.6
3123.0,93.4
3124.0,80.8
3125.0,82.6
3126.0,111.6
3127.0,87.2
3128.0,70.4
3129.0,105.8
3130.0,65.8
3131.0,94.4
3132.0,88.2
3133.0,68.2
3134.0,57.6
3135.0,92.8
3136.0,69.8
3137.0,76.8
3138.0,85.8
3139.0,75.4
3140.0,77.8
3141.0,98.0
3142.0,107.0
3143.0,82.4
3144.0,95.2
3145.0,116.6
3146.0,102.0
3147.0,68.2
3148.0,86.2
3149.0,89.6
3150.0,97.6
3151.0,105.6
3152.0,126.6
3153.0,99.8
3154.0,71.8
3155.0,100.0
3156.0,91.2
3157.0,66.8
3158.0,71.0
3159.0,97.0
3160.0,117.0
3161.0,117.6
3162.0,89.8
3163.0,104.6
3164.0,62.4
3165.0,77.4
3166.0,82.8
3167.0,117.0
3168.0,99.4
3169.0,103.0
3170.0,73.2
3171.0,104.2
3172.0,72.4
3173.0,108.0
3174.0,97.0
3175.0,102.6
3176.0,67.6
3177.0,99.8
3178.0,74.0
3179.0,87.8
3180.0,83.0
3181.0,92.8
3182.0,92.0
3183.0,95.4
3184.0,107.8
3185.0,65.6
3186.0,97.8
3187.0,75.6
3188.0,108.8
3189.0,113.6
3190.0,58.6
3191.0,105.8
3192.0,116.4
3193.0,121.8
3194.0,72.2
3195.0,94.4
3196.0,110.8
3197.0,71.6
3198.0,85.6
3199.0,116.4
3200.0,85.0
3201.0,114.4
3202.0,155.6
3203.0,141.6
3204.0,105.2
3205.0,86.6
3206.0,77.2
3207.0,71.6
3208.0,86.4
3209.0,123.2
3210.0,86.2
3211.0,134.8
3212.0,82.0
3213.0,92.2
3214.0,113.0
3215.0,100.8
3216.0,98.6
3217.0,100.2
3218.0,110.8
3219.0,66.4
3220.0,104.8
3221.0,89.8
3222.0,158.8
3223.0,82.8
3224.0,77.0
3225.0,94.8
3226.0,95.4
3227.0,104.8
3228.0,62.0
3229.0,80.2
3230.0,80.0
3231.0,105.4
3232.0,153.0
3233.0,93.6
3234.0,94.8
3235.0,95.2
3236.0,81.6
3237.0,100.8
3238.0,97.4
3239.0,95.8
3240.0,83.8
3241.0,100.0
3242.0,96.6
3243.0,101.2
3244.0,139.2
3245.0,91.4
3246.0,72.0
3247.0,110.0
3248.0,95.0
3249.0,64.8
3250.0,105.6
3251.0,125.8
3252.0,74.6
3253.0,74.8
3254.0,82.6
3255.0,84.0
3256.0,108.0
3257.0,79.2
3258.0,76.4
3259.0,113.4
3260.0,94.4
3261.0,83.2
3262.0,107.4
3263.0,95.4
3264.0,107.4
3265.0,57.2
3266.0,85.0
3267.0,95.2
3268.0,93.0
3269.0,95.0
3270.0,100.0
3271.0,87.0
3272.0,87.0
3273.0,113.4
3274.0,95.0
3275.0,103.4
3276.0,100.8
3277.0,81.0
3278.0,95.6
3279.0,140.0
3280.0,112.4
3281.0,101.0
3282.0,93.8
3283.0,109.2
3284.0,93.2
3285.0,66.2
3286.0,85.8
3287.0,76.2
3288.0,99.4
3289.0,85.6
3290.0,83.2
3291.0,103.0
3292.0,99.2
3293.0,61.8
3294.0,74.6
3295.0,134.4
3296.0,134.4
3297.0,94.2
3298.0,75.0
3299.0,83.8
3300.0,103.2
3301.0,76.6
3302.0,84.2
3303.0,94.2
3304.0,84.4
3305.0,73.4
3306.0,104.4
3307.0,72.4
3308.0,82.6
3309.0,67.2
3310.0,113.2
3311.0,97.0
3312.0,90.6
3313.0,97.4
3314.0,69.2
3315.0,138.8
3316.0,76.2
3317.0,123.8
3318.0,88.4
3319.0,113.4
3320.0,109.0
3321.0,86.0
3322.0,87.4
3323.0,106.2
3324.0,103.8
3325.0,112.6
3326.0,90.8
3327.0,73.8
3328.0,100.6
3329.0,90.8
3330.0,122.0
3331.0,84.4
3332.0,101.6
3333.0,72.2
3334.0,88.6
3335.0,98.0
3336.0,96.8
3337.0,92.0
3338.0,91.4
3339.0,171.8
3340.0,91.4
3341.0,93.4
3342.0,96.0
3343.0,78.0
3344.0,109.2
3345.0,99.4
3346.0,95.8
3347.0,106.2
3348.0,87.2
3349.0,129.0
3350.0,114.2
3351.0,132.6
3352.0,84.0
3353.0,97.2
3354.0,88.0
3355.0,97.2
3356.0,111.0
3357.0,65.0
3358.0,116.2
3359.0,79.4
3360.0,99.2
3361.0,90.2
3362.0,101.6
3363.0,131.0
3364.0,107.8
3365.0,108.4
3366.0,87.2
3367.0,103.8
3368.0,83.4
3369.0,81.0
3370.0,93.2
3371.0,88.4
3372.0,138.0
3373.0,129.0
3374.0,93.6
3375.0,98.0
3376.0,69.4
3377.0,78.2
3378.0,85.8
3379.0,103.0
3380.0,95.8
3381.0,128.6
3382.0,97.0
3383.0,126.0
3384.0,98.0
3385.0,132.0
3386.0,133.2
3387.0,101.8
3388.0,103.4
3389.0,80.0
3390.0,101.4
3391.0,135.4
3392.0,95.4
3393.0,105.8
3394.0,80.6
3395.0,122.8
3396.0,121.0
3397.0,109.4
3398.0,75.6
3399.0,80.0
3400.0,160.2
3401.0,124.0
3402.0,102.4
3403.0,79.2
3404.0,101.0
3405.0,97.4
3406.0,134.6
3407.0,176.8
3408.0,109.2
3409.0,77.2
3410.0,98.2
3411.0,159.6
3412.0,81.4
3413.0,139.6
3414.0,99.0
3415.0,98.2
3416.0,95.0
3417.0,114.4
3418.0,89.2
3419.0,96.4
3420.0,84.8
3421.0,114.2
3422.0,77.4
3423.0,86.6
3424.0,92.6
3425.0,101.0
3426.0,100.4
3427.0,115.2
3428.0,123.6
3429.0,135.0
3430.0,90.0
3431.0,128.6
3432.0,99.8
3433.0,97.0
3434.0,99.0
3435.0,149.6
3436.0,73.4
3437.0,97.0
3438.0,134.2
3439.0,89.8
3440.0,108.6
3441.0,122.8
3442.0,78.8
3443.0,84.2
3444.0,104.4
3445.0,71.2
3446.0,79.6
3447.0,102.2
3448.0,113.6
3449.0,117.2
3450.0,80.2
3451.0,91.6
3452.0,106.2
3453.0,84.0
3454.0,98.6
3455.0,84.8
3456.0,108.2
3457.0,114.6
3458.0,136.4
3459.0,95.0
3460.0,122.8
3461.0,78.8
3462.0,106.6
3463.0,106.0
3464.0,98.4
3465.0,97.8
3466.0,80.8
3467.0,100.0
3468.0,99.8
3469.0,99.2
3470.0,75.4
3471.0,105.8
3472.0,75.0
3473.0,105.6
3474.0,120.0
3475.0,97.6
3476.0,106.6
3477.0,75.2
3478.0,118.8
3479.0,71.2
3480.0,124.8
3481.0,127.2
3482.0,135.0
3483.0,112.2
3484.0,94.6
3485.0,131.8
3486.0,85.8
3487.0,108.4
3488.0,97.8
3489.0,150.8
3490.0,108.0
3491.0,131.4
3492.0,131.6
3493.0,102.0
3494.0,128.0
3495.0,155.6
3496.0,67.4
3497.0,123.4
3498.0,64.2
3499.0,136.8
3500.0,92.8
3501.0,150.8
3502.0,133.6
3503.0,90.2
3504.0,71.8
3505.0,94.4
3506.0,107.4
3507.0,91.0
3508.0,86.8
3509.0,108.6
3510.0,105.0
3511.0,98.4
3512.0,103.6
3513.0,81.2
3514.0,86.0
3515.0,103.4
3516.0,126.8
3517.0,96.0
3518.0,93.8
3519.0,95.2
3520.0,121.6
3521.0,112.6
3522.0,147.6
3523.0,107.0
3524.0,104.8
3525.0,88.2
3526.0,125.0
3527.0,81.0
3528.0,93.8
3529.0,114.2
3530.0,117.8
3531.0,98.8
3532.0,96.6
3533.0,118.6
3534.0,111.0
3535.0,98.2
3536.0,119.4
3537.0,96.8
3538.0,140.8
3539.0,101.8
3540.0,104.2
3541.0,113.4
3542.0,89.2
3543.0,145.6
3544.0,113.6
3545.0,165.8
3546.0,106.2
3547.0,94.4
3548.0,119.4
3549.0,142.8
3550.0,116.8
3551.0,82.2
3552.0,121.8
3553.0,95.6
3554.0,90.8
3555.0,98.4
3556.0,119.6
3557.0,142.0
3558.0,134.4
3559.0,137.6
3560.0,138.6
3561.0,103.8
3562.0,103.2
3563.0,118.2
3564.0,119.2
3565.0,122.6
3566.0,90.2
3567.0,116.2
3568.0,95.8
3569.0,105.6
3570.0,126.0
3571.0,119.4
3572.0,95.0
3573.0,109.0
3574.0,108.0
3575.0,114.2
3576.0,154.8
3577.0,128.2
3578.0,98.8
3579.0,136.0
3580.0,137.0
3581.0,102.2
3582.0,85.2
3583.0,100.8
3584.0,116.4
3585.0,96.6
3586.0,102.4
3587.0,87.0
3588.0,155.2
3589.0,106.0
3590.0,98.4
3591.0,125.8
3592.0,75.4
3593.0,138.4
3594.0,94.8
3595.0,111.0
3596.0,124.6
3597.0,128.2
3598.0,152.4
3599.0,107.4
3600.0,106.6
3601.0,93.0
3602.0,155.4
3603.0,122.0
3604.0,155.8
3605.0,113.6
3606.0,147.8
3607.0,127.0
3608.0,120.4
3609.0,119.4
3610.0,100.6
3611.0,120.4
3612.0,144.4
3613.0,99.4
3614.0,108.8
3615.0,95.4
3616.0,136.2
3617.0,103.0
3618.0,133.0
3619.0,81.8
3620.0,121.4
3621.0,111.8
3622.0,151.0
3623.0,160.0
3624.0,142.6
3625.0,93.4
3626.0,127.0
3627.0,69.4
3628.0,93.6
3629.0,86.6
3630.0,88.8
3631.0,141.4
3632.0,103.4
3633.0,73.6
3634.0,114.8
3635.0,108.6
3636.0,106.0
3637.0,128.8
3638.0,102.4
3639.0,94.6
3640.0,112.2
3641.0,112.8
3642.0,78.8
3643.0,145.8
3644.0,104.8
3645.0,127.2
3646.0,116.0
3647.0,122.8
3648.0,117.8
3649.0,126.0
3650.0,82.6
3651.0,69.4
3652.0,90.2
3653.0,111.8
3654.0,95.6
3655.0,103.4
3656.0,80.2
3657.0,115.2
3658.0,117.6
3659.0,109.0
3660.0,105.2
3661.0,122.0
3662.0,148.6
3663.0,120.0
3664.0,101.4
3665.0,97.2
3666.0,117.0
3667.0,92.2
3668.0,128.8
3669.0,89.0
3670.0,119.4
3671.0,164.2
3672.0,103.0
3673.0,109.4
3674.0,99.0
3675.0,99.2
3676.0,112.8
3677.0,91.2
3678.0,86.6
3679.0,109.4
3680.0,113.4
3681.0,113.8
3682.0,99.4
3683.0,106.4
3684.0,112.4
3685.0,98.6
3686.0,131.4
3687.0,93.6
3688.0,125.2
3689.0,126.8
3690.0,112.4
3691.0,90.8
3692.0,162.8
3693.0,139.6
3694.0,129.4
3695.0,170.4
3696.0,113.8
3697.0,134.4
3698.0,98.6
3699.0,139.6
3700.0,138.4
3701.0,142.6
3702.0,107.6
3703.0,106.6
3704.0,108.8
3705.0,129.2
3706.0,94.0
3707.0,130.8
3708.0,80.2
3709.0,79.0
3710.0,176.2
3711.0,96.4
3712.0,155.2
3713.0,149.2
3714.0,137.6
3715.0,107.2
3716.0,75.4
3717.0,105.2
3718.0,118.6
3719.0,144.2
3720.0,106.6
3721.0,164.8
3722.0,101.6
3723.0,101.4
3724.0,113.4
3725.0,102.4
3726.0,109.2
3727.0,136.2
3728.0,104.4
3729.0,199.2
3730.0,157.2
3731.0,80.4
3732.0,136.8
3733.0,153.2
3734.0,107.6
3735.0,145.4
3736.0,82.6
3737.0,97.8
3738.0,85.6
3739.0,100.6
3740.0,170.2
3741.0,115.2
3742.0,101.6
3743.0,153.6
3744.0,129.4
3745.0,139.2
3746.0,119.4
3747.0,161.4
3748.0,101.0
3749.0,139.2
3750.0,91.6
3751.0,129.2
3752.0,138.0
3753.0,113.2
3754.0,105.8
3755.0,107.2
3756.0,78.4
3757.0,109.2
3758.0,122.4
3759.0,100.4
3760.0,93.8
3761.0,101.2
3762.0,133.0
3763.0,104.2
3764.0,116.0
3765.0,160.6
3766.0,173.2
3767.0,120.8
3768.0,126.0
3769.0,113.8
3770.0,131.4
3771.0,110.0
3772.0,191.6
3773.0,140.2
3774.0,116.0
3775.0,150.8
3776.0,143.4
3777.0,182.8
3778.0,107.6
3779.0,99.2
3780.0,108.0
3781.0,109.8
3782.0,154.6
3783.0,113.6
3784.0,147.4
3785.0,94.4
3786.0,136.6
3787.0,101.8
3788.0,116.6
3789.0,129.0
3790.0,124.4
3791.0,155.8
3792.0,97.2
3793.0,119.6
3794.0,158.4
3795.0,98.8
3796.0,112.2
3797.0,151.2
3798.0,131.0
3799.0,89.6
3800.0,87.4
3801.0,94.0
3802.0,123.0
3803.0,85.6
3804.0,111.8
3805.0,126.8
3806.0,140.4
3807.0,118.2
3808.0,123.4
3809.0,112.8
3810.0,112.8
3811.0,121.0
3812.0,153.2
3813.0,92.6
3814.0,88.8
3815.0,174.6
3816.0,113.2
3817.0,182.0
3818.0,85.6
3819.0,139.2
3820.0,100.2
3821.0,95.6
3822.0,133.2
3823.0,133.8
3824.0,167.4
3825.0,107.2
3826.0,95.4
3827.0,95.0
3828.0,129.2
3829.0,146.4
3830.0,115.4
3831.0,75.2
3832.0,115.2
3833.0,94.6
3834.0,139.4
3835.0,133.0
3836.0,138.0
3837.0,131.4
3838.0,144.6
3839.0,126.6
3840.0,139.8
3841.0,101.8
3842.0,99.6
3843.0,120.4
3844.0,90.0
3845.0,85.6
3846.0,114.0
3847.0,114.0
3848.0,120.2
3849.0,129.0
3850.0,147.2
3851.0,153.6
3852.0,108.8
3853.0,147.6
3854.0,127.4
3855.0,95.2
3856.0,108.0
3857.0,110.6
3858.0,98.4
3859.0,160.6
3860.0,91.4
3861.0,133.8
3862.0,118.8
3863.0,103.2
3864.0,124.6
3865.0,95.4
3866.0,91.4
3867.0,133.2
3868.0,143.2
3869.0,145.8
3870.0,112.6
3871.0,122.8
3872.0,127.4
3873.0,192.0
3874.0,100.0
3875.0,112.0
3876.0,109.0
3877.0,137.6
3878.0,183.2
3879.0,141.2
3880.0,124.2
3881.0,137.4
3882.0,188.2
3883.0,117.2
3884.0,176.4
3885.0,118.8
3886.0,126.8
3887.0,147.4
3888.0,133.0
3889.0,164.4
3890.0,119.4
3891.0,131.4
3892.0,114.4
3893.0,89.8
3894.0,126.8
3895.0,110.4
3896.0,142.4
3897.0,188.0
3898.0,126.8
3899.0,130.6
3900.0,140.8
3901.0,125.8
3902.0,154.6
3903.0,150.6
3904.0,164.8
3905.0,152.0
3906.0,179.6
3907.0,155.2
3908.0,113.8
3909.0,108.0
3910.0,149.6
3911.0,115.6
3912.0,113.4
3913.0,191.4
3914.0,143.4
3915.0,94.6
3916.0,100.0
3917.0,147.2
3918.0,135.0
3919.0,121.6
3920.0,118.4
3921.0,122.4
3922.0,116.4
3923.0,204.6
3924.0,113.8
3925.0,75.4
3926.0,127.0
3927.0,102.8
3928.0,162.0
3929.0,70.2
3930.0,107.8
3931.0,159.4
3932.0,112.8
3933.0,159.2
3934.0,141.8
3935.0,150.2
3936.0,220.6
3937.0,156.8
3938.0,149.6
3939.0,110.2
3940.0,121.4
3941.0,103.4
3942.0,110.4
3943.0,161.0
3944.0,140.4
3945.0,100.4
3946.0,129.6
3947.0,183.2
3948.0,159.8
3949.0,126.6
3950.0,122.6
3951.0,134.6
3952.0,141.8
3953.0,115.8
3954.0,128.6
3955.0,159.2
3956.0,101.4
3957.0,157.6
3958.0,152.6
3959.0,151.2
3960.0,103.2
3961.0,150.4
3962.0,144.6
3963.0,131.6
3964.0,119.8
3965.0,183.2
3966.0,121.0
3967.0,118.8
3968.0,150.6
3969.0,105.0
3970.0,118.6
3971.0,129.6
3972.0,142.8
3973.0,124.8
3974.0,136.0
3975.0,108.6
3976.0,131.2
3977.0,153.2
3978.0,184.2
3979.0,118.2
3980.0,112.6
3981.0,181.4
3982.0,133.2
3983.0,122.2
3984.0,164.8
3985.0,170.0
3986.0,173.4
3987.0,118.0
3988.0,116.0
3989.0,144.2
3990.0,133.2
3991.0,150.2
3992.0,183.0
3993.0,138.2
3994.0,110.8
3995.0,149.8
3996.0,104.0
3997.0,166.6
3998.0,98.2
3999.0,156.4
4000.0,191.6
4001.0,149.0
4002.0,103.8
4003.0,172.6
4004.0,115.4
4005.0,157.4
4006.0,172.6
4007.0,183.4
4008.0,153.8
4009.0,137.2
4010.0,181.4
4011.0,193.4
4012.0,145.2
4013.0,190.2
4014.0,124.0
4015.0,94.0
4016.0,99.2
4017.0,130.4
4018.0,144.4
4019.0,169.0
4020.0,175.4
4021.0,102.6
4022.0,155.0
4023.0,99.6
4024.0,157.6
4025.0,145.0
4026.0,138.2
4027.0,129.4
4028.0,101.6
4029.0,138.2
4030.0,140.2
4031.0,161.0
4032.0,127.0
4033.0,161.6
4034.0,113.8
4035.0,125.6
4036.0,154.0
4037.0,148.6
4038.0,174.4
4039.0,196.4
4040.0,123.8
4041.0,130.6
4042.0,136.6
4043.0,187.2
4044.0,242.2
4045.0,181.2
4046.0,125.4
4047.0,115.4
4048.0,174.8
4049.0,106.0
4050.0,84.8
4051.0,209.8
4052.0,163.6
4053.0,106.6
4054.0,162.6
4055.0,146.4
4056.0,160.4
4057.0,182.0
4058.0,151.8
4059.0,164.6
4060.0,117.0
4061.0,220.6
4062.0,170.4
4063.0,135.2
4064.0,118.6
4065.0,127.4
4066.0,120.6
4067.0,178.6
4068.0,125.2
4069.0,145.4
4070.0,80.4
4071.0,136.8
4072.0,132.6
4073.0,186.6
4074.0,192.4
4075.0,175.8
4076.0,117.4
4077.0,121.2
4078.0,157.2
4079.0,84.4
4080.0,116.2
4081.0,176.0
4082.0,121.2
4083.0,142.0
4084.0,222.6
4085.0,135.8
4086.0,112.0
4087.0,175.0
4088.0,114.6
4089.0,135.0
4090.0,164.2
4091.0,105.8
4092.0,147.2
4093.0,120.8
4094.0,171.0
4095.0,156.6
4096.0,136.4
4097.0,107.2
4098.0,154.0
4099.0,154.2
4100.0,191.4
4101.0,147.8
4102.0,140.8
4103.0,126.2
4104.0,161.4
4105.0,160.0
4106.0,168.2
4107.0,190.4
4108.0,130.2
4109.0,111.6
4110.0,114.0
4111.0,97.2
4112.0,161.6
4113.0,118.4
4114.0,122.8
4115.0,142.6
4116.0,133.2
4117.0,121.4
4118.0,207.2
4119.0,116.6
4120.0,139.2
4121.0,104.6
4122.0,140.2
4123.0,124.8
4124.0,167.2
4125.0,140.8
4126.0,136.6
4127.0,189.0
4128.0,214.4
4129.0,123.4
4130.0,161.8
4131.0,127.2
4132.0,136.2
4133.0,218.0
4134.0,93.4
4135.0,111.8
4136.0,139.4
4137.0,113.8
4138.0,141.4
4139.0,104.2
4140.0,148.0
4141.0,162.8
4142.0,123.8
4143.0,133.0
4144.0,251.0
4145.0,140.8
4146.0,130.2
4147.0,109.2
4148.0,144.4
4149.0,145.0
4150.0,141.4
4151.0,166.8
4152.0,131.6
4153.0,120.8
4154.0,161.6
4155.0,132.2
4156.0,125.0
4157.0,147.8
4158.0,131.4
4159.0,202.6
4160.0,151.2
4161.0,108.2
4162.0,152.0
4163.0,122.8
4164.0,158.8
4165.0,155.8
4166.0,140.4
4167.0,118.4
4168.0,165.2
4169.0,105.2
4170.0,133.2
4171.0,124.4
4172.0,106.8
4173.0,159.2
4174.0,154.0
4175.0,103.2
4176.0,142.4
4177.0,132.0
4178.0,102.6
4179.0,107.6
4180.0,125.2
4181.0,154.6
4182.0,160.4
4183.0,156.6
4184.0,142.4
4185.0,150.8
4186.0,98.4
4187.0,127.0
4188.0,119.2
4189.0,120.2
4190.0,209.8
4191.0,125.2
4192.0,127.6
4193.0,149.2
4194.0,125.6
4195.0,120.8
4196.0,157.6
4197.0,173.8
4198.0,146.8
4199.0,127.4
4200.0,132.0
4201.0,126.4
4202.0,139.0
4203.0,130.0
4204.0,127.2
4205.0,148.4
4206.0,226.2
4207.0,256.4
4208.0,187.8
4209.0,195.0
4210.0,121.8
4211.0,113.8
4212.0,204.4
4213.0,142.2
4214.0,172.4
4215.0,217.4
4216.0,237.2
4217.0,152.6
4218.0,209.8
4219.0,144.4
4220.0,137.2
4221.0,117.0
4222.0,145.8
4223.0,157.4
4224.0,164.8
4225.0,142.6
4226.0,153.0
4227.0,150.6
4228.0,135.6
4229.0,172.8
4230.0,96.6
4231.0,184.8
4232.0,112.4
4233.0,212.2
4234.0,131.0
4235.0,190.4
4236.0,151.8
4237.0,206.2
4238.0,129.0
4239.0,124.0
4240.0,172.0
4241.0,134.0
4242.0,199.2
4243.0,156.8
4244.0,172.6
4245.0,138.8
4246.0,211.2
4247.0,155.6
4248.0,198.8
4249.0,147.0
4250.0,139.6
4251.0,126.2
4252.0,157.0
4253.0,148.0
4254.0,157.6
4255.0,128.6
4256.0,153.8
4257.0,145.4
4258.0,145.8
4259.0,193.6
4260.0,162.0
4261.0,181.2
4262.0,196.4
4263.0,157.0
4264.0,146.6
4265.0,169.8
4266.0,128.6
4267.0,112.6
4268.0,139.6
4269.0,133.6
4270.0,173.4
4271.0,163.2
4272.0,132.4
4273.0,170.4
4274.0,197.4
4275.0,183.4
4276.0,166.4
4277.0,137.6
4278.0,176.8
4279.0,132.6
4280.0,136.0
4281.0,222.0
4282.0,160.4
4283.0,310.8
4284.0,131.8
4285.0,140.2
4286.0,134.0
4287.0,117.6
4288.0,152.8
4289.0,148.4
4290.0,153.6
4291.0,160.6
4292.0,122.6
4293.0,165.0
4294.0,307.6
4295.0,86.8
4296.0,177.0
4297.0,159.8
4298.0,138.6
4299.0,134.8
4300.0,134.0
4301.0,273.8
4302.0,177.6
4303.0,209.6
4304.0,176.2
4305.0,177.0
4306.0,162.0
4307.0,197.4
4308.0,130.0
4309.0,152.8
4310.0,187.2
4311.0,194.8
4312.0,184.2
4313.0,122.2
4314.0,180.0
4315.0,130.2
4316.0,127.8
4317.0,161.2
4318.0,156.6
4319.0,148.0
4320.0,131.8
4321.0,151.4
4322.0,231.0
4323.0,115.6
4324.0,155.0
4325.0,187.4
4326.0,203.0
4327.0,201.6
4328.0,143.0
4329.0,171.2
4330.0,171.8
4331.0,129.2
4332.0,186.4
4333.0,173.2
4334.0,134.6
4335.0,143.6
4336.0,175.0
4337.0,180.0
4338.0,148.4
4339.0,160.0
4340.0,94.8
4341.0,121.4
4342.0,153.4
4343.0,91.8
4344.0,155.6
4345.0,215.8
4346.0,198.8
4347.0,172.4
4348.0,151.4
4349.0,209.0
4350.0,146.6
4351.0,159.0
4352.0,158.4
4353.0,188.0
4354.0,174.8
4355.0,158.8
4356.0,176.6
4357.0,178.8
4358.0,154.6
4359.0,117.4
4360.0,169.8
4361.0,160.8
4362.0,127.0
4363.0,172.2
4364.0,156.0
4365.0,199.8
4366.0,124.6
4367.0,211.4
4368.0,168.2
4369.0,192.2
4370.0,216.0
4371.0,177.8
4372.0,170.6
4373.0,133.6
4374.0,232.8
4375.0,142.2
4376.0,147.6
4377.0,183.4
4378.0,102.8
4379.0,130.0
4380.0,205.0
4381.0,266.0
4382.0,153.2
4383.0,131.8
4384.0,158.6
4385.0,182.4
4386.0,176.4
4387.0,144.2
4388.0,213.0
4389.0,174.2
4390.0,141.0
4391.0,144.6
4392.0,150.8
4393.0,127.4
4394.0,155.2
4395.0,135.2
4396.0,158.4
4397.0,190.8
4398.0,131.0
4399.0,159.4
4400.0,195.4
4401.0,147.8
4402.0,225.8
4403.0,129.6
4404.0,118.6
4405.0,147.0
4406.0,139.0
4407.0,160.2
4408.0,194.8
4409.0,122.8
4410.0,332.6
4411.0,135.2
4412.0,148.4
4413.0,171.8
4414.0,159.0
4415.0,144.6
4416.0,123.0
4417.0,125.6
4418.0,117.0
4419.0,154.6
4420.0,155.4
4421.0,250.0
4422.0,172.4
4423.0,177.4
4424.0,155.8
4425.0,139.8
4426.0,140.2
4427.0,102.0
4428.0,169.8
4429.0,191.6
4430.0,154.0
4431.0,191.2
4432.0,181.2
4433.0,188.0
4434.0,142.6
4435.0,203.0
4436.0,153.6
4437.0,222.2
4438.0,234.6
4439.0,127.4
4440.0,146.0
4441.0,235.2
4442.0,173.6
4443.0,211.4
4444.0,195.0
4445.0,158.0
4446.0,132.6
4447.0,121.6
4448.0,235.2
4449.0,120.2
4450.0,199.8
4451.0,223.6
4452.0,152.6
4453.0,207.6
4454.0,203.0
4455.0,145.8
4456.0,209.2
4457.0,168.8
4458.0,172.8
4459.0,172.2
4460.0,184.6
4461.0,264.0
4462.0,205.4
4463.0,110.6
4464.0,184.2
4465.0,174.0
4466.0,249.0
4467.0,166.4
4468.0,172.0
4469.0,185.8
4470.0,216.2
4471.0,163.8
4472.0,284.4
4473.0,140.8
4474.0,132.4
4475.0,106.4
4476.0,187.6
4477.0,162.8
4478.0,230.6
4479.0,212.4
4480.0,187.0
4481.0,122.2
4482.0,162.0
4483.0,210.2
4484.0,171.2
4485.0,173.4
4486.0,183.4
4487.0,220.0
4488.0,254.6
4489.0,174.2
4490.0,155.2
4491.0,234.4
4492.0,159.4
4493.0,155.4
4494.0,175.4
4495.0,157.4
4496.0,208.4
4497.0,159.4
4498.0,161.4
4499.0,222.4
4500.0,163.8
4501.0,130.8
4502.0,145.8
4503.0,209.0
4504.0,160.6
4505.0,196.2
4506.0,190.8
4507.0,144.2
4508.0,161.0
4509.0,176.6
4510.0,180.6
4511.0,177.6
4512.0,149.6
4513.0,139.8
4514.0,144.8
4515.0,195.0
4516.0,163.2
4517.0,200.2
4518.0,170.4
4519.0,150.6
4520.0,116.0
4521.0,161.8
4522.0,176.8
4523.0,267.4
4524.0,159.4
4525.0,247.2
4526.0,165.4
4527.0,167.2
4528.0,133.6
4529.0,184.8
4530.0,183.6
4531.0,219.2
4532.0,171.2
4533.0,86.2
4534.0,229.2
4535.0,166.2
4536.0,127.6
4537.0,198.2
4538.0,187.4
4539.0,124.0
4540.0,153.8
4541.0,164.4
4542.0,186.4
4543.0,213.6
4544.0,280.2
4545.0,247.4
4546.0,213.8
4547.0,160.2
4548.0,191.8
4549.0,187.8
4550.0,179.0
4551.0,198.4
4552.0,142.2
4553.0,190.4
4554.0,184.4
4555.0,202.6
4556.0,168.8
4557.0,173.2
4558.0,124.0
4559.0,248.4
4560.0,139.8
4561.0,187.6
4562.0,133.6
4563.0,248.8
4564.0,196.8
4565.0,168.8
4566.0,190.4
4567.0,222.8
4568.0,165.8
4569.0,170.0
4570.0,183.4
4571.0,191.8
4572.0,139.6
4573.0,151.0
4574.0,195.0
4575.0,159.4
4576.0,198.8
4577.0,213.6
4578.0,199.2
4579.0,164.6
4580.0,208.6
4581.0,163.4
4582.0,237.8
4583.0,151.2
4584.0,176.0
4585.0,175.4
4586.0,202.8
4587.0,97.4
4588.0,210.8
4589.0,219.0
4590.0,175.6
4591.0,175.6
4592.0,193.4
4593.0,235.2
4594.0,212.2
4595.0,195.8
4596.0,202.6
4597.0,216.4
4598.0,189.8
4599.0,199.0
4600.0,282.4
4601.0,139.4
4602.0,251.6
4603.0,179.2
4604.0,209.0
4605.0,245.6
4606.0,167.4
4607.0,166.2
4608.0,133.0
4609.0,153.6
4610.0,169.0
4611.0,134.6
4612.0,169.6
4613.0,171.4
4614.0,148.4
4615.0,171.6
4616.0,206.8
4617.0,180.4
4618.0,177.2
4619.0,153.4
4620.0,164.2
4621.0,150.4
4622.0,178.2
4623.0,146.6
4624.0,153.4
4625.0,179.2
4626.0,193.4
4627.0,178.4
4628.0,215.6
4629.0,172.4
4630.0,139.0
4631.0,194.4
4632.0,190.6
4633.0,159.2
4634.0,146.0
4635.0,134.4
4636.0,246.6
4637.0,138.8
4638.0,237.2
4639.0,152.6
4640.0,169.0
4641.0,137.2
4642.0,181.0
4643.0,229.4
4644.0,216.2
4645.0,199.4
4646.0,203.2
4647.0,175.6
4648.0,175.4
4649.0,224.0
4650.0,109.2
4651.0,231.4
4652.0,258.6
4653.0,144.4
4654.0,187.4
4655.0,176.8
4656.0,196.8
4657.0,204.2
4658.0,165.2
4659.0,152.0
4660.0,204.4
4661.0,170.4
4662.0,247.2
4663.0,244.2
4664.0,214.2
4665.0,170.4
4666.0,170.0
4667.0,188.8
4668.0,124.6
4669.0,186.8
4670.0,207.6
4671.0,213.4
4672.0,210.8
4673.0,209.0
4674.0,121.4
4675.0,186.8
4676.0,157.2
4677.0,112.2
4678.0,148.8
4679.0,144.0
4680.0,229.8
4681.0,238.6
4682.0,167.8
4683.0,166.2
4684.0,175.2
4685.0,181.6
4686.0,185.0
4687.0,205.2
4688.0,185.8
4689.0,216.0
4690.0,192.8
4691.0,177.8
4692.0,169.6
4693.0,229.4
4694.0,213.6
4695.0,156.4
4696.0,209.8
4697.0,309.8
4698.0,175.8
4699.0,231.2
4700.0,174.2
4701.0,117.8
4702.0,153.2
4703.0,249.0
4704.0,144.0
4705.0,163.8
4706.0,184.4
4707.0,149.0
4708.0,210.0
4709.0,184.2
4710.0,211.8
4711.0,153.0
4712.0,245.6
4713.0,136.0
4714.0,162.2
4715.0,168.0
4716.0,179.4
4717.0,165.2
4718.0,179.6
4719.0,262.8
4720.0,237.6
4721.0,164.0
4722.0,162.2
4723.0,253.6
4724.0,170.4
4725.0,113.8
4726.0,201.4
4727.0,169.4
4728.0,235.6
4729.0,201.8
4730.0,195.8
4731.0,182.0
4732.0,233.2
4733.0,171.2
4734.0,143.6
4735.0,197.2
4736.0,175.6
4737.0,161.8
4738.0,262.0
4739.0,287.8
4740.0,197.8
4741.0,238.8
4742.0,171.4
4743.0,151.8
4744.0,181.6
4745.0,172.2
4746.0,237.6
4747.0,206.0
4748.0,193.8
4749.0,142.2
4750.0,223.4
4751.0,180.2
4752.0,220.2
4753.0,159.2
4754.0,160.4
4755.0,187.6
4756.0,184.6
4757.0,211.4
4758.0,231.4
4759.0,166.8
4760.0,161.6
4761.0,167.6
4762.0,209.0
4763.0,152.8
4764.0,133.0
4765.0,242.6
4766.0,215.6
4767.0,195.4
4768.0,185.2
4769.0,169.8
4770.0,198.8
4771.0,157.8
4772.0,150.2
4773.0,137.4
4774.0,226.6
4775.0,192.4
4776.0,190.0
4777.0,143.0
4778.0,161.2
4779.0,178.4
4780.0,193.4
4781.0,174.0
4782.0,236.0
4783.0,241.6
4784.0,145.4
4785.0,180.0
4786.0,175.0
4787.0,157.2
4788.0,240.0
4789.0,189.4
4790.0,201.6
4791.0,195.6
4792.0,202.4
4793.0,193.2
4794.0,184.0
4795.0,186.6
4796.0,175.2
4797.0,205.4
4798.0,273.8
4799.0,193.6
4800.0,250.6
4801.0,229.6
4802.0,192.2
4803.0,232.2
4804.0,180.4
4805.0,227.2
4806.0,233.8
4807.0,166.6
4808.0,192.4
4809.0,215.8
4810.0,284.6
4811.0,208.8
4812.0,134.4
4813.0,240.6
4814.0,184.6
4815.0,147.6
4816.0,164.6
4817.0,189.8
4818.0,188.8
4819.0,273.6
4820.0,160.2
4821.0,215.4
4822.0,195.0
4823.0,169.8
4824.0,135.2
4825.0,184.2
4826.0,164.4
4827.0,171.8
4828.0,171.0
4829.0,153.8
4830.0,266.0
4831.0,225.4
4832.0,193.4
4833.0,120.0
4834.0,176.2
4835.0,366.6
4836.0,207.8
4837.0,174.0
4838.0,170.8
4839.0,187.8
4840.0,202.2
4841.0,134.0
4842.0,135.0
4843.0,174.6
4844.0,197.6
4845.0,193.2
4846.0,209.4
4847.0,253.0
4848.0,162.8
4849.0,121.8
4850.0,159.6
4851.0,182.4
4852.0,274.2
4853.0,115.8
4854.0,278.6
4855.0,177.8
4856.0,236.0
4857.0,149.4
4858.0,193.2
4859.0,124.0
4860.0,136.4
4861.0,238.0
4862.0,218.8
4863.0,197.4
4864.0,188.2
4865.0,226.4
4866.0,170.2
4867.0,190.8
4868.0,200.2
4869.0,194.6
4870.0,223.0
4871.0,192.8
4872.0,214.2
4873.0,200.8
4874.0,238.8
4875.0,244.8
4876.0,196.4
4877.0,279.2
4878.0,204.0
4879.0,199.8
4880.0,163.4
4881.0,154.0
4882.0,246.8
4883.0,163.0
4884.0,130.0
4885.0,203.0
4886.0,254.0
4887.0,297.0
4888.0,169.2
4889.0,168.2
4890.0,273.0
4891.0,186.6
4892.0,231.8
4893.0,186.2
4894.0,186.6
4895.0,196.8
4896.0,244.4
4897.0,257.0
4898.0,215.6
4899.0,283.8
4900.0,230.8
4901.0,175.8
4902.0,155.4
4903.0,180.0
4904.0,219.8
4905.0,232.4
4906.0,170.4
4907.0,147.6
4908.0,188.2
4909.0,185.4
4910.0,198.0
4911.0,235.2
4912.0,269.0
4913.0,158.6
4914.0,159.0
4915.0,268.2
4916.0,124.0
4917.0,204.2
4918.0,161.0
4919.0,306.2
4920.0,213.8
4921.0,133.8
4922.0,254.4
4923.0,258.8
4924.0,176.4
4925.0,152.4
4926.0,136.6
4927.0,183.0
4928.0,212.8
4929.0,303.4
4930.0,189.6
4931.0,185.4
4932.0,173.6
4933.0,161.6
4934.0,315.8
4935.0,138.6
4936.0,155.6
4937.0,295.0
4938.0,236.6
4939.0,139.6
4940.0,173.8
4941.0,142.4
4942.0,310.0
4943.0,335.6
4944.0,247.0
4945.0,157.4
4946.0,132.2
4947.0,230.0
4948.0,274.8
4949.0,191.4
4950.0,164.4
4951.0,403.4
4952.0,308.2
4953.0,147.4
4954.0,175.6
4955.0,156.0
4956.0,210.8
4957.0,207.0
4958.0,160.6
4959.0,189.2
4960.0,118.4
4961.0,181.2
4962.0,135.0
4963.0,154.0
4964.0,299.6
4965.0,239.2
4966.0,190.2
4967.0,220.6
4968.0,187.2
4969.0,217.8
4970.0,216.0
4971.0,158.2
4972.0,212.2
4973.0,216.4
4974.0,204.2
4975.0,154.2
4976.0,179.8
4977.0,238.0
4978.0,300.4
4979.0,256.6
4980.0,338.2
4981.0,215.8
4982.0,293.0
4983.0,297.2
4984.0,148.4
4985.0,268.0
4986.0,216.2
4987.0,168.4
4988.0,217.4
4989.0,206.6
4990.0,271.8
4991.0,271.2
4992.0,169.8
4993.0,166.0
4994.0,213.4
4995.0,134.8
4996.0,221.6
4997.0,255.6
4998.0,271.2
4999.0,234.6
5000.0,224.2
5001.0,187.8
5002.0,173.2
5003.0,237.2
5004.0,205.0
5005.0,245.6
5006.0,188.8
5007.0,253.2
5008.0,168.2
5009.0,202.6
5010.0,254.2
5011.0,219.2
5012.0,238.6
5013.0,198.2
5014.0,183.4
5015.0,143.0
5016.0,194.0
5017.0,195.4
5018.0,186.2
5019.0,224.4
5020.0,275.2
5021.0,131.2
5022.0,166.0
5023.0,216.8
5024.0,213.8
5025.0,173.2
5026.0,242.0
5027.0,227.4
5028.0,182.2
5029.0,219.2
5030.0,243.4
5031.0,270.4
5032.0,264.0
5033.0,258.4
5034.0,171.8
5035.0,252.8
5036.0,141.8
5037.0,216.8
5038.0,184.4
5039.0,349.8
5040.0,168.2
5041.0,245.2
5042.0,161.2
5043.0,219.2
5044.0,182.8
5045.0,201.2
5046.0,188.8
5047.0,203.4
5048.0,206.2
5049.0,174.4
5050.0,247.6
5051.0,196.2
5052.0,257.0
5053.0,215.2
5054.0,243.0
5055.0,219.8
5056.0,214.6
5057.0,155.6
5058.0,217.4
5059.0,279.0
5060.0,238.4
5061.0,317.6
5062.0,179.6
5063.0,198.6
5064.0,191.4
5065.0,150.2
5066.0,194.2
5067.0,288.6
5068.0,228.8
5069.0,126.6
5070.0,197.2
5071.0,215.4
5072.0,136.2
5073.0,263.4
5074.0,175.6
5075.0,200.8
5076.0,150.2
5077.0,192.8
5078.0,236.0
5079.0,185.8
5080.0,265.2
5081.0,272.4
5082.0,208.8
5083.0,151.0
5084.0,183.8
5085.0,171.8
5086.0,312.2
5087.0,195.2
5088.0,193.6
5089.0,233.0
5090.0,202.2
5091.0,197.8
5092.0,200.6
5093.0,212.8
5094.0,188.8
5095.0,131.2
5096.0,193.6
5097.0,254.0
5098.0,194.4
5099.0,177.2
5100.0,324.2
5101.0,154.6
5102.0,326.2
5103.0,170.4
5104.0,227.6
5105.0,316.4
5106.0,157.4
5107.0,188.2
5108.0,307.8
5109.0,283.0
5110.0,199.6
5111.0,197.8
5112.0,191.0
5113.0,209.4
5114.0,237.2
5115.0,175.6
5116.0,190.0
5117.0,175.2
5118.0,208.0
5119.0,250.0
5120.0,209.0
5121.0,168.8
5122.0,216.6
5123.0,278.0
5124.0,313.6
5125.0,324.0
5126.0,226.6
5127.0,155.0
5128.0,255.8
5129.0,252.6
5130.0,224.8
5131.0,169.8
5132.0,268.4
5133.0,196.6
5134.0,201.4
5135.0,231.0
5136.0,285.0
5137.0,304.8
5138.0,203.2
5139.0,262.0
5140.0,143.6
5141.0,178.0
5142.0,275.4
5143.0,145.8
5144.0,146.2
5145.0,212.0
5146.0,187.0
5147.0,160.4
5148.0,194.0
5149.0,247.0
5150.0,221.8
5151.0,202.4
5152.0,219.2
5153.0,186.4
5154.0,165.8
5155.0,290.0
5156.0,216.4
5157.0,202.0
5158.0,244.4
5159.0,184.0
5160.0,163.6
5161.0,224.4
5162.0,175.6
5163.0,184.6
5164.0,402.2
5165.0,203.8
5166.0,252.2
5167.0,211.6
5168.0,240.6
5169.0,212.0
5170.0,218.4
5171.0,182.6
5172.0,216.8
5173.0,327.2
5174.0,206.4
5175.0,253.6
5176.0,140.4
5177.0,191.2
5178.0,181.8
5179.0,155.6
5180.0,192.0
5181.0,189.6
5182.0,201.8
5183.0,182.2
5184.0,205.8
5185.0,255.8
5186.0,242.8
5187.0,172.4
5188.0,330.2
5189.0,250.4
5190.0,338.2
5191.0,236.6
5192.0,218.4
5193.0,271.0
5194.0,284.2
5195.0,255.4
5196.0,253.4
5197.0,258.6
5198.0,201.0
5199.0,277.0
5200.0,159.0
5201.0,227.4
5202.0,289.8
5203.0,257.6
5204.0,210.6
5205.0,218.6
5206.0,195.4
5207.0,390.2
5208.0,213.4
5209.0,174.0
5210.0,256.6
5211.0,238.6
5212.0,225.0
5213.0,304.8
5214.0,323.4
5215.0,248.8
5216.0,206.2
5217.0,234.0
5218.0,173.4
5219.0,265.2
5220.0,242.4
5221.0,250.8
5222.0,191.0
5223.0,323.8
5224.0,244.2
5225.0,295.2
5226.0,210.2
5227.0,181.6
5228.0,189.6
5229.0,178.8
5230.0,231.0
5231.0,304.0
5232.0,276.0
5233.0,243.2
5234.0,153.8
5235.0,182.0
5236.0,172.4
5237.0,203.6
5238.0,198.2
5239.0,376.8
5240.0,175.8
5241.0,237.8
5242.0,270.4
5243.0,192.2
5244.0,197.4
5245.0,206.0
5246.0,221.0
5247.0,293.2
5248.0,155.6
5249.0,429.0
5250.0,259.6
5251.0,247.2
5252.0,196.8
5253.0,241.0
5254.0,249.4
5255.0,172.4
5256.0,250.2
5257.0,247.6
5258.0,192.8
5259.0,219.2
5260.0,235.6
5261.0,227.6
5262.0,238.2
5263.0,280.0
5264.0,234.8
5265.0,238.2
5266.0,298.2
5267.0,348.0
5268.0,241.2
5269.0,265.0
5270.0,193.4
5271.0,198.4
5272.0,410.4
5273.0,271.0
5274.0,292.8
5275.0,230.8
5276.0,376.0
5277.0,175.6
5278.0,167.4
5279.0,154.0
5280.0,155.0
5281.0,352.4
5282.0,347.0
5283.0,297.0
5284.0,246.8
5285.0,207.2
5286.0,245.4
5287.0,208.2
5288.0,162.8
5289.0,208.4
5290.0,277.6
5291.0,274.6
5292.0,219.4
5293.0,323.2
5294.0,311.4
5295.0,251.6
5296.0,239.6
5297.0,327.6
5298.0,187.2
5299.0,259.8
5300.0,313.0
5301.0,241.4
5302.0,244.0
5303.0,252.2
5304.0,256.0
5305.0,397.4
5306.0,236.0
5307.0,312.2
5308.0,224.4
5309.0,182.0
5310.0,254.0
5311.0,295.8
5312.0,160.2
5313.0,190.8
5314.0,245.8
5315.0,195.0
5316.0,482.2
5317.0,295.6
5318.0,239.4
5319.0,213.0
5320.0,165.6
5321.0,265.8
5322.0,258.0
5323.0,252.0
5324.0,372.0
5325.0,241.6
5326.0,259.0
5327.0,299.0
5328.0,176.8
5329.0,251.2
5330.0,200.4
5331.0,200.8
5332.0,176.4
5333.0,225.0
5334.0,186.4
5335.0,181.0
5336.0,188.2
5337.0,169.6
5338.0,322.0
5339.0,279.2
5340.0,276.8
5341.0,186.2
5342.0,280.2
5343.0,120.8
5344.0,246.6
5345.0,186.8
5346.0,174.0
5347.0,276.4
5348.0,208.4
5349.0,231.6
5350.0,225.2
5351.0,312.2
5352.0,199.2
5353.0,361.8
5354.0,233.0
5355.0,199.2
5356.0,283.8
5357.0,184.6
5358.0,266.6
5359.0,377.0
5360.0,218.2
5361.0,218.6
5362.0,230.8
5363.0,219.6
5364.0,161.6
5365.0,236.4
5366.0,319.2
5367.0,197.6
5368.0,256.6
5369.0,273.2
5370.0,233.4
5371.0,282.4
5372.0,178.0
5373.0,239.4
5374.0,343.4
5375.0,234.6
5376.0,246.6
5377.0,245.4
5378.0,190.0
5379.0,234.6
5380.0,369.2
5381.0,233.2
5382.0,225.0
5383.0,257.0
5384.0,237.2
5385.0,258.8
5386.0,443.2
5387.0,227.4
5388.0,208.6
5389.0,211.2
5390.0,245.6
5391.0,263.0
5392.0,249.0
5393.0,168.2
5394.0,232.6
5395.0,297.4
5396.0,173.4
5397.0,227.4
5398.0,253.6
5399.0,176.8
5400.0,168.8
5401.0,138.4
5402.0,281.6
5403.0,254.6
5404.0,206.2
5405.0,257.2
5406.0,259.6
5407.0,196.2
5408.0,323.4
5409.0,334.4
5410.0,330.8
5411.0,226.6
5412.0,202.6
5413.0,257.6
5414.0,202.0
5415.0,241.0
5416.0,123.0
5417.0,292.6
5418.0,256.0
5419.0,305.8
5420.0,211.2
5421.0,206.4
5422.0,216.8
5423.0,214.2
5424.0,251.6
5425.0,210.8
5426.0,264.6
5427.0,183.0
5428.0,210.2
5429.0,221.4
5430.0,245.8
5431.0,397.6
5432.0,230.0
5433.0,237.2
5434.0,270.0
5435.0,202.6
5436.0,180.6
5437.0,274.0
5438.0,337.4
5439.0,217.6
5440.0,365.0
5441.0,261.6
5442.0,351.8
5443.0,157.2
5444.0,257.6
5445.0,170.2
5446.0,324.2
5447.0,210.4
5448.0,269.4
5449.0,266.0
5450.0,202.6
5451.0,198.2
5452.0,336.6
5453.0,216.4
5454.0,304.4
5455.0,147.8
5456.0,282.4
5457.0,334.4
5458.0,241.2
5459.0,198.2
5460.0,191.2
5461.0,278.0
5462.0,176.4
5463.0,222.2
5464.0,254.2
5465.0,289.6
5466.0,175.2
5467.0,232.8
5468.0,284.6
5469.0,265.0
5470.0,280.4
5471.0,226.4
5472.0,203.8
5473.0,191.4
5474.0,204.8
5475.0,187.4
5476.0,297.8
5477.0,223.0
5478.0,338.2
5479.0,272.4
5480.0,250.0
5481.0,288.8
5482.0,352.4
5483.0,194.2
5484.0,161.4
5485.0,168.2
5486.0,268.8
5487.0,247.4
5488.0,176.6
5489.0,217.6
5490.0,220.0
5491.0,174.0
5492.0,212.8
5493.0,168.0
5494.0,251.2
5495.0,232.8
5496.0,227.0
5497.0,242.8
5498.0,360.4
5499.0,238.8
5500.0,265.6
5501.0,280.0
5502.0,225.4
5503.0,264.4
5504.0,242.6
5505.0,319.4
5506.0,203.8
5507.0,209.0
5508.0,258.2
5509.0,266.6
5510.0,129.4
5511.0,167.8
5512.0,236.0
5513.0,207.2
5514.0,236.8
5515.0,225.6
5516.0,325.2
5517.0,305.8
5518.0,313.0
5519.0,218.4
5520.0,249.2
5521.0,258.2
5522.0,183.2
5523.0,236.4
5524.0,208.2
5525.0,228.0
5526.0,150.0
5527.0,191.6
5528.0,230.0
5529.0,138.0
5530.0,256.0
5531.0,230.2
5532.0,258.2
5533.0,233.2
5534.0,380.0
5535.0,168.8
5536.0,177.2
5537.0,253.6
5538.0,244.6
5539.0,211.2
5540.0,241.4
5541.0,244.0
5542.0,235.4
5543.0,245.6
5544.0,265.2
5545.0,262.4
5546.0,237.6
5547.0,259.2
5548.0,212.0
5549.0,237.0
5550.0,232.2
5551.0,147.4
5552.0,245.2
5553.0,231.6
5554.0,204.2
5555.0,213.4
5556.0,306.4
5557.0,217.4
5558.0,222.0
5559.0,163.4
5560.0,220.4
5561.0,219.8
5562.0,237.8
5563.0,100.4
5564.0,350.8
5565.0,143.6
5566.0,271.4
5567.0,280.2
5568.0,191.4
5569.0,238.8
5570.0,383.0
5571.0,297.0
5572.0,256.4
5573.0,208.4
5574.0,187.4
5575.0,168.8
5576.0,247.8
5577.0,231.6
5578.0,395.6
5579.0,284.8
5580.0,275.4
5581.0,428.4
5582.0,229.8
5583.0,437.6
5584.0,375.6
5585.0,278.6
5586.0,323.4
5587.0,210.8
5588.0,201.6
5589.0,489.8
5590.0,182.8
5591.0,202.6
5592.0,389.4
5593.0,272.0
5594.0,188.8
5595.0,188.4
5596.0,244.4
5597.0,270.6
5598.0,222.2
5599.0,330.6
5600.0,329.8
5601.0,324.0
5602.0,281.0
5603.0,164.6
5604.0,323.6
5605.0,218.4
5606.0,182.2
5607.0,252.0
5608.0,224.0
5609.0,226.4
5610.0,228.4
5611.0,327.6
5612.0,223.4
5613.0,319.2
5614.0,211.0
5615.0,288.0
5616.0,368.6
5617.0,306.2
5618.0,242.8
5619.0,308.4
5620.0,153.8
5621.0,201.8
5622.0,282.6
5623.0,224.6
5624.0,189.4
5625.0,364.6
5626.0,272.0
5627.0,151.0
5628.0,254.6
5629.0,282.0
5630.0,348.8
5631.0,399.2
5632.0,233.6
5633.0,174.6
5634.0,240.8
5635.0,205.6
5636.0,296.2
5637.0,237.4
5638.0,354.8
5639.0,278.0
5640.0,166.6
5641.0,262.8
5642.0,180.0
5643.0,215.8
5644.0,207.4
5645.0,239.8
5646.0,199.4
5647.0,358.8
5648.0,289.6
5649.0,204.0
5650.0,233.8
5651.0,183.6
5652.0,273.2
5653.0,206.6
5654.0,224.0
5655.0,227.2
5656.0,253.2
5657.0,110.4
5658.0,233.4
5659.0,244.8
5660.0,175.4
5661.0,302.2
5662.0,165.0
5663.0,234.4
5664.0,244.0
5665.0,306.0
5666.0,300.2
5667.0,156.6
5668.0,267.6
5669.0,165.4
5670.0,266.6
5671.0,299.2
5672.0,252.0
5673.0,247.4
5674.0,293.4
5675.0,308.2
5676.0,344.2
5677.0,268.4
5678.0,223.6
5679.0,342.6
5680.0,385.0
5681.0,223.8
5682.0,226.2
5683.0,210.4
5684.0,349.8
5685.0,232.4
5686.0,319.0
5687.0,192.8
5688.0,203.4
5689.0,191.0
5690.0,434.2
5691.0,232.0
5692.0,355.8
5693.0,222.6
5694.0,308.8
5695.0,323.8
5696.0,292.8
5697.0,327.0
5698.0,408.4
5699.0,321.0
5700.0,243.2
5701.0,251.2
5702.0,168.2
5703.0,202.6
5704.0,195.8
5705.0,312.8
5706.0,204.8
5707.0,222.6
5708.0,203.2
5709.0,371.2
5710.0,348.0
5711.0,325.0
5712.0,252.6
5713.0,195.0
5714.0,268.0
5715.0,403.2
5716.0,260.8
5717.0,343.6
5718.0,179.0
5719.0,245.8
5720.0,219.4
5721.0,163.0
5722.0,313.2
5723.0,324.8
5724.0,254.0
5725.0,189.8
5726.0,275.6
5727.0,216.0
5728.0,382.0
5729.0,244.8
5730.0,177.4
5731.0,293.2
5732.0,385.4
5733.0,276.4
5734.0,241.6
5735.0,487.6
5736.0,295.2
5737.0,323.8
5738.0,405.0
5739.0,262.6
5740.0,243.0
5741.0,367.4
5742.0,280.8
5743.0,288.4
5744.0,224.6
5745.0,287.8
5746.0,359.2
5747.0,373.2
5748.0,368.4
5749.0,263.0
5750.0,416.4
5751.0,256.8
5752.0,352.2
5753.0,230.8
5754.0,332.2
5755.0,259.4
5756.0,328.6
5757.0,219.2
5758.0,392.2
5759.0,246.8
5760.0,466.0
5761.0,416.2
5762.0,251.8
5763.0,265.4
5764.0,199.8
5765.0,364.6
5766.0,276.0
5767.0,348.0
5768.0,268.8
5769.0,216.4
5770.0,242.0
5771.0,323.4
5772.0,262.6
5773.0,225.6
5774.0,265.2
5775.0,208.8
5776.0,360.6
5777.0,264.4
5778.0,267.8
5779.0,236.8
5780.0,440.0
5781.0,272.6
5782.0,387.2
5783.0,333.8
5784.0,232.8
5785.0,273.4
5786.0,227.4
5787.0,331.8
5788.0,308.0
5789.0,196.2
5790.0,416.2
5791.0,202.2
5792.0,184.2
5793.0,192.6
5794.0,288.4
5795.0,380.8
5796.0,243.4
5797.0,333.6
5798.0,278.6
5799.0,289.0
5800.0,282.6
5801.0,302.8
5802.0,260.8
5803.0,154.6
5804.0,296.2
5805.0,281.4
5806.0,383.4
5807.0,276.8
5808.0,439.6
5809.0,255.2
5810.0,384.8
5811.0,244.4
5812.0,438.4
5813.0,373.0
5814.0,239.4
5815.0,225.6
5816.0,197.2
5817.0,281.2
5818.0,357.0
5819.0,321.4
5820.0,203.6
5821.0,237.0
5822.0,288.6
5823.0,306.0
5824.0,238.2
5825.0,280.2
5826.0,218.8
5827.0,322.2
5828.0,268.0
5829.0,331.8
5830.0,226.8
5831.0,252.6
5832.0,341.4
5833.0,377.2
5834.0,306.2
5835.0,274.6
5836.0,329.6
5837.0,309.6
5838.0,301.2
5839.0,299.6
5840.0,145.2
5841.0,283.2
5842.0,340.4
5843.0,392.2
5844.0,251.0
5845.0,334.8
5846.0,285.2
5847.0,382.0
5848.0,232.6
5849.0,248.0
5850.0,314.2
5851.0,239.0
5852.0,315.4
5853.0,260.6
5854.0,332.2
5855.0,269.0
5856.0,163.6
5857.0,316.8
5858.0,218.4
5859.0,322.6
5860.0,203.8
5861.0,319.2
5862.0,301.2
5863.0,371.6
5864.0,284.4
5865.0,335.0
5866.0,330.6
5867.0,237.2
5868.0,184.2
5869.0,221.6
5870.0,235.2
5871.0,254.2
5872.0,256.2
5873.0,307.4
5874.0,208.4
5875.0,325.4
5876.0,264.6
5877.0,262.2
5878.0,172.6
5879.0,171.4
5880.0,227.0
5881.0,289.0
5882.0,232.8
5883.0,224.8
5884.0,246.2
5885.0,233.4
5886.0,197.0
5887.0,253.8
5888.0,249.2
5889.0,385.0
5890.0,266.0
5891.0,324.4
5892.0,209.4
5893.0,223.4
5894.0,339.0
5895.0,439.8
5896.0,402.0
5897.0,217.0
5898.0,420.0
5899.0,322.6
5900.0,234.2
5901.0,309.6
5902.0,249.8
5903.0,240.2
5904.0,315.2
5905.0,427.6
5906.0,315.0
5907.0,289.2
5908.0,274.6
5909.0,246.4
5910.0,433.2
5911.0,371.0
5912.0,287.8
5913.0,194.2
5914.0,241.8
5915.0,305.2
5916.0,513.8
5917.0,270.0
5918.0,343.4
5919.0,343.0
5920.0,397.6
5921.0,328.0
5922.0,278.8
5923.0,270.8
5924.0,279.0
5925.0,330.4
5926.0,211.8
5927.0,285.6
5928.0,261.4
5929.0,294.6
5930.0,176.2
5931.0,311.0
5932.0,240.2
5933.0,483.2
5934.0,343.4
5935.0,202.8
5936.0,370.4
5937.0,324.0
5938.0,281.8
5939.0,366.6
5940.0,243.8
5941.0,250.6
5942.0,231.0
5943.0,239.0
5944.0,143.8
5945.0,410.4
5946.0,366.8
5947.0,249.4
5948.0,339.2
5949.0,247.2
5950.0,259.2
5951.0,204.6
5952.0,412.2
5953.0,282.4
5954.0,502.0
5955.0,259.0
5956.0,416.6
5957.0,379.4
5958.0,251.6
5959.0,435.4
5960.0,304.8
5961.0,391.4
5962.0,311.6
5963.0,276.6
5964.0,378.8
5965.0,383.8
5966.0,298.8
5967.0,249.4
5968.0,204.0
5969.0,247.6
5970.0,247.0
5971.0,321.8
5972.0,233.8
5973.0,289.0
5974.0,237.2
5975.0,328.2
5976.0,251.2
5977.0,197.0
5978.0,357.4
5979.0,391.0
5980.0,398.8
5981.0,362.6
5982.0,245.6
5983.0,419.8
5984.0,274.2
5985.0,372.4
5986.0,303.0
5987.0,355.6
5988.0,283.4
5989.0,206.6
5990.0,250.8
5991.0,231.2
5992.0,328.4
5993.0,437.0
5994.0,201.6
5995.0,311.2
5996.0,327.6
5997.0,332.4
5998.0,315.4
5999.0,433.0
6000.0,371.6
